-- MySQL dump 10.13  Distrib 5.1.41, for debian-linux-gnu (i486)
--
-- Host: localhost    Database: eelagoas
-- ------------------------------------------------------
-- Server version	5.1.41-3ubuntu12.6-log

/*!40101 SET @OLD_CHARACTER_SET_CLIENT=@@CHARACTER_SET_CLIENT */;
/*!40101 SET @OLD_CHARACTER_SET_RESULTS=@@CHARACTER_SET_RESULTS */;
/*!40101 SET @OLD_COLLATION_CONNECTION=@@COLLATION_CONNECTION */;
/*!40101 SET NAMES utf8 */;
/*!40103 SET @OLD_TIME_ZONE=@@TIME_ZONE */;
/*!40103 SET TIME_ZONE='+00:00' */;
/*!40014 SET @OLD_UNIQUE_CHECKS=@@UNIQUE_CHECKS, UNIQUE_CHECKS=0 */;
/*!40014 SET @OLD_FOREIGN_KEY_CHECKS=@@FOREIGN_KEY_CHECKS, FOREIGN_KEY_CHECKS=0 */;
/*!40101 SET @OLD_SQL_MODE=@@SQL_MODE, SQL_MODE='NO_AUTO_VALUE_ON_ZERO' */;
/*!40111 SET @OLD_SQL_NOTES=@@SQL_NOTES, SQL_NOTES=0 */;

--
-- Table structure for table `acao`
--

DROP TABLE IF EXISTS `acao`;
/*!40101 SET @saved_cs_client     = @@character_set_client */;
/*!40101 SET character_set_client = utf8 */;
CREATE TABLE `acao` (
  `id_acao` int(11) NOT NULL AUTO_INCREMENT,
  `id_perfil` int(11) NOT NULL,
  `nome` varchar(200) NOT NULL,
  `modulo` varchar(200) NOT NULL,
  `acesso` enum('N','S') NOT NULL DEFAULT 'N',
  PRIMARY KEY (`id_acao`),
  KEY `acao_ibfk_1` (`id_perfil`),
  KEY `acao_ibfk_3` (`nome`),
  CONSTRAINT `acao_ibfk_1` FOREIGN KEY (`id_perfil`) REFERENCES `perfil` (`id_perfil`) ON DELETE CASCADE ON UPDATE CASCADE
) ENGINE=InnoDB AUTO_INCREMENT=51 DEFAULT CHARSET=latin1;
/*!40101 SET character_set_client = @saved_cs_client */;

--
-- Dumping data for table `acao`
--

LOCK TABLES `acao` WRITE;
/*!40000 ALTER TABLE `acao` DISABLE KEYS */;
INSERT INTO `acao` VALUES (1,1,'buscar','GerenciarCategoria','S'),(2,1,'editar','GerenciarCategoria','S'),(3,1,'excluir','GerenciarCategoria','S'),(4,1,'listar','GerenciarCategoria','S'),(5,1,'salvar','GerenciarCategoria','S'),(6,1,'buscar','GerenciarColeta','S'),(7,1,'editar','GerenciarColeta','S'),(8,1,'excluir','GerenciarColeta','S'),(9,1,'listar','GerenciarColeta','S'),(10,1,'salvar','GerenciarColeta','S'),(11,1,'buscar','GerenciarEspecie','S'),(12,1,'editar','GerenciarEspecie','S'),(13,1,'excluir','GerenciarEspecie','S'),(14,1,'listar','GerenciarEspecie','S'),(15,1,'salvar','GerenciarEspecie','S'),(16,1,'buscar','GerenciarLagoa','S'),(17,1,'editar','GerenciarLagoa','S'),(18,1,'excluir','GerenciarLagoa','S'),(19,1,'listar','GerenciarLagoa','S'),(20,1,'salvar','GerenciarLagoa','S'),(21,1,'buscar','GerenciarParametro','S'),(22,1,'editar','GerenciarParametro','S'),(23,1,'excluir','GerenciarParametro','S'),(24,1,'listar','GerenciarParametro','S'),(25,1,'salvar','GerenciarParametro','S'),(26,1,'buscar','GerenciarPerfil','S'),(27,1,'editar','GerenciarPerfil','S'),(28,1,'excluir','GerenciarPerfil','S'),(29,1,'listar','GerenciarPerfil','S'),(30,1,'salvar','GerenciarPerfil','S'),(31,1,'buscar','GerenciarPontoAmostral','S'),(32,1,'editar','GerenciarPontoAmostral','S'),(33,1,'excluir','GerenciarPontoAmostral','S'),(34,1,'listar','GerenciarPontoAmostral','S'),(35,1,'salvar','GerenciarPontoAmostral','S'),(36,1,'buscar','GerenciarProjeto','S'),(37,1,'editar','GerenciarProjeto','S'),(38,1,'excluir','GerenciarProjeto','S'),(39,1,'listar','GerenciarProjeto','S'),(40,1,'salvar','GerenciarProjeto','S'),(41,1,'buscar','GerenciarUsuario','S'),(42,1,'editar','GerenciarUsuario','S'),(43,1,'excluir','GerenciarUsuario','S'),(44,1,'listar','GerenciarUsuario','S'),(45,1,'salvar','GerenciarUsuario','S'),(46,1,'gerar','Relatorio','S'),(47,1,'selecionar','Relatorio','S'),(48,1,'selecionar','Importador','S'),(49,1,'verificar','Importador','S'),(50,1,'importar','Importador','S');
/*!40000 ALTER TABLE `acao` ENABLE KEYS */;
UNLOCK TABLES;

--
-- Table structure for table `categoria`
--

DROP TABLE IF EXISTS `categoria`;
/*!40101 SET @saved_cs_client     = @@character_set_client */;
/*!40101 SET character_set_client = utf8 */;
CREATE TABLE `categoria` (
  `id_categoria` int(11) NOT NULL AUTO_INCREMENT,
  `nome` varchar(100) NOT NULL,
  `e_perfil` tinyint(1) NOT NULL DEFAULT '0',
  PRIMARY KEY (`id_categoria`)
) ENGINE=InnoDB AUTO_INCREMENT=257 DEFAULT CHARSET=utf8;
/*!40101 SET character_set_client = @saved_cs_client */;

--
-- Dumping data for table `categoria`
--

LOCK TABLES `categoria` WRITE;
/*!40000 ALTER TABLE `categoria` DISABLE KEYS */;
INSERT INTO `categoria` VALUES (250,'Integrada',0),(251,'Superfície',0),(252,'Fundo',0),(253,'Perfil',1),(254,'',0),(255,'Meio',0),(256,'iii',1);
/*!40000 ALTER TABLE `categoria` ENABLE KEYS */;
UNLOCK TABLES;

--
-- Table structure for table `coleta`
--

DROP TABLE IF EXISTS `coleta`;
/*!40101 SET @saved_cs_client     = @@character_set_client */;
/*!40101 SET character_set_client = utf8 */;
CREATE TABLE `coleta` (
  `id_coleta` int(11) NOT NULL AUTO_INCREMENT,
  `id_lagoa` int(11) NOT NULL,
  `id_ponto_amostral` int(11) NOT NULL,
  `id_categoria` int(11) NOT NULL,
  `data` datetime NOT NULL,
  `tipo_periodo` enum('mensal','diario') NOT NULL DEFAULT 'mensal',
  `profundidade` float(9,2) NOT NULL DEFAULT '0.00',
  PRIMARY KEY (`id_coleta`),
  UNIQUE KEY `id_lagoa` (`id_lagoa`,`id_ponto_amostral`,`id_categoria`,`data`,`tipo_periodo`,`profundidade`),
  KEY `coleta_ibfk_2` (`id_ponto_amostral`),
  KEY `coleta_ibfk_3` (`id_categoria`),
  CONSTRAINT `coleta_ibfk_1` FOREIGN KEY (`id_lagoa`) REFERENCES `lagoa` (`id_lagoa`) ON DELETE CASCADE ON UPDATE CASCADE,
  CONSTRAINT `coleta_ibfk_2` FOREIGN KEY (`id_ponto_amostral`) REFERENCES `ponto_amostral` (`id_ponto_amostral`) ON DELETE CASCADE ON UPDATE CASCADE,
  CONSTRAINT `coleta_ibfk_3` FOREIGN KEY (`id_categoria`) REFERENCES `categoria` (`id_categoria`) ON DELETE CASCADE ON UPDATE CASCADE
) ENGINE=InnoDB AUTO_INCREMENT=11790 DEFAULT CHARSET=utf8;
/*!40101 SET character_set_client = @saved_cs_client */;

--
-- Dumping data for table `coleta`
--

LOCK TABLES `coleta` WRITE;
/*!40000 ALTER TABLE `coleta` DISABLE KEYS */;
INSERT INTO `coleta` VALUES (10144,285,863,250,'2000-01-01 16:00:00','diario',0.00),(10156,285,863,250,'2000-02-01 09:00:00','diario',0.00),(10168,285,863,250,'2000-03-01 09:00:00','diario',0.00),(10176,285,863,250,'2000-04-01 11:00:00','diario',0.00),(10191,285,863,250,'2000-05-01 11:00:00','diario',0.00),(10201,285,863,250,'2000-06-01 14:00:00','diario',0.00),(10212,285,863,250,'2000-07-01 16:00:00','diario',0.00),(10225,285,863,250,'2000-08-01 11:00:00','diario',0.00),(10234,285,863,250,'2000-09-01 12:00:00','diario',0.00),(10245,285,863,250,'2000-10-01 08:00:00','diario',0.00),(10271,285,863,250,'2000-11-01 10:00:00','diario',0.00),(10257,285,863,250,'2000-11-01 15:00:00','diario',0.00),(10145,285,863,251,'2000-01-01 16:00:00','diario',0.00),(10157,285,863,251,'2000-02-01 09:00:00','diario',0.00),(10169,285,863,251,'2000-03-01 09:00:00','diario',0.00),(10177,285,863,251,'2000-04-01 11:00:00','diario',0.00),(10192,285,863,251,'2000-05-01 11:00:00','diario',0.00),(10202,285,863,251,'2000-06-01 14:00:00','diario',0.00),(10213,285,863,251,'2000-07-01 16:00:00','diario',0.00),(10226,285,863,251,'2000-08-01 11:00:00','diario',0.00),(10235,285,863,251,'2000-09-01 12:00:00','diario',0.00),(10246,285,863,251,'2000-10-01 08:00:00','diario',0.00),(10272,285,863,251,'2000-11-01 10:00:00','diario',0.00),(10258,285,863,251,'2000-11-01 15:00:00','diario',0.00),(10146,285,863,252,'2000-01-01 16:00:00','diario',0.00),(10178,285,863,252,'2000-04-01 11:00:00','diario',0.00),(10193,285,863,252,'2000-05-01 11:00:00','diario',0.00),(10247,285,863,252,'2000-10-01 08:00:00','diario',0.00),(10285,285,863,253,'2000-01-01 16:00:00','diario',0.00),(10286,285,863,253,'2000-01-01 16:00:00','diario',0.10),(10287,285,863,253,'2000-01-01 16:00:00','diario',0.20),(10288,285,863,253,'2000-01-01 16:00:00','diario',0.30),(10289,285,863,253,'2000-01-01 16:00:00','diario',0.40),(10290,285,863,253,'2000-01-01 16:00:00','diario',0.50),(10291,285,863,253,'2000-01-01 16:00:00','diario',0.60),(10292,285,863,253,'2000-01-01 16:00:00','diario',0.70),(10293,285,863,253,'2000-01-01 16:00:00','diario',0.80),(10294,285,863,253,'2000-01-01 16:00:00','diario',0.90),(10295,285,863,253,'2000-01-01 16:00:00','diario',1.00),(10352,285,863,253,'2000-02-01 09:00:00','diario',0.00),(10353,285,863,253,'2000-02-01 09:00:00','diario',0.10),(10354,285,863,253,'2000-02-01 09:00:00','diario',0.20),(10355,285,863,253,'2000-02-01 09:00:00','diario',0.30),(10356,285,863,253,'2000-02-01 09:00:00','diario',0.40),(10357,285,863,253,'2000-02-01 09:00:00','diario',0.50),(10358,285,863,253,'2000-02-01 09:00:00','diario',0.60),(10421,285,863,253,'2000-03-01 09:00:00','diario',0.00),(10422,285,863,253,'2000-03-01 09:00:00','diario',0.50),(10423,285,863,253,'2000-03-01 09:00:00','diario',1.00),(10433,285,863,253,'2000-04-01 11:00:00','diario',0.00),(10434,285,863,253,'2000-04-01 11:00:00','diario',0.10),(10435,285,863,253,'2000-04-01 11:00:00','diario',0.20),(10436,285,863,253,'2000-04-01 11:00:00','diario',0.30),(10437,285,863,253,'2000-04-01 11:00:00','diario',0.40),(10438,285,863,253,'2000-04-01 11:00:00','diario',0.50),(10439,285,863,253,'2000-04-01 11:00:00','diario',0.60),(10440,285,863,253,'2000-04-01 11:00:00','diario',0.70),(10441,285,863,253,'2000-04-01 11:00:00','diario',0.80),(10442,285,863,253,'2000-04-01 11:00:00','diario',0.90),(10443,285,863,253,'2000-04-01 11:00:00','diario',1.00),(10444,285,863,253,'2000-04-01 11:00:00','diario',1.10),(10445,285,863,253,'2000-04-01 11:00:00','diario',1.20),(10532,285,863,253,'2000-05-01 11:00:00','diario',0.00),(10533,285,863,253,'2000-05-01 11:00:00','diario',0.10),(10534,285,863,253,'2000-05-01 11:00:00','diario',0.20),(10535,285,863,253,'2000-05-01 11:00:00','diario',0.30),(10536,285,863,253,'2000-05-01 11:00:00','diario',0.40),(10537,285,863,253,'2000-05-01 11:00:00','diario',0.50),(10538,285,863,253,'2000-05-01 11:00:00','diario',0.60),(10539,285,863,253,'2000-05-01 11:00:00','diario',0.70),(10540,285,863,253,'2000-05-01 11:00:00','diario',0.80),(10541,285,863,253,'2000-05-01 11:00:00','diario',0.90),(10569,285,863,253,'2000-06-01 14:00:00','diario',0.00),(10570,285,863,253,'2000-06-01 14:00:00','diario',0.10),(10571,285,863,253,'2000-06-01 14:00:00','diario',0.20),(10572,285,863,253,'2000-06-01 14:00:00','diario',0.30),(10573,285,863,253,'2000-06-01 14:00:00','diario',0.40),(10574,285,863,253,'2000-06-01 14:00:00','diario',0.50),(10575,285,863,253,'2000-06-01 14:00:00','diario',0.60),(10576,285,863,253,'2000-06-01 14:00:00','diario',0.70),(10577,285,863,253,'2000-06-01 14:00:00','diario',0.80),(10627,285,863,253,'2000-07-01 16:00:00','diario',0.00),(10628,285,863,253,'2000-07-01 16:00:00','diario',0.10),(10629,285,863,253,'2000-07-01 16:00:00','diario',0.20),(10630,285,863,253,'2000-07-01 16:00:00','diario',0.30),(10631,285,863,253,'2000-07-01 16:00:00','diario',0.40),(10632,285,863,253,'2000-07-01 16:00:00','diario',0.50),(10633,285,863,253,'2000-07-01 16:00:00','diario',0.60),(10634,285,863,253,'2000-07-01 16:00:00','diario',0.70),(10635,285,863,253,'2000-07-01 16:00:00','diario',0.80),(10681,285,863,253,'2000-08-01 11:00:00','diario',0.00),(10682,285,863,253,'2000-08-01 11:00:00','diario',0.10),(10683,285,863,253,'2000-08-01 11:00:00','diario',0.20),(10684,285,863,253,'2000-08-01 11:00:00','diario',0.30),(10685,285,863,253,'2000-08-01 11:00:00','diario',0.40),(10686,285,863,253,'2000-08-01 11:00:00','diario',0.50),(10687,285,863,253,'2000-08-01 11:00:00','diario',0.60),(10688,285,863,253,'2000-08-01 11:00:00','diario',0.70),(10725,285,863,253,'2000-09-01 12:00:00','diario',0.00),(10726,285,863,253,'2000-09-01 12:00:00','diario',0.10),(10727,285,863,253,'2000-09-01 12:00:00','diario',0.20),(10728,285,863,253,'2000-09-01 12:00:00','diario',0.30),(10729,285,863,253,'2000-09-01 12:00:00','diario',0.40),(10730,285,863,253,'2000-09-01 12:00:00','diario',0.50),(10731,285,863,253,'2000-09-01 12:00:00','diario',0.60),(10732,285,863,253,'2000-09-01 12:00:00','diario',0.70),(10733,285,863,253,'2000-09-01 12:00:00','diario',0.80),(10774,285,863,253,'2000-10-01 08:00:00','diario',0.00),(10775,285,863,253,'2000-10-01 08:00:00','diario',0.10),(10776,285,863,253,'2000-10-01 08:00:00','diario',0.20),(10777,285,863,253,'2000-10-01 08:00:00','diario',0.30),(10778,285,863,253,'2000-10-01 08:00:00','diario',0.40),(10779,285,863,253,'2000-10-01 08:00:00','diario',0.50),(10780,285,863,253,'2000-10-01 08:00:00','diario',0.60),(10781,285,863,253,'2000-10-01 08:00:00','diario',0.70),(10782,285,863,253,'2000-10-01 08:00:00','diario',0.80),(10783,285,863,253,'2000-10-01 08:00:00','diario',0.90),(10784,285,863,253,'2000-10-01 08:00:00','diario',1.00),(10785,285,863,253,'2000-10-01 08:00:00','diario',1.10),(10786,285,863,253,'2000-10-01 08:00:00','diario',1.20),(10787,285,863,253,'2000-10-01 08:00:00','diario',1.30),(10908,285,863,253,'2000-11-01 10:00:00','diario',0.00),(10909,285,863,253,'2000-11-01 10:00:00','diario',0.10),(10910,285,863,253,'2000-11-01 10:00:00','diario',0.20),(10911,285,863,253,'2000-11-01 10:00:00','diario',0.30),(10912,285,863,253,'2000-11-01 10:00:00','diario',0.40),(10913,285,863,253,'2000-11-01 10:00:00','diario',0.50),(10914,285,863,253,'2000-11-01 10:00:00','diario',0.60),(10915,285,863,253,'2000-11-01 10:00:00','diario',0.70),(10916,285,863,253,'2000-11-01 10:00:00','diario',0.80),(10917,285,863,253,'2000-11-01 10:00:00','diario',0.90),(10834,285,863,253,'2000-11-01 15:00:00','diario',0.00),(10835,285,863,253,'2000-11-01 15:00:00','diario',0.10),(10836,285,863,253,'2000-11-01 15:00:00','diario',0.20),(10837,285,863,253,'2000-11-01 15:00:00','diario',0.30),(10838,285,863,253,'2000-11-01 15:00:00','diario',0.40),(10839,285,863,253,'2000-11-01 15:00:00','diario',0.50),(10840,285,863,253,'2000-11-01 15:00:00','diario',0.60),(10841,285,863,253,'2000-11-01 15:00:00','diario',0.70),(10842,285,863,253,'2000-11-01 15:00:00','diario',0.80),(10843,285,863,253,'2000-11-01 15:00:00','diario',0.90),(10844,285,863,253,'2000-11-01 15:00:00','diario',1.00),(10147,285,864,250,'2000-01-01 16:00:00','diario',0.00),(10158,285,864,250,'2000-02-01 09:00:00','diario',0.00),(10170,285,864,250,'2000-03-01 08:00:00','diario',0.00),(10179,285,864,250,'2000-04-01 10:00:00','diario',0.00),(10194,285,864,250,'2000-05-01 11:00:00','diario',0.00),(10203,285,864,250,'2000-06-01 14:00:00','diario',0.00),(10214,285,864,250,'2000-07-01 16:00:00','diario',0.00),(10223,285,864,250,'2000-08-01 10:00:00','diario',0.00),(10236,285,864,250,'2000-09-01 11:00:00','diario',0.00),(10248,285,864,250,'2000-10-01 11:00:00','diario',0.00),(10259,285,864,250,'2000-11-01 16:00:00','diario',0.00),(10275,285,864,250,'2000-12-01 10:00:00','diario',0.00),(10148,285,864,251,'2000-01-01 16:00:00','diario',0.00),(10159,285,864,251,'2000-02-01 09:00:00','diario',0.00),(10171,285,864,251,'2000-03-01 08:00:00','diario',0.00),(10180,285,864,251,'2000-04-01 10:00:00','diario',0.00),(10195,285,864,251,'2000-05-01 11:00:00','diario',0.00),(10204,285,864,251,'2000-06-01 14:00:00','diario',0.00),(10215,285,864,251,'2000-07-01 16:00:00','diario',0.00),(10224,285,864,251,'2000-08-01 10:00:00','diario',0.00),(10237,285,864,251,'2000-09-01 11:00:00','diario',0.00),(10249,285,864,251,'2000-10-01 11:00:00','diario',0.00),(10260,285,864,251,'2000-11-01 16:00:00','diario',0.00),(10276,285,864,251,'2000-12-01 10:00:00','diario',0.00),(10296,285,864,253,'2000-01-01 16:00:00','diario',0.00),(10297,285,864,253,'2000-01-01 16:00:00','diario',0.10),(10298,285,864,253,'2000-01-01 16:00:00','diario',0.20),(10299,285,864,253,'2000-01-01 16:00:00','diario',0.30),(10300,285,864,253,'2000-01-01 16:00:00','diario',0.40),(10301,285,864,253,'2000-01-01 16:00:00','diario',0.50),(10302,285,864,253,'2000-01-01 16:00:00','diario',0.60),(10303,285,864,253,'2000-01-01 16:00:00','diario',0.70),(10359,285,864,253,'2000-02-01 09:00:00','diario',0.00),(10360,285,864,253,'2000-02-01 09:00:00','diario',0.10),(10361,285,864,253,'2000-02-01 09:00:00','diario',0.20),(10362,285,864,253,'2000-02-01 09:00:00','diario',0.30),(10363,285,864,253,'2000-02-01 09:00:00','diario',0.40),(10364,285,864,253,'2000-02-01 09:00:00','diario',0.50),(10365,285,864,253,'2000-02-01 09:00:00','diario',0.60),(10366,285,864,253,'2000-02-01 09:00:00','diario',0.70),(10367,285,864,253,'2000-02-01 09:00:00','diario',0.80),(10368,285,864,253,'2000-02-01 09:00:00','diario',0.90),(10424,285,864,253,'2000-03-01 08:00:00','diario',0.00),(10425,285,864,253,'2000-03-01 08:00:00','diario',0.40),(10426,285,864,253,'2000-03-01 08:00:00','diario',0.70),(10446,285,864,253,'2000-04-01 10:00:00','diario',0.00),(10447,285,864,253,'2000-04-01 10:00:00','diario',0.10),(10448,285,864,253,'2000-04-01 10:00:00','diario',0.20),(10449,285,864,253,'2000-04-01 10:00:00','diario',0.30),(10450,285,864,253,'2000-04-01 10:00:00','diario',0.40),(10451,285,864,253,'2000-04-01 10:00:00','diario',0.50),(10452,285,864,253,'2000-04-01 10:00:00','diario',0.60),(10453,285,864,253,'2000-04-01 10:00:00','diario',0.70),(10454,285,864,253,'2000-04-01 10:00:00','diario',0.80),(10542,285,864,253,'2000-05-01 11:00:00','diario',0.00),(10543,285,864,253,'2000-05-01 11:00:00','diario',0.10),(10544,285,864,253,'2000-05-01 11:00:00','diario',0.20),(10545,285,864,253,'2000-05-01 11:00:00','diario',0.30),(10546,285,864,253,'2000-05-01 11:00:00','diario',0.40),(10547,285,864,253,'2000-05-01 11:00:00','diario',0.50),(10548,285,864,253,'2000-05-01 11:00:00','diario',0.60),(10578,285,864,253,'2000-06-01 14:00:00','diario',0.00),(10579,285,864,253,'2000-06-01 14:00:00','diario',0.10),(10580,285,864,253,'2000-06-01 14:00:00','diario',0.20),(10581,285,864,253,'2000-06-01 14:00:00','diario',0.30),(10582,285,864,253,'2000-06-01 14:00:00','diario',0.40),(10583,285,864,253,'2000-06-01 14:00:00','diario',0.50),(10636,285,864,253,'2000-07-01 16:00:00','diario',0.00),(10637,285,864,253,'2000-07-01 16:00:00','diario',0.10),(10638,285,864,253,'2000-07-01 16:00:00','diario',0.20),(10639,285,864,253,'2000-07-01 16:00:00','diario',0.30),(10640,285,864,253,'2000-07-01 16:00:00','diario',0.40),(10676,285,864,253,'2000-08-01 10:00:00','diario',0.00),(10677,285,864,253,'2000-08-01 10:00:00','diario',0.10),(10678,285,864,253,'2000-08-01 10:00:00','diario',0.20),(10679,285,864,253,'2000-08-01 10:00:00','diario',0.30),(10680,285,864,253,'2000-08-01 10:00:00','diario',0.40),(10734,285,864,253,'2000-09-01 11:00:00','diario',0.00),(10735,285,864,253,'2000-09-01 11:00:00','diario',0.10),(10736,285,864,253,'2000-09-01 11:00:00','diario',0.20),(10737,285,864,253,'2000-09-01 11:00:00','diario',0.30),(10738,285,864,253,'2000-09-01 11:00:00','diario',0.40),(10739,285,864,253,'2000-09-01 11:00:00','diario',0.50),(10788,285,864,253,'2000-10-01 11:00:00','diario',0.00),(10789,285,864,253,'2000-10-01 11:00:00','diario',0.10),(10790,285,864,253,'2000-10-01 11:00:00','diario',0.20),(10791,285,864,253,'2000-10-01 11:00:00','diario',0.30),(10792,285,864,253,'2000-10-01 11:00:00','diario',0.40),(10793,285,864,253,'2000-10-01 11:00:00','diario',0.50),(10794,285,864,253,'2000-10-01 11:00:00','diario',0.60),(10845,285,864,253,'2000-11-01 16:00:00','diario',0.00),(10846,285,864,253,'2000-11-01 16:00:00','diario',0.10),(10847,285,864,253,'2000-11-01 16:00:00','diario',0.20),(10848,285,864,253,'2000-11-01 16:00:00','diario',0.30),(10849,285,864,253,'2000-11-01 16:00:00','diario',0.40),(10850,285,864,253,'2000-11-01 16:00:00','diario',0.50),(10851,285,864,253,'2000-11-01 16:00:00','diario',0.60),(10928,285,864,253,'2000-12-01 10:00:00','diario',0.00),(10929,285,864,253,'2000-12-01 10:00:00','diario',0.10),(10930,285,864,253,'2000-12-01 10:00:00','diario',0.20),(10931,285,864,253,'2000-12-01 10:00:00','diario',0.30),(10932,285,864,253,'2000-12-01 10:00:00','diario',0.40),(10933,285,864,253,'2000-12-01 10:00:00','diario',0.50),(10934,285,864,253,'2000-12-01 10:00:00','diario',0.60),(10935,285,864,253,'2000-12-01 10:00:00','diario',0.70),(10936,285,864,253,'2000-12-01 10:00:00','diario',0.80),(10149,285,865,250,'2000-01-01 14:00:00','diario',0.00),(10160,285,865,250,'2000-02-01 11:00:00','diario',0.00),(10172,285,865,250,'2000-03-01 08:00:00','diario',0.00),(10181,285,865,250,'2000-04-01 08:00:00','diario',0.00),(10196,285,865,250,'2000-05-01 09:00:00','diario',0.00),(10205,285,865,250,'2000-06-01 13:00:00','diario',0.00),(10216,285,865,250,'2000-07-01 14:00:00','diario',0.00),(10227,285,865,250,'2000-08-01 09:00:00','diario',0.00),(10238,285,865,250,'2000-09-01 10:00:00','diario',0.00),(10250,285,865,250,'2000-10-01 09:00:00','diario',0.00),(10261,285,865,250,'2000-11-01 17:00:00','diario',0.00),(10273,285,865,250,'2000-12-01 09:00:00','diario',0.00),(10150,285,865,251,'2000-01-01 14:00:00','diario',0.00),(10161,285,865,251,'2000-02-01 11:00:00','diario',0.00),(10173,285,865,251,'2000-03-01 08:00:00','diario',0.00),(10182,285,865,251,'2000-04-01 08:00:00','diario',0.00),(10197,285,865,251,'2000-05-01 09:00:00','diario',0.00),(10206,285,865,251,'2000-06-01 13:00:00','diario',0.00),(10217,285,865,251,'2000-07-01 14:00:00','diario',0.00),(10228,285,865,251,'2000-08-01 09:00:00','diario',0.00),(10239,285,865,251,'2000-09-01 10:00:00','diario',0.00),(10251,285,865,251,'2000-10-01 09:00:00','diario',0.00),(10262,285,865,251,'2000-11-01 17:00:00','diario',0.00),(10274,285,865,251,'2000-12-01 09:00:00','diario',0.00),(10304,285,865,253,'2000-01-01 14:00:00','diario',0.00),(10305,285,865,253,'2000-01-01 14:00:00','diario',0.10),(10306,285,865,253,'2000-01-01 14:00:00','diario',0.20),(10307,285,865,253,'2000-01-01 14:00:00','diario',0.30),(10308,285,865,253,'2000-01-01 14:00:00','diario',0.40),(10309,285,865,253,'2000-01-01 14:00:00','diario',0.50),(10310,285,865,253,'2000-01-01 14:00:00','diario',0.60),(10311,285,865,253,'2000-01-01 14:00:00','diario',0.70),(10312,285,865,253,'2000-01-01 14:00:00','diario',0.80),(10369,285,865,253,'2000-02-01 11:00:00','diario',0.00),(10370,285,865,253,'2000-02-01 11:00:00','diario',0.10),(10371,285,865,253,'2000-02-01 11:00:00','diario',0.20),(10372,285,865,253,'2000-02-01 11:00:00','diario',0.30),(10373,285,865,253,'2000-02-01 11:00:00','diario',0.40),(10374,285,865,253,'2000-02-01 11:00:00','diario',0.50),(10375,285,865,253,'2000-02-01 11:00:00','diario',0.60),(10376,285,865,253,'2000-02-01 11:00:00','diario',0.70),(10377,285,865,253,'2000-02-01 11:00:00','diario',0.80),(10427,285,865,253,'2000-03-01 08:00:00','diario',0.00),(10428,285,865,253,'2000-03-01 08:00:00','diario',0.20),(10429,285,865,253,'2000-03-01 08:00:00','diario',0.40),(10455,285,865,253,'2000-04-01 08:00:00','diario',0.00),(10456,285,865,253,'2000-04-01 08:00:00','diario',0.10),(10457,285,865,253,'2000-04-01 08:00:00','diario',0.20),(10458,285,865,253,'2000-04-01 08:00:00','diario',0.30),(10459,285,865,253,'2000-04-01 08:00:00','diario',0.40),(10460,285,865,253,'2000-04-01 08:00:00','diario',0.50),(10461,285,865,253,'2000-04-01 08:00:00','diario',0.60),(10462,285,865,253,'2000-04-01 08:00:00','diario',0.70),(10463,285,865,253,'2000-04-01 08:00:00','diario',0.80),(10464,285,865,253,'2000-04-01 08:00:00','diario',0.90),(10549,285,865,253,'2000-05-01 09:00:00','diario',0.00),(10550,285,865,253,'2000-05-01 09:00:00','diario',0.10),(10551,285,865,253,'2000-05-01 09:00:00','diario',0.20),(10552,285,865,253,'2000-05-01 09:00:00','diario',0.30),(10553,285,865,253,'2000-05-01 09:00:00','diario',0.40),(10554,285,865,253,'2000-05-01 09:00:00','diario',0.50),(10555,285,865,253,'2000-05-01 09:00:00','diario',0.60),(10556,285,865,253,'2000-05-01 09:00:00','diario',0.70),(10584,285,865,253,'2000-06-01 13:00:00','diario',0.00),(10585,285,865,253,'2000-06-01 13:00:00','diario',0.10),(10586,285,865,253,'2000-06-01 13:00:00','diario',0.20),(10587,285,865,253,'2000-06-01 13:00:00','diario',0.30),(10641,285,865,253,'2000-07-01 14:00:00','diario',0.00),(10642,285,865,253,'2000-07-01 14:00:00','diario',0.10),(10643,285,865,253,'2000-07-01 14:00:00','diario',0.20),(10644,285,865,253,'2000-07-01 14:00:00','diario',0.30),(10689,285,865,253,'2000-08-01 09:00:00','diario',0.00),(10690,285,865,253,'2000-08-01 09:00:00','diario',0.10),(10691,285,865,253,'2000-08-01 09:00:00','diario',0.20),(10692,285,865,253,'2000-08-01 09:00:00','diario',0.30),(10693,285,865,253,'2000-08-01 09:00:00','diario',0.40),(10740,285,865,253,'2000-09-01 10:00:00','diario',0.00),(10741,285,865,253,'2000-09-01 10:00:00','diario',0.10),(10742,285,865,253,'2000-09-01 10:00:00','diario',0.20),(10743,285,865,253,'2000-09-01 10:00:00','diario',0.30),(10744,285,865,253,'2000-09-01 10:00:00','diario',0.40),(10795,285,865,253,'2000-10-01 09:00:00','diario',0.00),(10796,285,865,253,'2000-10-01 09:00:00','diario',0.10),(10797,285,865,253,'2000-10-01 09:00:00','diario',0.20),(10798,285,865,253,'2000-10-01 09:00:00','diario',0.30),(10799,285,865,253,'2000-10-01 09:00:00','diario',0.40),(10852,285,865,253,'2000-11-01 17:00:00','diario',0.00),(10853,285,865,253,'2000-11-01 17:00:00','diario',0.10),(10854,285,865,253,'2000-11-01 17:00:00','diario',0.20),(10855,285,865,253,'2000-11-01 17:00:00','diario',0.30),(10856,285,865,253,'2000-11-01 17:00:00','diario',0.40),(10918,285,865,253,'2000-12-01 09:00:00','diario',0.00),(10919,285,865,253,'2000-12-01 09:00:00','diario',0.10),(10920,285,865,253,'2000-12-01 09:00:00','diario',0.20),(10921,285,865,253,'2000-12-01 09:00:00','diario',0.30),(10922,285,865,253,'2000-12-01 09:00:00','diario',0.40),(10923,285,865,253,'2000-12-01 09:00:00','diario',0.50),(10924,285,865,253,'2000-12-01 09:00:00','diario',0.60),(10925,285,865,253,'2000-12-01 09:00:00','diario',0.70),(10926,285,865,253,'2000-12-01 09:00:00','diario',0.80),(10927,285,865,253,'2000-12-01 09:00:00','diario',0.90),(10151,285,866,250,'2000-01-01 15:00:00','diario',0.00),(10162,285,866,250,'2000-02-01 10:00:00','diario',0.00),(10174,285,866,250,'2000-03-01 07:00:00','diario',0.00),(10183,285,866,250,'2000-04-01 09:00:00','diario',0.00),(10198,285,866,250,'2000-05-01 09:00:00','diario',0.00),(10207,285,866,250,'2000-06-01 14:00:00','diario',0.00),(10218,285,866,250,'2000-07-01 15:00:00','diario',0.00),(10229,285,866,250,'2000-08-01 10:00:00','diario',0.00),(10240,285,866,250,'2000-09-01 11:00:00','diario',0.00),(10252,285,866,250,'2000-10-01 10:00:00','diario',0.00),(10263,285,866,250,'2000-11-01 18:00:00','diario',0.00),(10277,285,866,250,'2000-12-01 09:00:00','diario',0.00),(10152,285,866,251,'2000-01-01 15:00:00','diario',0.00),(10163,285,866,251,'2000-02-01 10:00:00','diario',0.00),(10175,285,866,251,'2000-03-01 07:00:00','diario',0.00),(10184,285,866,251,'2000-04-01 09:00:00','diario',0.00),(10199,285,866,251,'2000-05-01 09:00:00','diario',0.00),(10208,285,866,251,'2000-06-01 14:00:00','diario',0.00),(10219,285,866,251,'2000-07-01 15:00:00','diario',0.00),(10230,285,866,251,'2000-08-01 10:00:00','diario',0.00),(10241,285,866,251,'2000-09-01 11:00:00','diario',0.00),(10253,285,866,251,'2000-10-01 10:00:00','diario',0.00),(10264,285,866,251,'2000-11-01 18:00:00','diario',0.00),(10278,285,866,251,'2000-12-01 09:00:00','diario',0.00),(10164,285,866,252,'2000-02-01 10:00:00','diario',0.00),(10185,285,866,252,'2000-04-01 09:00:00','diario',0.00),(10200,285,866,252,'2000-05-01 09:00:00','diario',0.00),(10265,285,866,252,'2000-11-01 18:00:00','diario',0.00),(10279,285,866,252,'2000-12-01 09:00:00','diario',0.00),(10313,285,866,253,'2000-01-01 15:00:00','diario',0.00),(10314,285,866,253,'2000-01-01 15:00:00','diario',0.10),(10315,285,866,253,'2000-01-01 15:00:00','diario',0.20),(10316,285,866,253,'2000-01-01 15:00:00','diario',0.30),(10317,285,866,253,'2000-01-01 15:00:00','diario',0.40),(10318,285,866,253,'2000-01-01 15:00:00','diario',0.50),(10319,285,866,253,'2000-01-01 15:00:00','diario',0.60),(10320,285,866,253,'2000-01-01 15:00:00','diario',0.70),(10321,285,866,253,'2000-01-01 15:00:00','diario',0.80),(10378,285,866,253,'2000-02-01 10:00:00','diario',0.00),(10379,285,866,253,'2000-02-01 10:00:00','diario',0.10),(10380,285,866,253,'2000-02-01 10:00:00','diario',0.20),(10381,285,866,253,'2000-02-01 10:00:00','diario',0.30),(10382,285,866,253,'2000-02-01 10:00:00','diario',0.40),(10383,285,866,253,'2000-02-01 10:00:00','diario',0.50),(10384,285,866,253,'2000-02-01 10:00:00','diario',0.60),(10385,285,866,253,'2000-02-01 10:00:00','diario',0.70),(10386,285,866,253,'2000-02-01 10:00:00','diario',0.80),(10387,285,866,253,'2000-02-01 10:00:00','diario',0.90),(10388,285,866,253,'2000-02-01 10:00:00','diario',1.00),(10389,285,866,253,'2000-02-01 10:00:00','diario',1.10),(10390,285,866,253,'2000-02-01 10:00:00','diario',1.20),(10430,285,866,253,'2000-03-01 07:00:00','diario',0.00),(10431,285,866,253,'2000-03-01 07:00:00','diario',0.50),(10432,285,866,253,'2000-03-01 07:00:00','diario',1.00),(10465,285,866,253,'2000-04-01 09:00:00','diario',0.00),(10466,285,866,253,'2000-04-01 09:00:00','diario',0.10),(10467,285,866,253,'2000-04-01 09:00:00','diario',0.20),(10468,285,866,253,'2000-04-01 09:00:00','diario',0.30),(10469,285,866,253,'2000-04-01 09:00:00','diario',0.40),(10470,285,866,253,'2000-04-01 09:00:00','diario',0.50),(10471,285,866,253,'2000-04-01 09:00:00','diario',0.60),(10472,285,866,253,'2000-04-01 09:00:00','diario',0.70),(10473,285,866,253,'2000-04-01 09:00:00','diario',0.80),(10474,285,866,253,'2000-04-01 09:00:00','diario',0.90),(10475,285,866,253,'2000-04-01 09:00:00','diario',1.00),(10476,285,866,253,'2000-04-01 09:00:00','diario',1.10),(10477,285,866,253,'2000-04-01 09:00:00','diario',1.20),(10557,285,866,253,'2000-05-01 09:00:00','diario',0.00),(10558,285,866,253,'2000-05-01 09:00:00','diario',0.10),(10559,285,866,253,'2000-05-01 09:00:00','diario',0.20),(10560,285,866,253,'2000-05-01 09:00:00','diario',0.30),(10561,285,866,253,'2000-05-01 09:00:00','diario',0.40),(10562,285,866,253,'2000-05-01 09:00:00','diario',0.50),(10563,285,866,253,'2000-05-01 09:00:00','diario',0.60),(10564,285,866,253,'2000-05-01 09:00:00','diario',0.70),(10565,285,866,253,'2000-05-01 09:00:00','diario',0.80),(10566,285,866,253,'2000-05-01 09:00:00','diario',0.90),(10567,285,866,253,'2000-05-01 09:00:00','diario',1.00),(10568,285,866,253,'2000-05-01 09:00:00','diario',1.10),(10588,285,866,253,'2000-06-01 14:00:00','diario',0.00),(10589,285,866,253,'2000-06-01 14:00:00','diario',0.10),(10590,285,866,253,'2000-06-01 14:00:00','diario',0.20),(10591,285,866,253,'2000-06-01 14:00:00','diario',0.30),(10592,285,866,253,'2000-06-01 14:00:00','diario',0.40),(10593,285,866,253,'2000-06-01 14:00:00','diario',0.50),(10594,285,866,253,'2000-06-01 14:00:00','diario',0.60),(10595,285,866,253,'2000-06-01 14:00:00','diario',0.70),(10645,285,866,253,'2000-07-01 15:00:00','diario',0.00),(10646,285,866,253,'2000-07-01 15:00:00','diario',0.10),(10647,285,866,253,'2000-07-01 15:00:00','diario',0.20),(10648,285,866,253,'2000-07-01 15:00:00','diario',0.30),(10649,285,866,253,'2000-07-01 15:00:00','diario',0.40),(10650,285,866,253,'2000-07-01 15:00:00','diario',0.50),(10651,285,866,253,'2000-07-01 15:00:00','diario',0.60),(10652,285,866,253,'2000-07-01 15:00:00','diario',0.70),(10653,285,866,253,'2000-07-01 15:00:00','diario',0.80),(10694,285,866,253,'2000-08-01 10:00:00','diario',0.00),(10695,285,866,253,'2000-08-01 10:00:00','diario',0.10),(10696,285,866,253,'2000-08-01 10:00:00','diario',0.20),(10697,285,866,253,'2000-08-01 10:00:00','diario',0.30),(10698,285,866,253,'2000-08-01 10:00:00','diario',0.40),(10699,285,866,253,'2000-08-01 10:00:00','diario',0.50),(10700,285,866,253,'2000-08-01 10:00:00','diario',0.60),(10701,285,866,253,'2000-08-01 10:00:00','diario',0.70),(10745,285,866,253,'2000-09-01 11:00:00','diario',0.00),(10746,285,866,253,'2000-09-01 11:00:00','diario',0.10),(10747,285,866,253,'2000-09-01 11:00:00','diario',0.20),(10748,285,866,253,'2000-09-01 11:00:00','diario',0.30),(10749,285,866,253,'2000-09-01 11:00:00','diario',0.40),(10750,285,866,253,'2000-09-01 11:00:00','diario',0.50),(10751,285,866,253,'2000-09-01 11:00:00','diario',0.60),(10752,285,866,253,'2000-09-01 11:00:00','diario',0.70),(10800,285,866,253,'2000-10-01 10:00:00','diario',0.00),(10801,285,866,253,'2000-10-01 10:00:00','diario',0.10),(10802,285,866,253,'2000-10-01 10:00:00','diario',0.20),(10803,285,866,253,'2000-10-01 10:00:00','diario',0.30),(10804,285,866,253,'2000-10-01 10:00:00','diario',0.40),(10805,285,866,253,'2000-10-01 10:00:00','diario',0.50),(10806,285,866,253,'2000-10-01 10:00:00','diario',0.60),(10807,285,866,253,'2000-10-01 10:00:00','diario',0.70),(10808,285,866,253,'2000-10-01 10:00:00','diario',0.80),(10809,285,866,253,'2000-10-01 10:00:00','diario',0.90),(10857,285,866,253,'2000-11-01 18:00:00','diario',0.00),(10858,285,866,253,'2000-11-01 18:00:00','diario',0.10),(10859,285,866,253,'2000-11-01 18:00:00','diario',0.20),(10860,285,866,253,'2000-11-01 18:00:00','diario',0.30),(10861,285,866,253,'2000-11-01 18:00:00','diario',0.40),(10862,285,866,253,'2000-11-01 18:00:00','diario',0.50),(10863,285,866,253,'2000-11-01 18:00:00','diario',0.60),(10864,285,866,253,'2000-11-01 18:00:00','diario',0.70),(10865,285,866,253,'2000-11-01 18:00:00','diario',0.80),(10866,285,866,253,'2000-11-01 18:00:00','diario',0.90),(10867,285,866,253,'2000-11-01 18:00:00','diario',1.00),(10868,285,866,253,'2000-11-01 18:00:00','diario',1.10),(10869,285,866,253,'2000-11-01 18:00:00','diario',1.20),(10937,285,866,253,'2000-12-01 09:00:00','diario',0.00),(10938,285,866,253,'2000-12-01 09:00:00','diario',0.10),(10939,285,866,253,'2000-12-01 09:00:00','diario',0.20),(10940,285,866,253,'2000-12-01 09:00:00','diario',0.30),(10941,285,866,253,'2000-12-01 09:00:00','diario',0.40),(10942,285,866,253,'2000-12-01 09:00:00','diario',0.50),(10943,285,866,253,'2000-12-01 09:00:00','diario',0.60),(10944,285,866,253,'2000-12-01 09:00:00','diario',0.70),(10945,285,866,253,'2000-12-01 09:00:00','diario',0.80),(10946,285,866,253,'2000-12-01 09:00:00','diario',0.90),(10947,285,866,253,'2000-12-01 09:00:00','diario',1.00),(10948,285,866,253,'2000-12-01 09:00:00','diario',1.10),(10949,285,866,253,'2000-12-01 09:00:00','diario',1.20),(10153,286,867,250,'2000-01-01 09:00:00','diario',0.00),(10165,286,867,250,'2000-02-01 13:00:00','diario',0.00),(10186,286,867,250,'2000-04-01 14:00:00','diario',0.00),(10188,286,867,250,'2000-05-01 15:00:00','diario',0.00),(10209,286,867,250,'2000-06-01 09:00:00','diario',0.00),(10220,286,867,250,'2000-07-01 11:00:00','diario',0.00),(10231,286,867,250,'2000-08-01 09:00:00','diario',0.00),(10242,286,867,250,'2000-09-01 17:00:00','diario',0.00),(10254,286,867,250,'2000-10-01 16:00:00','diario',0.00),(10266,286,867,250,'2000-11-01 08:00:00','diario',0.00),(10280,286,867,250,'2000-12-01 15:00:00','diario',0.00),(10154,286,867,251,'2000-01-01 09:00:00','diario',0.00),(10166,286,867,251,'2000-02-01 13:00:00','diario',0.00),(10187,286,867,251,'2000-04-01 14:00:00','diario',0.00),(10189,286,867,251,'2000-05-01 15:00:00','diario',0.00),(10210,286,867,251,'2000-06-01 09:00:00','diario',0.00),(10221,286,867,251,'2000-07-01 11:00:00','diario',0.00),(10232,286,867,251,'2000-08-01 09:00:00','diario',0.00),(10243,286,867,251,'2000-09-01 17:00:00','diario',0.00),(10255,286,867,251,'2000-10-01 16:00:00','diario',0.00),(10267,286,867,251,'2000-11-01 08:00:00','diario',0.00),(10281,286,867,251,'2000-12-01 15:00:00','diario',0.00),(10155,286,867,252,'2000-01-01 09:00:00','diario',0.00),(10167,286,867,252,'2000-02-01 13:00:00','diario',0.00),(10190,286,867,252,'2000-05-01 15:00:00','diario',0.00),(10211,286,867,252,'2000-06-01 09:00:00','diario',0.00),(10222,286,867,252,'2000-07-01 11:00:00','diario',0.00),(10233,286,867,252,'2000-08-01 09:00:00','diario',0.00),(10244,286,867,252,'2000-09-01 17:00:00','diario',0.00),(10256,286,867,252,'2000-10-01 16:00:00','diario',0.00),(10268,286,867,252,'2000-11-01 08:00:00','diario',0.00),(10282,286,867,252,'2000-12-01 15:00:00','diario',0.00),(10322,286,867,253,'2000-01-01 09:00:00','diario',0.00),(10323,286,867,253,'2000-01-01 09:00:00','diario',0.10),(10324,286,867,253,'2000-01-01 09:00:00','diario',0.20),(10325,286,867,253,'2000-01-01 09:00:00','diario',0.30),(10326,286,867,253,'2000-01-01 09:00:00','diario',0.40),(10327,286,867,253,'2000-01-01 09:00:00','diario',0.50),(10328,286,867,253,'2000-01-01 09:00:00','diario',0.60),(10329,286,867,253,'2000-01-01 09:00:00','diario',0.70),(10330,286,867,253,'2000-01-01 09:00:00','diario',0.80),(10331,286,867,253,'2000-01-01 09:00:00','diario',0.90),(10332,286,867,253,'2000-01-01 09:00:00','diario',1.00),(10333,286,867,253,'2000-01-01 09:00:00','diario',1.10),(10334,286,867,253,'2000-01-01 09:00:00','diario',1.20),(10335,286,867,253,'2000-01-01 09:00:00','diario',1.30),(10336,286,867,253,'2000-01-01 09:00:00','diario',1.40),(10337,286,867,253,'2000-01-01 09:00:00','diario',1.50),(10338,286,867,253,'2000-01-01 09:00:00','diario',1.60),(10339,286,867,253,'2000-01-01 09:00:00','diario',1.70),(10340,286,867,253,'2000-01-01 09:00:00','diario',1.80),(10341,286,867,253,'2000-01-01 09:00:00','diario',1.90),(10342,286,867,253,'2000-01-01 09:00:00','diario',2.00),(10343,286,867,253,'2000-01-01 09:00:00','diario',2.10),(10344,286,867,253,'2000-01-01 09:00:00','diario',2.20),(10345,286,867,253,'2000-01-01 09:00:00','diario',2.30),(10346,286,867,253,'2000-01-01 09:00:00','diario',2.40),(10347,286,867,253,'2000-01-01 09:00:00','diario',2.50),(10348,286,867,253,'2000-01-01 09:00:00','diario',2.60),(10349,286,867,253,'2000-01-01 09:00:00','diario',2.70),(10350,286,867,253,'2000-01-01 09:00:00','diario',2.80),(10351,286,867,253,'2000-01-01 09:00:00','diario',2.90),(10391,286,867,253,'2000-02-01 13:00:00','diario',0.00),(10392,286,867,253,'2000-02-01 13:00:00','diario',0.10),(10393,286,867,253,'2000-02-01 13:00:00','diario',0.20),(10394,286,867,253,'2000-02-01 13:00:00','diario',0.30),(10395,286,867,253,'2000-02-01 13:00:00','diario',0.40),(10396,286,867,253,'2000-02-01 13:00:00','diario',0.50),(10397,286,867,253,'2000-02-01 13:00:00','diario',0.60),(10398,286,867,253,'2000-02-01 13:00:00','diario',0.70),(10399,286,867,253,'2000-02-01 13:00:00','diario',0.80),(10400,286,867,253,'2000-02-01 13:00:00','diario',0.90),(10401,286,867,253,'2000-02-01 13:00:00','diario',1.00),(10402,286,867,253,'2000-02-01 13:00:00','diario',1.10),(10403,286,867,253,'2000-02-01 13:00:00','diario',1.20),(10404,286,867,253,'2000-02-01 13:00:00','diario',1.30),(10405,286,867,253,'2000-02-01 13:00:00','diario',1.40),(10406,286,867,253,'2000-02-01 13:00:00','diario',1.50),(10407,286,867,253,'2000-02-01 13:00:00','diario',1.60),(10408,286,867,253,'2000-02-01 13:00:00','diario',1.70),(10409,286,867,253,'2000-02-01 13:00:00','diario',1.80),(10410,286,867,253,'2000-02-01 13:00:00','diario',1.90),(10411,286,867,253,'2000-02-01 13:00:00','diario',2.00),(10412,286,867,253,'2000-02-01 13:00:00','diario',2.10),(10413,286,867,253,'2000-02-01 13:00:00','diario',2.20),(10414,286,867,253,'2000-02-01 13:00:00','diario',2.30),(10415,286,867,253,'2000-02-01 13:00:00','diario',2.40),(10416,286,867,253,'2000-02-01 13:00:00','diario',2.50),(10417,286,867,253,'2000-02-01 13:00:00','diario',2.60),(10418,286,867,253,'2000-02-01 13:00:00','diario',2.70),(10419,286,867,253,'2000-02-01 13:00:00','diario',2.80),(10420,286,867,253,'2000-02-01 13:00:00','diario',2.90),(10478,286,867,253,'2000-04-01 14:00:00','diario',0.00),(10479,286,867,253,'2000-04-01 14:00:00','diario',0.10),(10480,286,867,253,'2000-04-01 14:00:00','diario',0.20),(10481,286,867,253,'2000-04-01 14:00:00','diario',0.30),(10482,286,867,253,'2000-04-01 14:00:00','diario',0.40),(10483,286,867,253,'2000-04-01 14:00:00','diario',0.50),(10484,286,867,253,'2000-04-01 14:00:00','diario',0.60),(10485,286,867,253,'2000-04-01 14:00:00','diario',0.70),(10486,286,867,253,'2000-04-01 14:00:00','diario',0.80),(10487,286,867,253,'2000-04-01 14:00:00','diario',0.90),(10488,286,867,253,'2000-04-01 14:00:00','diario',1.00),(10489,286,867,253,'2000-04-01 14:00:00','diario',1.10),(10490,286,867,253,'2000-04-01 14:00:00','diario',1.20),(10491,286,867,253,'2000-04-01 14:00:00','diario',1.30),(10492,286,867,253,'2000-04-01 14:00:00','diario',1.40),(10493,286,867,253,'2000-04-01 14:00:00','diario',1.50),(10494,286,867,253,'2000-04-01 14:00:00','diario',1.60),(10495,286,867,253,'2000-04-01 14:00:00','diario',1.70),(10496,286,867,253,'2000-04-01 14:00:00','diario',1.80),(10497,286,867,253,'2000-04-01 14:00:00','diario',1.90),(10498,286,867,253,'2000-04-01 14:00:00','diario',2.00),(10499,286,867,253,'2000-04-01 14:00:00','diario',2.10),(10500,286,867,253,'2000-04-01 14:00:00','diario',2.20),(10501,286,867,253,'2000-04-01 14:00:00','diario',2.30),(10502,286,867,253,'2000-04-01 14:00:00','diario',2.40),(10503,286,867,253,'2000-04-01 14:00:00','diario',2.50),(10504,286,867,253,'2000-04-01 14:00:00','diario',2.60),(10505,286,867,253,'2000-04-01 14:00:00','diario',2.70),(10506,286,867,253,'2000-04-01 14:00:00','diario',2.80),(10507,286,867,253,'2000-05-01 15:00:00','diario',0.00),(10508,286,867,253,'2000-05-01 15:00:00','diario',0.10),(10509,286,867,253,'2000-05-01 15:00:00','diario',0.20),(10510,286,867,253,'2000-05-01 15:00:00','diario',0.30),(10511,286,867,253,'2000-05-01 15:00:00','diario',0.40),(10512,286,867,253,'2000-05-01 15:00:00','diario',0.50),(10513,286,867,253,'2000-05-01 15:00:00','diario',0.60),(10514,286,867,253,'2000-05-01 15:00:00','diario',0.70),(10515,286,867,253,'2000-05-01 15:00:00','diario',0.80),(10516,286,867,253,'2000-05-01 15:00:00','diario',0.90),(10517,286,867,253,'2000-05-01 15:00:00','diario',1.00),(10518,286,867,253,'2000-05-01 15:00:00','diario',1.10),(10519,286,867,253,'2000-05-01 15:00:00','diario',1.20),(10520,286,867,253,'2000-05-01 15:00:00','diario',1.30),(10521,286,867,253,'2000-05-01 15:00:00','diario',1.40),(10522,286,867,253,'2000-05-01 15:00:00','diario',1.50),(10523,286,867,253,'2000-05-01 15:00:00','diario',1.60),(10524,286,867,253,'2000-05-01 15:00:00','diario',1.70),(10525,286,867,253,'2000-05-01 15:00:00','diario',1.80),(10526,286,867,253,'2000-05-01 15:00:00','diario',1.90),(10527,286,867,253,'2000-05-01 15:00:00','diario',2.00),(10528,286,867,253,'2000-05-01 15:00:00','diario',2.10),(10529,286,867,253,'2000-05-01 15:00:00','diario',2.20),(10530,286,867,253,'2000-05-01 15:00:00','diario',2.30),(10531,286,867,253,'2000-05-01 15:00:00','diario',2.40),(10596,286,867,253,'2000-06-01 09:00:00','diario',0.00),(10597,286,867,253,'2000-06-01 09:00:00','diario',0.10),(10598,286,867,253,'2000-06-01 09:00:00','diario',0.20),(10599,286,867,253,'2000-06-01 09:00:00','diario',0.30),(10600,286,867,253,'2000-06-01 09:00:00','diario',0.40),(10601,286,867,253,'2000-06-01 09:00:00','diario',0.50),(10602,286,867,253,'2000-06-01 09:00:00','diario',0.60),(10603,286,867,253,'2000-06-01 09:00:00','diario',0.70),(10604,286,867,253,'2000-06-01 09:00:00','diario',0.80),(10605,286,867,253,'2000-06-01 09:00:00','diario',0.90),(10606,286,867,253,'2000-06-01 09:00:00','diario',1.00),(10607,286,867,253,'2000-06-01 09:00:00','diario',1.10),(10608,286,867,253,'2000-06-01 09:00:00','diario',1.20),(10609,286,867,253,'2000-06-01 09:00:00','diario',1.30),(10610,286,867,253,'2000-06-01 09:00:00','diario',1.40),(10611,286,867,253,'2000-06-01 09:00:00','diario',1.50),(10612,286,867,253,'2000-06-01 09:00:00','diario',1.60),(10613,286,867,253,'2000-06-01 09:00:00','diario',1.70),(10614,286,867,253,'2000-06-01 09:00:00','diario',1.80),(10615,286,867,253,'2000-06-01 09:00:00','diario',1.90),(10616,286,867,253,'2000-06-01 09:00:00','diario',2.00),(10617,286,867,253,'2000-06-01 09:00:00','diario',2.10),(10618,286,867,253,'2000-06-01 09:00:00','diario',2.20),(10619,286,867,253,'2000-06-01 09:00:00','diario',2.30),(10620,286,867,253,'2000-06-01 09:00:00','diario',2.40),(10621,286,867,253,'2000-06-01 09:00:00','diario',2.50),(10622,286,867,253,'2000-06-01 09:00:00','diario',2.60),(10623,286,867,253,'2000-06-01 09:00:00','diario',2.70),(10624,286,867,253,'2000-06-01 09:00:00','diario',2.80),(10625,286,867,253,'2000-06-01 09:00:00','diario',2.90),(10626,286,867,253,'2000-06-01 09:00:00','diario',3.00),(10654,286,867,253,'2000-07-01 11:00:00','diario',0.00),(10655,286,867,253,'2000-07-01 11:00:00','diario',0.10),(10656,286,867,253,'2000-07-01 11:00:00','diario',0.20),(10657,286,867,253,'2000-07-01 11:00:00','diario',0.30),(10658,286,867,253,'2000-07-01 11:00:00','diario',0.40),(10659,286,867,253,'2000-07-01 11:00:00','diario',0.50),(10660,286,867,253,'2000-07-01 11:00:00','diario',0.60),(10661,286,867,253,'2000-07-01 11:00:00','diario',0.70),(10662,286,867,253,'2000-07-01 11:00:00','diario',0.80),(10663,286,867,253,'2000-07-01 11:00:00','diario',0.90),(10664,286,867,253,'2000-07-01 11:00:00','diario',1.00),(10665,286,867,253,'2000-07-01 11:00:00','diario',1.10),(10666,286,867,253,'2000-07-01 11:00:00','diario',1.20),(10667,286,867,253,'2000-07-01 11:00:00','diario',1.30),(10668,286,867,253,'2000-07-01 11:00:00','diario',1.40),(10669,286,867,253,'2000-07-01 11:00:00','diario',1.50),(10670,286,867,253,'2000-07-01 11:00:00','diario',1.60),(10671,286,867,253,'2000-07-01 11:00:00','diario',1.70),(10672,286,867,253,'2000-07-01 11:00:00','diario',1.80),(10673,286,867,253,'2000-07-01 11:00:00','diario',1.90),(10674,286,867,253,'2000-07-01 11:00:00','diario',2.00),(10675,286,867,253,'2000-07-01 11:00:00','diario',2.10),(10702,286,867,253,'2000-08-01 09:00:00','diario',0.00),(10703,286,867,253,'2000-08-01 09:00:00','diario',0.10),(10704,286,867,253,'2000-08-01 09:00:00','diario',0.20),(10705,286,867,253,'2000-08-01 09:00:00','diario',0.30),(10706,286,867,253,'2000-08-01 09:00:00','diario',0.40),(10707,286,867,253,'2000-08-01 09:00:00','diario',0.50),(10708,286,867,253,'2000-08-01 09:00:00','diario',0.60),(10709,286,867,253,'2000-08-01 09:00:00','diario',0.70),(10710,286,867,253,'2000-08-01 09:00:00','diario',0.80),(10711,286,867,253,'2000-08-01 09:00:00','diario',0.90),(10712,286,867,253,'2000-08-01 09:00:00','diario',1.00),(10713,286,867,253,'2000-08-01 09:00:00','diario',1.10),(10714,286,867,253,'2000-08-01 09:00:00','diario',1.20),(10715,286,867,253,'2000-08-01 09:00:00','diario',1.30),(10716,286,867,253,'2000-08-01 09:00:00','diario',1.40),(10717,286,867,253,'2000-08-01 09:00:00','diario',1.50),(10718,286,867,253,'2000-08-01 09:00:00','diario',1.60),(10719,286,867,253,'2000-08-01 09:00:00','diario',1.70),(10720,286,867,253,'2000-08-01 09:00:00','diario',1.80),(10721,286,867,253,'2000-08-01 09:00:00','diario',1.90),(10722,286,867,253,'2000-08-01 09:00:00','diario',2.00),(10723,286,867,253,'2000-08-01 09:00:00','diario',2.10),(10724,286,867,253,'2000-08-01 09:00:00','diario',2.20),(10753,286,867,253,'2000-09-01 17:00:00','diario',0.00),(10754,286,867,253,'2000-09-01 17:00:00','diario',0.10),(10755,286,867,253,'2000-09-01 17:00:00','diario',0.20),(10756,286,867,253,'2000-09-01 17:00:00','diario',0.30),(10757,286,867,253,'2000-09-01 17:00:00','diario',0.40),(10758,286,867,253,'2000-09-01 17:00:00','diario',0.50),(10759,286,867,253,'2000-09-01 17:00:00','diario',0.60),(10760,286,867,253,'2000-09-01 17:00:00','diario',0.70),(10761,286,867,253,'2000-09-01 17:00:00','diario',0.80),(10762,286,867,253,'2000-09-01 17:00:00','diario',0.90),(10763,286,867,253,'2000-09-01 17:00:00','diario',1.00),(10764,286,867,253,'2000-09-01 17:00:00','diario',1.10),(10765,286,867,253,'2000-09-01 17:00:00','diario',1.20),(10766,286,867,253,'2000-09-01 17:00:00','diario',1.30),(10767,286,867,253,'2000-09-01 17:00:00','diario',1.40),(10768,286,867,253,'2000-09-01 17:00:00','diario',1.50),(10769,286,867,253,'2000-09-01 17:00:00','diario',1.60),(10770,286,867,253,'2000-09-01 17:00:00','diario',1.70),(10771,286,867,253,'2000-09-01 17:00:00','diario',1.80),(10772,286,867,253,'2000-09-01 17:00:00','diario',1.90),(10773,286,867,253,'2000-09-01 17:00:00','diario',2.00),(10810,286,867,253,'2000-10-01 16:00:00','diario',0.00),(10811,286,867,253,'2000-10-01 16:00:00','diario',0.10),(10812,286,867,253,'2000-10-01 16:00:00','diario',0.20),(10813,286,867,253,'2000-10-01 16:00:00','diario',0.30),(10814,286,867,253,'2000-10-01 16:00:00','diario',0.40),(10815,286,867,253,'2000-10-01 16:00:00','diario',0.50),(10816,286,867,253,'2000-10-01 16:00:00','diario',0.60),(10817,286,867,253,'2000-10-01 16:00:00','diario',0.70),(10818,286,867,253,'2000-10-01 16:00:00','diario',0.80),(10819,286,867,253,'2000-10-01 16:00:00','diario',0.90),(10820,286,867,253,'2000-10-01 16:00:00','diario',1.00),(10821,286,867,253,'2000-10-01 16:00:00','diario',1.10),(10822,286,867,253,'2000-10-01 16:00:00','diario',1.20),(10823,286,867,253,'2000-10-01 16:00:00','diario',1.30),(10824,286,867,253,'2000-10-01 16:00:00','diario',1.40),(10825,286,867,253,'2000-10-01 16:00:00','diario',1.50),(10826,286,867,253,'2000-10-01 16:00:00','diario',1.60),(10827,286,867,253,'2000-10-01 16:00:00','diario',1.70),(10828,286,867,253,'2000-10-01 16:00:00','diario',1.80),(10829,286,867,253,'2000-10-01 16:00:00','diario',1.90),(10830,286,867,253,'2000-10-01 16:00:00','diario',2.00),(10831,286,867,253,'2000-10-01 16:00:00','diario',2.10),(10832,286,867,253,'2000-10-01 16:00:00','diario',2.20),(10833,286,867,253,'2000-10-01 16:00:00','diario',2.30),(10870,286,867,253,'2000-11-01 08:00:00','diario',0.00),(10871,286,867,253,'2000-11-01 08:00:00','diario',0.10),(10872,286,867,253,'2000-11-01 08:00:00','diario',0.20),(10873,286,867,253,'2000-11-01 08:00:00','diario',0.30),(10874,286,867,253,'2000-11-01 08:00:00','diario',0.40),(10875,286,867,253,'2000-11-01 08:00:00','diario',0.50),(10876,286,867,253,'2000-11-01 08:00:00','diario',0.60),(10877,286,867,253,'2000-11-01 08:00:00','diario',0.70),(10878,286,867,253,'2000-11-01 08:00:00','diario',0.80),(10879,286,867,253,'2000-11-01 08:00:00','diario',0.90),(10880,286,867,253,'2000-11-01 08:00:00','diario',1.00),(10881,286,867,253,'2000-11-01 08:00:00','diario',1.10),(10882,286,867,253,'2000-11-01 08:00:00','diario',1.20),(10883,286,867,253,'2000-11-01 08:00:00','diario',1.30),(10884,286,867,253,'2000-11-01 08:00:00','diario',1.40),(10885,286,867,253,'2000-11-01 08:00:00','diario',1.50),(10886,286,867,253,'2000-11-01 08:00:00','diario',1.60),(10887,286,867,253,'2000-11-01 08:00:00','diario',1.70),(10888,286,867,253,'2000-11-01 08:00:00','diario',1.80),(10889,286,867,253,'2000-11-01 08:00:00','diario',1.90),(10890,286,867,253,'2000-11-01 08:00:00','diario',2.00),(10891,286,867,253,'2000-11-01 08:00:00','diario',2.10),(10892,286,867,253,'2000-11-01 08:00:00','diario',2.20),(10893,286,867,253,'2000-11-01 08:00:00','diario',2.30),(10894,286,867,253,'2000-11-01 08:00:00','diario',2.40),(10895,286,867,253,'2000-11-01 08:00:00','diario',2.50),(10896,286,867,253,'2000-11-01 08:00:00','diario',2.60),(10897,286,867,253,'2000-11-01 08:00:00','diario',2.70),(10950,286,867,253,'2000-12-01 15:00:00','diario',0.00),(10951,286,867,253,'2000-12-01 15:00:00','diario',0.10),(10952,286,867,253,'2000-12-01 15:00:00','diario',0.20),(10953,286,867,253,'2000-12-01 15:00:00','diario',0.30),(10954,286,867,253,'2000-12-01 15:00:00','diario',0.40),(10955,286,867,253,'2000-12-01 15:00:00','diario',0.50),(10956,286,867,253,'2000-12-01 15:00:00','diario',0.60),(10957,286,867,253,'2000-12-01 15:00:00','diario',0.70),(10958,286,867,253,'2000-12-01 15:00:00','diario',0.80),(10959,286,867,253,'2000-12-01 15:00:00','diario',0.90),(10960,286,867,253,'2000-12-01 15:00:00','diario',1.00),(10961,286,867,253,'2000-12-01 15:00:00','diario',1.10),(10962,286,867,253,'2000-12-01 15:00:00','diario',1.20),(10963,286,867,253,'2000-12-01 15:00:00','diario',1.30),(10964,286,867,253,'2000-12-01 15:00:00','diario',1.40),(10965,286,867,253,'2000-12-01 15:00:00','diario',1.50),(10966,286,867,253,'2000-12-01 15:00:00','diario',1.60),(10967,286,867,253,'2000-12-01 15:00:00','diario',1.70),(10968,286,867,253,'2000-12-01 15:00:00','diario',1.80),(10969,286,867,253,'2000-12-01 15:00:00','diario',1.90),(10970,286,867,253,'2000-12-01 15:00:00','diario',2.00),(10971,286,867,253,'2000-12-01 15:00:00','diario',2.10),(10972,286,867,253,'2000-12-01 15:00:00','diario',2.20),(10973,286,867,253,'2000-12-01 15:00:00','diario',2.30),(10974,286,867,253,'2000-12-01 15:00:00','diario',2.40),(10975,286,867,253,'2000-12-01 15:00:00','diario',2.50),(10976,286,867,253,'2000-12-01 15:00:00','diario',2.60),(10977,286,867,253,'2000-12-01 15:00:00','diario',2.70),(10978,286,867,253,'2000-12-01 15:00:00','diario',2.80),(10269,286,868,250,'2000-11-01 10:00:00','diario',0.00),(10283,286,868,250,'2000-12-01 15:00:00','diario',0.00),(10270,286,868,251,'2000-11-01 10:00:00','diario',0.00),(10284,286,868,251,'2000-12-01 15:00:00','diario',0.00),(10898,286,868,253,'2000-11-01 10:00:00','diario',0.00),(10899,286,868,253,'2000-11-01 10:00:00','diario',0.10),(10900,286,868,253,'2000-11-01 10:00:00','diario',0.20),(10901,286,868,253,'2000-11-01 10:00:00','diario',0.30),(10902,286,868,253,'2000-11-01 10:00:00','diario',0.40),(10903,286,868,253,'2000-11-01 10:00:00','diario',0.50),(10904,286,868,253,'2000-11-01 10:00:00','diario',0.60),(10905,286,868,253,'2000-11-01 10:00:00','diario',0.70),(10906,286,868,253,'2000-11-01 10:00:00','diario',0.80),(10907,286,868,253,'2000-11-01 10:00:00','diario',0.90),(10979,286,868,253,'2000-12-01 15:00:00','diario',0.00),(10980,286,868,253,'2000-12-01 15:00:00','diario',0.10),(10981,286,868,253,'2000-12-01 15:00:00','diario',0.20),(10982,286,868,253,'2000-12-01 15:00:00','diario',0.30),(10983,286,868,253,'2000-12-01 15:00:00','diario',0.40),(10984,286,868,253,'2000-12-01 15:00:00','diario',0.50),(10985,286,868,253,'2000-12-01 15:00:00','diario',0.60),(10986,286,868,253,'2000-12-01 15:00:00','diario',0.70),(10987,286,868,253,'2000-12-01 15:00:00','diario',0.80),(10990,288,870,250,'2009-07-02 14:00:00','diario',0.00),(10989,288,870,253,'2009-07-01 14:00:00','diario',0.10),(10988,288,870,253,'2009-07-29 12:00:00','mensal',6.00),(11009,300,882,250,'2009-03-01 00:00:00','diario',0.00),(11017,300,882,250,'2009-05-01 00:00:00','diario',0.00),(11031,300,882,250,'2009-06-01 00:00:00','diario',0.00),(11051,300,882,250,'2009-09-01 00:00:00','diario',0.00),(11059,300,882,250,'2009-10-01 00:00:00','diario',0.00),(11069,300,882,250,'2009-12-01 00:00:00','diario',0.00),(10991,300,882,251,'2008-12-01 00:00:00','diario',0.00),(11083,300,882,251,'2009-01-01 00:00:00','diario',0.00),(11097,300,882,251,'2009-02-01 00:00:00','diario',0.00),(11113,300,882,251,'2009-06-01 00:00:00','diario',0.00),(11125,300,882,251,'2009-08-01 00:00:00','diario',0.00),(11010,300,883,250,'2009-03-01 00:00:00','diario',0.00),(11018,300,883,250,'2009-05-01 00:00:00','diario',0.00),(11032,300,883,250,'2009-06-01 00:00:00','diario',0.00),(11052,300,883,250,'2009-09-01 00:00:00','diario',0.00),(11060,300,883,250,'2009-10-01 00:00:00','diario',0.00),(11070,300,883,250,'2009-12-01 00:00:00','diario',0.00),(10992,300,883,251,'2008-12-01 00:00:00','diario',0.00),(11084,300,883,251,'2009-01-01 00:00:00','diario',0.00),(11114,300,883,251,'2009-06-01 00:00:00','diario',0.00),(11126,300,883,251,'2009-08-01 00:00:00','diario',0.00),(11011,300,884,250,'2009-03-01 00:00:00','diario',0.00),(11019,300,884,250,'2009-05-01 00:00:00','diario',0.00),(11033,300,884,250,'2009-06-01 00:00:00','diario',0.00),(11053,300,884,250,'2009-09-01 00:00:00','diario',0.00),(11061,300,884,250,'2009-10-01 00:00:00','diario',0.00),(11071,300,884,250,'2009-12-01 00:00:00','diario',0.00),(10993,300,884,251,'2008-12-01 00:00:00','diario',0.00),(11085,300,884,251,'2009-01-01 00:00:00','diario',0.00),(11115,300,884,251,'2009-06-01 00:00:00','diario',0.00),(11127,300,884,251,'2009-08-01 00:00:00','diario',0.00),(11020,301,885,250,'2009-05-01 00:00:00','diario',0.00),(11034,301,885,250,'2009-06-01 00:00:00','diario',0.00),(11054,301,885,250,'2009-09-01 00:00:00','diario',0.00),(11062,301,885,250,'2009-10-01 00:00:00','diario',0.00),(11072,301,885,250,'2009-12-01 00:00:00','diario',0.00),(10994,301,885,251,'2008-12-01 00:00:00','diario',0.00),(11086,301,885,251,'2009-01-01 00:00:00','diario',0.00),(11116,301,885,251,'2009-06-01 00:00:00','diario',0.00),(11128,301,885,251,'2009-08-01 00:00:00','diario',0.00),(11021,301,886,250,'2009-05-01 00:00:00','diario',0.00),(11035,301,886,250,'2009-06-01 00:00:00','diario',0.00),(11055,301,886,250,'2009-09-01 00:00:00','diario',0.00),(11063,301,886,250,'2009-10-01 00:00:00','diario',0.00),(11073,301,886,250,'2009-12-01 00:00:00','diario',0.00),(10995,301,886,251,'2008-12-01 00:00:00','diario',0.00),(11087,301,886,251,'2009-01-01 00:00:00','diario',0.00),(11117,301,886,251,'2009-06-01 00:00:00','diario',0.00),(11129,301,886,251,'2009-08-01 00:00:00','diario',0.00),(10996,302,887,250,'2009-01-01 00:00:00','diario',0.00),(11000,302,887,250,'2009-03-01 00:00:00','diario',0.00),(11022,302,887,250,'2009-06-01 00:00:00','diario',0.00),(11036,302,887,250,'2009-07-01 00:00:00','diario',0.00),(11056,302,887,250,'2009-10-01 00:00:00','diario',0.00),(11064,302,887,250,'2009-11-01 00:00:00','diario',0.00),(11074,302,887,251,'2009-01-01 00:00:00','diario',0.00),(11088,302,887,251,'2009-02-01 00:00:00','diario',0.00),(11118,302,887,251,'2009-07-01 00:00:00','diario',0.00),(11130,302,887,251,'2009-09-01 00:00:00','diario',0.00),(10997,302,888,250,'2009-01-01 00:00:00','diario',0.00),(11001,302,888,250,'2009-03-01 00:00:00','diario',0.00),(11023,302,888,250,'2009-06-01 00:00:00','diario',0.00),(11037,302,888,250,'2009-07-01 00:00:00','diario',0.00),(11057,302,888,250,'2009-10-01 00:00:00','diario',0.00),(11065,302,888,250,'2009-11-01 00:00:00','diario',0.00),(11075,302,888,251,'2009-01-01 00:00:00','diario',0.00),(11089,302,888,251,'2009-02-01 00:00:00','diario',0.00),(11098,302,888,251,'2009-04-01 00:00:00','diario',0.00),(11119,302,888,251,'2009-07-01 00:00:00','diario',0.00),(11131,302,888,251,'2009-09-01 00:00:00','diario',0.00),(10998,302,889,250,'2009-01-01 00:00:00','diario',0.00),(11002,302,889,250,'2009-03-01 00:00:00','diario',0.00),(11024,302,889,250,'2009-06-01 00:00:00','diario',0.00),(11038,302,889,250,'2009-07-01 00:00:00','diario',0.00),(11066,302,889,250,'2009-11-01 00:00:00','diario',0.00),(11076,302,889,251,'2009-01-01 00:00:00','diario',0.00),(11090,302,889,251,'2009-02-01 00:00:00','diario',0.00),(11099,302,889,251,'2009-04-01 00:00:00','diario',0.00),(11106,302,889,251,'2009-06-01 00:00:00','diario',0.00),(11120,302,889,251,'2009-07-01 00:00:00','diario',0.00),(11132,302,889,251,'2009-09-01 00:00:00','diario',0.00),(10999,302,890,250,'2009-01-01 00:00:00','diario',0.00),(11003,302,890,250,'2009-03-01 00:00:00','diario',0.00),(11025,302,890,250,'2009-06-01 00:00:00','diario',0.00),(11039,302,890,250,'2009-07-01 00:00:00','diario',0.00),(11045,302,890,250,'2009-09-01 00:00:00','diario',0.00),(11067,302,890,250,'2009-11-01 00:00:00','diario',0.00),(11077,302,890,251,'2009-01-01 00:00:00','diario',0.00),(11091,302,890,251,'2009-02-01 00:00:00','diario',0.00),(11100,302,890,251,'2009-04-01 00:00:00','diario',0.00),(11107,302,890,251,'2009-06-01 00:00:00','diario',0.00),(11121,302,890,251,'2009-07-01 00:00:00','diario',0.00),(11133,302,890,251,'2009-09-01 00:00:00','diario',0.00),(11004,302,891,250,'2009-03-01 00:00:00','diario',0.00),(11012,302,891,250,'2009-05-01 00:00:00','diario',0.00),(11026,302,891,250,'2009-06-01 00:00:00','diario',0.00),(11040,302,891,250,'2009-07-01 00:00:00','diario',0.00),(11046,302,891,250,'2009-09-01 00:00:00','diario',0.00),(11068,302,891,250,'2009-11-01 00:00:00','diario',0.00),(11078,302,891,251,'2009-01-01 00:00:00','diario',0.00),(11092,302,891,251,'2009-02-01 00:00:00','diario',0.00),(11101,302,891,251,'2009-04-01 00:00:00','diario',0.00),(11108,302,891,251,'2009-06-01 00:00:00','diario',0.00),(11122,302,891,251,'2009-07-01 00:00:00','diario',0.00),(11134,302,891,251,'2009-09-01 00:00:00','diario',0.00),(11005,303,892,250,'2009-03-01 00:00:00','diario',0.00),(11013,303,892,250,'2009-05-01 00:00:00','diario',0.00),(11027,303,892,250,'2009-06-01 00:00:00','diario',0.00),(11041,303,892,250,'2009-07-01 00:00:00','diario',0.00),(11047,303,892,250,'2009-09-01 00:00:00','diario',0.00),(11079,303,892,251,'2009-01-01 00:00:00','diario',0.00),(11093,303,892,251,'2009-02-01 00:00:00','diario',0.00),(11102,303,892,251,'2009-04-01 00:00:00','diario',0.00),(11109,303,892,251,'2009-06-01 00:00:00','diario',0.00),(11123,303,892,251,'2009-07-01 00:00:00','diario',0.00),(11135,303,892,251,'2009-09-01 00:00:00','diario',0.00),(11006,303,893,250,'2009-03-01 00:00:00','diario',0.00),(11014,303,893,250,'2009-05-01 00:00:00','diario',0.00),(11028,303,893,250,'2009-06-01 00:00:00','diario',0.00),(11042,303,893,250,'2009-07-01 00:00:00','diario',0.00),(11048,303,893,250,'2009-09-01 00:00:00','diario',0.00),(11080,303,893,251,'2009-01-01 00:00:00','diario',0.00),(11094,303,893,251,'2009-02-01 00:00:00','diario',0.00),(11103,303,893,251,'2009-04-01 00:00:00','diario',0.00),(11110,303,893,251,'2009-06-01 00:00:00','diario',0.00),(11124,303,893,251,'2009-07-01 00:00:00','diario',0.00),(11136,303,893,251,'2009-09-01 00:00:00','diario',0.00),(11007,304,894,250,'2009-03-01 00:00:00','diario',0.00),(11015,304,894,250,'2009-05-01 00:00:00','diario',0.00),(11029,304,894,250,'2009-06-01 00:00:00','diario',0.00),(11043,304,894,250,'2009-07-01 00:00:00','diario',0.00),(11049,304,894,250,'2009-09-01 00:00:00','diario',0.00),(11081,304,894,251,'2009-01-01 00:00:00','diario',0.00),(11095,304,894,251,'2009-02-01 00:00:00','diario',0.00),(11104,304,894,251,'2009-04-01 00:00:00','diario',0.00),(11111,304,894,251,'2009-06-01 00:00:00','diario',0.00),(11137,304,894,251,'2009-09-01 00:00:00','diario',0.00),(11008,305,895,250,'2009-03-01 00:00:00','diario',0.00),(11016,305,895,250,'2009-05-01 00:00:00','diario',0.00),(11030,305,895,250,'2009-06-01 00:00:00','diario',0.00),(11044,305,895,250,'2009-07-01 00:00:00','diario',0.00),(11050,305,895,250,'2009-09-01 00:00:00','diario',0.00),(11058,305,895,250,'2009-10-01 00:00:00','diario',0.00),(11082,305,895,251,'2009-01-01 00:00:00','diario',0.00),(11096,305,895,251,'2009-02-01 00:00:00','diario',0.00),(11105,305,895,251,'2009-04-01 00:00:00','diario',0.00),(11112,305,895,251,'2009-06-01 00:00:00','diario',0.00),(11138,305,895,251,'2009-09-01 00:00:00','diario',0.00),(11139,306,896,250,'2008-01-02 01:00:00','diario',0.00),(11151,306,896,250,'2008-02-01 00:00:00','diario',0.00),(11160,306,896,250,'2008-03-01 00:00:00','diario',0.00),(11174,306,896,250,'2008-04-01 00:00:00','diario',0.00),(11188,306,896,250,'2008-05-01 00:00:00','diario',0.00),(11201,306,896,250,'2008-06-01 00:00:00','diario',0.00),(11215,306,896,250,'2008-07-01 00:00:00','diario',0.00),(11229,306,896,250,'2008-08-01 00:00:00','diario',0.00),(11243,306,896,250,'2008-09-01 00:00:00','diario',0.00),(11257,306,896,250,'2008-10-01 00:00:00','diario',0.00),(11269,306,896,250,'2008-11-01 00:00:00','diario',0.00),(11283,306,896,250,'2008-12-01 00:00:00','diario',0.00),(11453,306,896,250,'2009-01-01 00:00:00','diario',0.00),(11467,306,896,250,'2009-02-01 00:00:00','diario',0.00),(11478,306,896,250,'2009-03-01 00:00:00','diario',0.00),(11492,306,896,250,'2009-04-01 00:00:00','diario',0.00),(11506,306,896,250,'2009-05-01 00:00:00','diario',0.00),(11520,306,896,250,'2009-06-01 00:00:00','diario',0.00),(11534,306,896,250,'2009-07-01 00:00:00','diario',0.00),(11548,306,896,250,'2009-08-01 00:00:00','diario',0.00),(11562,306,896,250,'2009-09-01 00:00:00','diario',0.00),(11576,306,896,250,'2009-10-01 00:00:00','diario',0.00),(11590,306,896,250,'2009-11-01 00:00:00','diario',0.00),(11604,306,896,250,'2009-12-01 00:00:00','diario',0.00),(11296,306,896,251,'2008-01-01 00:00:00','diario',0.00),(11308,306,896,251,'2008-02-01 00:00:00','diario',0.00),(11317,306,896,251,'2008-03-01 00:00:00','diario',0.00),(11331,306,896,251,'2008-04-01 00:00:00','diario',0.00),(11345,306,896,251,'2008-05-01 00:00:00','diario',0.00),(11358,306,896,251,'2008-06-01 00:00:00','diario',0.00),(11372,306,896,251,'2008-07-01 00:00:00','diario',0.00),(11386,306,896,251,'2008-08-01 00:00:00','diario',0.00),(11400,306,896,251,'2008-09-01 00:00:00','diario',0.00),(11414,306,896,251,'2008-10-01 00:00:00','diario',0.00),(11426,306,896,251,'2008-11-01 00:00:00','diario',0.00),(11440,306,896,251,'2008-12-01 00:00:00','diario',0.00),(11618,306,896,251,'2009-01-01 00:00:00','diario',0.00),(11632,306,896,251,'2009-02-01 00:00:00','diario',0.00),(11643,306,896,251,'2009-03-01 00:00:00','diario',0.00),(11657,306,896,251,'2009-04-01 00:00:00','diario',0.00),(11671,306,896,251,'2009-05-01 00:00:00','diario',0.00),(11685,306,896,251,'2009-06-01 00:00:00','diario',0.00),(11699,306,896,251,'2009-07-01 00:00:00','diario',0.00),(11713,306,896,251,'2009-08-01 00:00:00','diario',0.00),(11727,306,896,251,'2009-09-01 00:00:00','diario',0.00),(11741,306,896,251,'2009-10-01 00:00:00','diario',0.00),(11755,306,896,251,'2009-11-01 00:00:00','diario',0.00),(11769,306,896,251,'2009-12-01 00:00:00','diario',0.00),(11140,306,897,250,'2008-01-01 00:00:00','diario',0.00),(11161,306,897,250,'2008-03-01 00:00:00','diario',0.00),(11175,306,897,250,'2008-04-01 00:00:00','diario',0.00),(11189,306,897,250,'2008-05-01 00:00:00','diario',0.00),(11202,306,897,250,'2008-06-01 00:00:00','diario',0.00),(11216,306,897,250,'2008-07-01 00:00:00','diario',0.00),(11230,306,897,250,'2008-08-01 00:00:00','diario',0.00),(11244,306,897,250,'2008-09-01 00:00:00','diario',0.00),(11258,306,897,250,'2008-10-01 00:00:00','diario',0.00),(11270,306,897,250,'2008-11-01 00:00:00','diario',0.00),(11284,306,897,250,'2008-12-01 00:00:00','diario',0.00),(11454,306,897,250,'2009-01-01 00:00:00','diario',0.00),(11479,306,897,250,'2009-03-01 00:00:00','diario',0.00),(11493,306,897,250,'2009-04-01 00:00:00','diario',0.00),(11507,306,897,250,'2009-05-01 00:00:00','diario',0.00),(11521,306,897,250,'2009-06-01 00:00:00','diario',0.00),(11535,306,897,250,'2009-07-01 00:00:00','diario',0.00),(11549,306,897,250,'2009-08-01 00:00:00','diario',0.00),(11563,306,897,250,'2009-09-01 00:00:00','diario',0.00),(11577,306,897,250,'2009-10-01 00:00:00','diario',0.00),(11591,306,897,250,'2009-11-01 00:00:00','diario',0.00),(11605,306,897,250,'2009-12-01 00:00:00','diario',0.00),(11297,306,897,251,'2008-01-01 00:00:00','diario',0.00),(11318,306,897,251,'2008-03-01 00:00:00','diario',0.00),(11332,306,897,251,'2008-04-01 00:00:00','diario',0.00),(11346,306,897,251,'2008-05-01 00:00:00','diario',0.00),(11359,306,897,251,'2008-06-01 00:00:00','diario',0.00),(11373,306,897,251,'2008-07-01 00:00:00','diario',0.00),(11387,306,897,251,'2008-08-01 00:00:00','diario',0.00),(11401,306,897,251,'2008-09-01 00:00:00','diario',0.00),(11415,306,897,251,'2008-10-01 00:00:00','diario',0.00),(11427,306,897,251,'2008-11-01 00:00:00','diario',0.00),(11441,306,897,251,'2008-12-01 00:00:00','diario',0.00),(11619,306,897,251,'2009-01-01 00:00:00','diario',0.00),(11644,306,897,251,'2009-03-01 00:00:00','diario',0.00),(11658,306,897,251,'2009-04-01 00:00:00','diario',0.00),(11672,306,897,251,'2009-05-01 00:00:00','diario',0.00),(11686,306,897,251,'2009-06-01 00:00:00','diario',0.00),(11700,306,897,251,'2009-07-01 00:00:00','diario',0.00),(11714,306,897,251,'2009-08-01 00:00:00','diario',0.00),(11728,306,897,251,'2009-09-01 00:00:00','diario',0.00),(11742,306,897,251,'2009-10-01 00:00:00','diario',0.00),(11756,306,897,251,'2009-11-01 00:00:00','diario',0.00),(11770,306,897,251,'2009-12-01 00:00:00','diario',0.00),(11141,306,898,250,'2008-01-01 00:00:00','diario',0.00),(11162,306,898,250,'2008-03-01 00:00:00','diario',0.00),(11176,306,898,250,'2008-04-01 00:00:00','diario',0.00),(11203,306,898,250,'2008-06-01 00:00:00','diario',0.00),(11217,306,898,250,'2008-07-01 00:00:00','diario',0.00),(11231,306,898,250,'2008-08-01 00:00:00','diario',0.00),(11245,306,898,250,'2008-09-01 00:00:00','diario',0.00),(11271,306,898,250,'2008-11-01 00:00:00','diario',0.00),(11455,306,898,250,'2009-01-01 00:00:00','diario',0.00),(11480,306,898,250,'2009-03-01 00:00:00','diario',0.00),(11494,306,898,250,'2009-04-01 00:00:00','diario',0.00),(11508,306,898,250,'2009-05-01 00:00:00','diario',0.00),(11522,306,898,250,'2009-06-01 00:00:00','diario',0.00),(11536,306,898,250,'2009-07-01 00:00:00','diario',0.00),(11550,306,898,250,'2009-08-01 00:00:00','diario',0.00),(11564,306,898,250,'2009-09-01 00:00:00','diario',0.00),(11578,306,898,250,'2009-10-01 00:00:00','diario',0.00),(11592,306,898,250,'2009-11-01 00:00:00','diario',0.00),(11606,306,898,250,'2009-12-01 00:00:00','diario',0.00),(11298,306,898,251,'2008-01-01 00:00:00','diario',0.00),(11319,306,898,251,'2008-03-01 00:00:00','diario',0.00),(11333,306,898,251,'2008-04-01 00:00:00','diario',0.00),(11360,306,898,251,'2008-06-01 00:00:00','diario',0.00),(11374,306,898,251,'2008-07-01 00:00:00','diario',0.00),(11388,306,898,251,'2008-08-01 00:00:00','diario',0.00),(11402,306,898,251,'2008-09-01 00:00:00','diario',0.00),(11428,306,898,251,'2008-11-01 00:00:00','diario',0.00),(11620,306,898,251,'2009-01-01 00:00:00','diario',0.00),(11645,306,898,251,'2009-03-01 00:00:00','diario',0.00),(11659,306,898,251,'2009-04-01 00:00:00','diario',0.00),(11673,306,898,251,'2009-05-01 00:00:00','diario',0.00),(11687,306,898,251,'2009-06-01 00:00:00','diario',0.00),(11701,306,898,251,'2009-07-01 00:00:00','diario',0.00),(11715,306,898,251,'2009-08-01 00:00:00','diario',0.00),(11729,306,898,251,'2009-09-01 00:00:00','diario',0.00),(11743,306,898,251,'2009-10-01 00:00:00','diario',0.00),(11757,306,898,251,'2009-11-01 00:00:00','diario',0.00),(11771,306,898,251,'2009-12-01 00:00:00','diario',0.00),(11142,306,899,250,'2008-01-01 00:00:00','diario',0.00),(11163,306,899,250,'2008-03-01 00:00:00','diario',0.00),(11177,306,899,250,'2008-04-01 00:00:00','diario',0.00),(11190,306,899,250,'2008-05-01 00:00:00','diario',0.00),(11204,306,899,250,'2008-06-01 00:00:00','diario',0.00),(11218,306,899,250,'2008-07-01 00:00:00','diario',0.00),(11232,306,899,250,'2008-08-01 00:00:00','diario',0.00),(11246,306,899,250,'2008-09-01 00:00:00','diario',0.00),(11272,306,899,250,'2008-11-01 00:00:00','diario',0.00),(11285,306,899,250,'2008-12-01 00:00:00','diario',0.00),(11456,306,899,250,'2009-01-01 00:00:00','diario',0.00),(11481,306,899,250,'2009-03-01 00:00:00','diario',0.00),(11495,306,899,250,'2009-04-01 00:00:00','diario',0.00),(11509,306,899,250,'2009-05-01 00:00:00','diario',0.00),(11523,306,899,250,'2009-06-01 00:00:00','diario',0.00),(11537,306,899,250,'2009-07-01 00:00:00','diario',0.00),(11551,306,899,250,'2009-08-01 00:00:00','diario',0.00),(11565,306,899,250,'2009-09-01 00:00:00','diario',0.00),(11579,306,899,250,'2009-10-01 00:00:00','diario',0.00),(11593,306,899,250,'2009-11-01 00:00:00','diario',0.00),(11607,306,899,250,'2009-12-01 00:00:00','diario',0.00),(11299,306,899,251,'2008-01-01 00:00:00','diario',0.00),(11320,306,899,251,'2008-03-01 00:00:00','diario',0.00),(11334,306,899,251,'2008-04-01 00:00:00','diario',0.00),(11347,306,899,251,'2008-05-01 00:00:00','diario',0.00),(11361,306,899,251,'2008-06-01 00:00:00','diario',0.00),(11375,306,899,251,'2008-07-01 00:00:00','diario',0.00),(11389,306,899,251,'2008-08-01 00:00:00','diario',0.00),(11403,306,899,251,'2008-09-01 00:00:00','diario',0.00),(11429,306,899,251,'2008-11-01 00:00:00','diario',0.00),(11442,306,899,251,'2008-12-01 00:00:00','diario',0.00),(11621,306,899,251,'2009-01-01 00:00:00','diario',0.00),(11646,306,899,251,'2009-03-01 00:00:00','diario',0.00),(11660,306,899,251,'2009-04-01 00:00:00','diario',0.00),(11674,306,899,251,'2009-05-01 00:00:00','diario',0.00),(11688,306,899,251,'2009-06-01 00:00:00','diario',0.00),(11702,306,899,251,'2009-07-01 00:00:00','diario',0.00),(11716,306,899,251,'2009-08-01 00:00:00','diario',0.00),(11730,306,899,251,'2009-09-01 00:00:00','diario',0.00),(11744,306,899,251,'2009-10-01 00:00:00','diario',0.00),(11758,306,899,251,'2009-11-01 00:00:00','diario',0.00),(11772,306,899,251,'2009-12-01 00:00:00','diario',0.00),(11143,306,900,250,'2008-01-01 00:00:00','diario',0.00),(11152,306,900,250,'2008-02-01 00:00:00','diario',0.00),(11164,306,900,250,'2008-03-01 00:00:00','diario',0.00),(11178,306,900,250,'2008-04-01 00:00:00','diario',0.00),(11191,306,900,250,'2008-05-01 00:00:00','diario',0.00),(11205,306,900,250,'2008-06-01 00:00:00','diario',0.00),(11219,306,900,250,'2008-07-01 00:00:00','diario',0.00),(11233,306,900,250,'2008-08-01 00:00:00','diario',0.00),(11247,306,900,250,'2008-09-01 00:00:00','diario',0.00),(11259,306,900,250,'2008-10-01 00:00:00','diario',0.00),(11273,306,900,250,'2008-11-01 00:00:00','diario',0.00),(11286,306,900,250,'2008-12-01 00:00:00','diario',0.00),(11457,306,900,250,'2009-01-01 00:00:00','diario',0.00),(11468,306,900,250,'2009-02-01 00:00:00','diario',0.00),(11482,306,900,250,'2009-03-01 00:00:00','diario',0.00),(11496,306,900,250,'2009-04-01 00:00:00','diario',0.00),(11510,306,900,250,'2009-05-01 00:00:00','diario',0.00),(11524,306,900,250,'2009-06-01 00:00:00','diario',0.00),(11538,306,900,250,'2009-07-01 00:00:00','diario',0.00),(11552,306,900,250,'2009-08-01 00:00:00','diario',0.00),(11566,306,900,250,'2009-09-01 00:00:00','diario',0.00),(11580,306,900,250,'2009-10-01 00:00:00','diario',0.00),(11594,306,900,250,'2009-11-01 00:00:00','diario',0.00),(11608,306,900,250,'2009-12-01 00:00:00','diario',0.00),(11300,306,900,251,'2008-01-01 00:00:00','diario',0.00),(11309,306,900,251,'2008-02-01 00:00:00','diario',0.00),(11321,306,900,251,'2008-03-01 00:00:00','diario',0.00),(11335,306,900,251,'2008-04-01 00:00:00','diario',0.00),(11348,306,900,251,'2008-05-01 00:00:00','diario',0.00),(11362,306,900,251,'2008-06-01 00:00:00','diario',0.00),(11376,306,900,251,'2008-07-01 00:00:00','diario',0.00),(11390,306,900,251,'2008-08-01 00:00:00','diario',0.00),(11404,306,900,251,'2008-09-01 00:00:00','diario',0.00),(11416,306,900,251,'2008-10-01 00:00:00','diario',0.00),(11430,306,900,251,'2008-11-01 00:00:00','diario',0.00),(11443,306,900,251,'2008-12-01 00:00:00','diario',0.00),(11622,306,900,251,'2009-01-01 00:00:00','diario',0.00),(11633,306,900,251,'2009-02-01 00:00:00','diario',0.00),(11647,306,900,251,'2009-03-01 00:00:00','diario',0.00),(11661,306,900,251,'2009-04-01 00:00:00','diario',0.00),(11675,306,900,251,'2009-05-01 00:00:00','diario',0.00),(11689,306,900,251,'2009-06-01 00:00:00','diario',0.00),(11703,306,900,251,'2009-07-01 00:00:00','diario',0.00),(11717,306,900,251,'2009-08-01 00:00:00','diario',0.00),(11731,306,900,251,'2009-09-01 00:00:00','diario',0.00),(11745,306,900,251,'2009-10-01 00:00:00','diario',0.00),(11759,306,900,251,'2009-11-01 00:00:00','diario',0.00),(11773,306,900,251,'2009-12-01 00:00:00','diario',0.00),(11144,307,901,250,'2008-01-01 00:00:00','diario',0.00),(11153,307,901,250,'2008-02-01 00:00:00','diario',0.00),(11165,307,901,250,'2008-03-01 00:00:00','diario',0.00),(11179,307,901,250,'2008-04-01 00:00:00','diario',0.00),(11192,307,901,250,'2008-05-01 00:00:00','diario',0.00),(11206,307,901,250,'2008-06-01 00:00:00','diario',0.00),(11220,307,901,250,'2008-07-01 00:00:00','diario',0.00),(11234,307,901,250,'2008-08-01 00:00:00','diario',0.00),(11248,307,901,250,'2008-09-01 00:00:00','diario',0.00),(11260,307,901,250,'2008-10-01 00:00:00','diario',0.00),(11274,307,901,250,'2008-11-01 00:00:00','diario',0.00),(11287,307,901,250,'2008-12-01 00:00:00','diario',0.00),(11458,307,901,250,'2009-01-01 00:00:00','diario',0.00),(11469,307,901,250,'2009-02-01 00:00:00','diario',0.00),(11483,307,901,250,'2009-03-01 00:00:00','diario',0.00),(11497,307,901,250,'2009-04-01 00:00:00','diario',0.00),(11511,307,901,250,'2009-05-01 00:00:00','diario',0.00),(11525,307,901,250,'2009-06-01 00:00:00','diario',0.00),(11539,307,901,250,'2009-07-01 00:00:00','diario',0.00),(11553,307,901,250,'2009-08-01 00:00:00','diario',0.00),(11567,307,901,250,'2009-09-01 00:00:00','diario',0.00),(11581,307,901,250,'2009-10-01 00:00:00','diario',0.00),(11595,307,901,250,'2009-11-01 00:00:00','diario',0.00),(11609,307,901,250,'2009-12-01 00:00:00','diario',0.00),(11301,307,901,251,'2008-01-01 00:00:00','diario',0.00),(11310,307,901,251,'2008-02-01 00:00:00','diario',0.00),(11322,307,901,251,'2008-03-01 00:00:00','diario',0.00),(11336,307,901,251,'2008-04-01 00:00:00','diario',0.00),(11349,307,901,251,'2008-05-01 00:00:00','diario',0.00),(11363,307,901,251,'2008-06-01 00:00:00','diario',0.00),(11377,307,901,251,'2008-07-01 00:00:00','diario',0.00),(11391,307,901,251,'2008-08-01 00:00:00','diario',0.00),(11405,307,901,251,'2008-09-01 00:00:00','diario',0.00),(11417,307,901,251,'2008-10-01 00:00:00','diario',0.00),(11431,307,901,251,'2008-11-01 00:00:00','diario',0.00),(11444,307,901,251,'2008-12-01 00:00:00','diario',0.00),(11623,307,901,251,'2009-01-01 00:00:00','diario',0.00),(11634,307,901,251,'2009-02-01 00:00:00','diario',0.00),(11648,307,901,251,'2009-03-01 00:00:00','diario',0.00),(11662,307,901,251,'2009-04-01 00:00:00','diario',0.00),(11676,307,901,251,'2009-05-01 00:00:00','diario',0.00),(11690,307,901,251,'2009-06-01 00:00:00','diario',0.00),(11704,307,901,251,'2009-07-01 00:00:00','diario',0.00),(11718,307,901,251,'2009-08-01 00:00:00','diario',0.00),(11732,307,901,251,'2009-09-01 00:00:00','diario',0.00),(11746,307,901,251,'2009-10-01 00:00:00','diario',0.00),(11760,307,901,251,'2009-11-01 00:00:00','diario',0.00),(11774,307,901,251,'2009-12-01 00:00:00','diario',0.00),(11145,307,902,250,'2008-01-01 00:00:00','diario',0.00),(11154,307,902,250,'2008-02-01 00:00:00','diario',0.00),(11166,307,902,250,'2008-03-01 00:00:00','diario',0.00),(11180,307,902,250,'2008-04-01 00:00:00','diario',0.00),(11193,307,902,250,'2008-05-01 00:00:00','diario',0.00),(11207,307,902,250,'2008-06-01 00:00:00','diario',0.00),(11221,307,902,250,'2008-07-01 00:00:00','diario',0.00),(11235,307,902,250,'2008-08-01 00:00:00','diario',0.00),(11249,307,902,250,'2008-09-01 00:00:00','diario',0.00),(11261,307,902,250,'2008-10-01 00:00:00','diario',0.00),(11275,307,902,250,'2008-11-01 00:00:00','diario',0.00),(11288,307,902,250,'2008-12-01 00:00:00','diario',0.00),(11459,307,902,250,'2009-01-01 00:00:00','diario',0.00),(11470,307,902,250,'2009-02-01 00:00:00','diario',0.00),(11484,307,902,250,'2009-03-01 00:00:00','diario',0.00),(11498,307,902,250,'2009-04-01 00:00:00','diario',0.00),(11512,307,902,250,'2009-05-01 00:00:00','diario',0.00),(11526,307,902,250,'2009-06-01 00:00:00','diario',0.00),(11540,307,902,250,'2009-07-01 00:00:00','diario',0.00),(11554,307,902,250,'2009-08-01 00:00:00','diario',0.00),(11568,307,902,250,'2009-09-01 00:00:00','diario',0.00),(11582,307,902,250,'2009-10-01 00:00:00','diario',0.00),(11596,307,902,250,'2009-11-01 00:00:00','diario',0.00),(11610,307,902,250,'2009-12-01 00:00:00','diario',0.00),(11302,307,902,251,'2008-01-01 00:00:00','diario',0.00),(11311,307,902,251,'2008-02-01 00:00:00','diario',0.00),(11323,307,902,251,'2008-03-01 00:00:00','diario',0.00),(11337,307,902,251,'2008-04-01 00:00:00','diario',0.00),(11350,307,902,251,'2008-05-01 00:00:00','diario',0.00),(11364,307,902,251,'2008-06-01 00:00:00','diario',0.00),(11378,307,902,251,'2008-07-01 00:00:00','diario',0.00),(11392,307,902,251,'2008-08-01 00:00:00','diario',0.00),(11406,307,902,251,'2008-09-01 00:00:00','diario',0.00),(11418,307,902,251,'2008-10-01 00:00:00','diario',0.00),(11432,307,902,251,'2008-11-01 00:00:00','diario',0.00),(11445,307,902,251,'2008-12-01 00:00:00','diario',0.00),(11624,307,902,251,'2009-01-01 00:00:00','diario',0.00),(11635,307,902,251,'2009-02-01 00:00:00','diario',0.00),(11649,307,902,251,'2009-03-01 00:00:00','diario',0.00),(11663,307,902,251,'2009-04-01 00:00:00','diario',0.00),(11677,307,902,251,'2009-05-01 00:00:00','diario',0.00),(11691,307,902,251,'2009-06-01 00:00:00','diario',0.00),(11705,307,902,251,'2009-07-01 00:00:00','diario',0.00),(11719,307,902,251,'2009-08-01 00:00:00','diario',0.00),(11733,307,902,251,'2009-09-01 00:00:00','diario',0.00),(11747,307,902,251,'2009-10-01 00:00:00','diario',0.00),(11761,307,902,251,'2009-11-01 00:00:00','diario',0.00),(11775,307,902,251,'2009-12-01 00:00:00','diario',0.00),(11146,308,903,250,'2008-01-01 00:00:00','diario',0.00),(11155,308,903,250,'2008-02-01 00:00:00','diario',0.00),(11167,308,903,250,'2008-03-01 00:00:00','diario',0.00),(11181,308,903,250,'2008-04-01 00:00:00','diario',0.00),(11194,308,903,250,'2008-05-01 00:00:00','diario',0.00),(11208,308,903,250,'2008-06-01 00:00:00','diario',0.00),(11222,308,903,250,'2008-07-01 00:00:00','diario',0.00),(11236,308,903,250,'2008-08-01 00:00:00','diario',0.00),(11250,308,903,250,'2008-09-01 00:00:00','diario',0.00),(11262,308,903,250,'2008-10-01 00:00:00','diario',0.00),(11276,308,903,250,'2008-11-01 00:00:00','diario',0.00),(11289,308,903,250,'2008-12-01 00:00:00','diario',0.00),(11460,308,903,250,'2009-01-01 00:00:00','diario',0.00),(11471,308,903,250,'2009-02-01 00:00:00','diario',0.00),(11485,308,903,250,'2009-03-01 00:00:00','diario',0.00),(11499,308,903,250,'2009-04-01 00:00:00','diario',0.00),(11513,308,903,250,'2009-05-01 00:00:00','diario',0.00),(11527,308,903,250,'2009-06-01 00:00:00','diario',0.00),(11541,308,903,250,'2009-07-01 00:00:00','diario',0.00),(11555,308,903,250,'2009-08-01 00:00:00','diario',0.00),(11569,308,903,250,'2009-09-01 00:00:00','diario',0.00),(11583,308,903,250,'2009-10-01 00:00:00','diario',0.00),(11597,308,903,250,'2009-11-01 00:00:00','diario',0.00),(11611,308,903,250,'2009-12-01 00:00:00','diario',0.00),(11303,308,903,251,'2008-01-01 00:00:00','diario',0.00),(11312,308,903,251,'2008-02-01 00:00:00','diario',0.00),(11324,308,903,251,'2008-03-01 00:00:00','diario',0.00),(11338,308,903,251,'2008-04-01 00:00:00','diario',0.00),(11351,308,903,251,'2008-05-01 00:00:00','diario',0.00),(11365,308,903,251,'2008-06-01 00:00:00','diario',0.00),(11379,308,903,251,'2008-07-01 00:00:00','diario',0.00),(11393,308,903,251,'2008-08-01 00:00:00','diario',0.00),(11407,308,903,251,'2008-09-01 00:00:00','diario',0.00),(11419,308,903,251,'2008-10-01 00:00:00','diario',0.00),(11433,308,903,251,'2008-11-01 00:00:00','diario',0.00),(11446,308,903,251,'2008-12-01 00:00:00','diario',0.00),(11625,308,903,251,'2009-01-01 00:00:00','diario',0.00),(11636,308,903,251,'2009-02-01 00:00:00','diario',0.00),(11650,308,903,251,'2009-03-01 00:00:00','diario',0.00),(11664,308,903,251,'2009-04-01 00:00:00','diario',0.00),(11678,308,903,251,'2009-05-01 00:00:00','diario',0.00),(11692,308,903,251,'2009-06-01 00:00:00','diario',0.00),(11706,308,903,251,'2009-07-01 00:00:00','diario',0.00),(11720,308,903,251,'2009-08-01 00:00:00','diario',0.00),(11734,308,903,251,'2009-09-01 00:00:00','diario',0.00),(11748,308,903,251,'2009-10-01 00:00:00','diario',0.00),(11762,308,903,251,'2009-11-01 00:00:00','diario',0.00),(11776,308,903,251,'2009-12-01 00:00:00','diario',0.00),(11147,309,904,250,'2008-01-01 00:00:00','diario',0.00),(11156,309,904,250,'2008-02-01 00:00:00','diario',0.00),(11168,309,904,250,'2008-03-01 00:00:00','diario',0.00),(11182,309,904,250,'2008-04-01 00:00:00','diario',0.00),(11195,309,904,250,'2008-05-01 00:00:00','diario',0.00),(11209,309,904,250,'2008-06-01 00:00:00','diario',0.00),(11223,309,904,250,'2008-07-01 00:00:00','diario',0.00),(11237,309,904,250,'2008-08-01 00:00:00','diario',0.00),(11251,309,904,250,'2008-09-01 00:00:00','diario',0.00),(11263,309,904,250,'2008-10-01 00:00:00','diario',0.00),(11277,309,904,250,'2008-11-01 00:00:00','diario',0.00),(11290,309,904,250,'2008-12-01 00:00:00','diario',0.00),(11461,309,904,250,'2009-01-01 00:00:00','diario',0.00),(11472,309,904,250,'2009-02-01 00:00:00','diario',0.00),(11486,309,904,250,'2009-03-01 00:00:00','diario',0.00),(11500,309,904,250,'2009-04-01 00:00:00','diario',0.00),(11514,309,904,250,'2009-05-01 00:00:00','diario',0.00),(11528,309,904,250,'2009-06-01 00:00:00','diario',0.00),(11542,309,904,250,'2009-07-01 00:00:00','diario',0.00),(11556,309,904,250,'2009-08-01 00:00:00','diario',0.00),(11570,309,904,250,'2009-09-01 00:00:00','diario',0.00),(11584,309,904,250,'2009-10-01 00:00:00','diario',0.00),(11598,309,904,250,'2009-11-01 00:00:00','diario',0.00),(11612,309,904,250,'2009-12-01 00:00:00','diario',0.00),(11304,309,904,251,'2008-01-01 00:00:00','diario',0.00),(11313,309,904,251,'2008-02-01 00:00:00','diario',0.00),(11325,309,904,251,'2008-03-01 00:00:00','diario',0.00),(11339,309,904,251,'2008-04-01 00:00:00','diario',0.00),(11352,309,904,251,'2008-05-01 00:00:00','diario',0.00),(11366,309,904,251,'2008-06-01 00:00:00','diario',0.00),(11380,309,904,251,'2008-07-01 00:00:00','diario',0.00),(11394,309,904,251,'2008-08-01 00:00:00','diario',0.00),(11408,309,904,251,'2008-09-01 00:00:00','diario',0.00),(11420,309,904,251,'2008-10-01 00:00:00','diario',0.00),(11434,309,904,251,'2008-11-01 00:00:00','diario',0.00),(11447,309,904,251,'2008-12-01 00:00:00','diario',0.00),(11626,309,904,251,'2009-01-01 00:00:00','diario',0.00),(11637,309,904,251,'2009-02-01 00:00:00','diario',0.00),(11651,309,904,251,'2009-03-01 00:00:00','diario',0.00),(11665,309,904,251,'2009-04-01 00:00:00','diario',0.00),(11679,309,904,251,'2009-05-01 00:00:00','diario',0.00),(11693,309,904,251,'2009-06-01 00:00:00','diario',0.00),(11707,309,904,251,'2009-07-01 00:00:00','diario',0.00),(11721,309,904,251,'2009-08-01 00:00:00','diario',0.00),(11735,309,904,251,'2009-09-01 00:00:00','diario',0.00),(11749,309,904,251,'2009-10-01 00:00:00','diario',0.00),(11763,309,904,251,'2009-11-01 00:00:00','diario',0.00),(11777,309,904,251,'2009-12-01 00:00:00','diario',0.00),(11148,310,905,250,'2008-01-01 00:00:00','diario',0.00),(11157,310,905,250,'2008-02-01 00:00:00','diario',0.00),(11169,310,905,250,'2008-03-01 00:00:00','diario',0.00),(11183,310,905,250,'2008-04-01 00:00:00','diario',0.00),(11196,310,905,250,'2008-05-01 00:00:00','diario',0.00),(11210,310,905,250,'2008-06-01 00:00:00','diario',0.00),(11224,310,905,250,'2008-07-01 00:00:00','diario',0.00),(11238,310,905,250,'2008-08-01 00:00:00','diario',0.00),(11252,310,905,250,'2008-09-01 00:00:00','diario',0.00),(11264,310,905,250,'2008-10-01 00:00:00','diario',0.00),(11278,310,905,250,'2008-11-01 00:00:00','diario',0.00),(11291,310,905,250,'2008-12-01 00:00:00','diario',0.00),(11462,310,905,250,'2009-01-01 00:00:00','diario',0.00),(11473,310,905,250,'2009-02-01 00:00:00','diario',0.00),(11487,310,905,250,'2009-03-01 00:00:00','diario',0.00),(11501,310,905,250,'2009-04-01 00:00:00','diario',0.00),(11515,310,905,250,'2009-05-01 00:00:00','diario',0.00),(11529,310,905,250,'2009-06-01 00:00:00','diario',0.00),(11543,310,905,250,'2009-07-01 00:00:00','diario',0.00),(11557,310,905,250,'2009-08-01 00:00:00','diario',0.00),(11571,310,905,250,'2009-09-01 00:00:00','diario',0.00),(11585,310,905,250,'2009-10-01 00:00:00','diario',0.00),(11599,310,905,250,'2009-11-01 00:00:00','diario',0.00),(11613,310,905,250,'2009-12-01 00:00:00','diario',0.00),(11305,310,905,251,'2008-01-01 00:00:00','diario',0.00),(11314,310,905,251,'2008-02-01 00:00:00','diario',0.00),(11326,310,905,251,'2008-03-01 00:00:00','diario',0.00),(11340,310,905,251,'2008-04-01 00:00:00','diario',0.00),(11353,310,905,251,'2008-05-01 00:00:00','diario',0.00),(11367,310,905,251,'2008-06-01 00:00:00','diario',0.00),(11381,310,905,251,'2008-07-01 00:00:00','diario',0.00),(11395,310,905,251,'2008-08-01 00:00:00','diario',0.00),(11409,310,905,251,'2008-09-01 00:00:00','diario',0.00),(11421,310,905,251,'2008-10-01 00:00:00','diario',0.00),(11435,310,905,251,'2008-11-01 00:00:00','diario',0.00),(11448,310,905,251,'2008-12-01 00:00:00','diario',0.00),(11627,310,905,251,'2009-01-01 00:00:00','diario',0.00),(11638,310,905,251,'2009-02-01 00:00:00','diario',0.00),(11652,310,905,251,'2009-03-01 00:00:00','diario',0.00),(11666,310,905,251,'2009-04-01 00:00:00','diario',0.00),(11680,310,905,251,'2009-05-01 00:00:00','diario',0.00),(11694,310,905,251,'2009-06-01 00:00:00','diario',0.00),(11708,310,905,251,'2009-07-01 00:00:00','diario',0.00),(11722,310,905,251,'2009-08-01 00:00:00','diario',0.00),(11736,310,905,251,'2009-09-01 00:00:00','diario',0.00),(11750,310,905,251,'2009-10-01 00:00:00','diario',0.00),(11764,310,905,251,'2009-11-01 00:00:00','diario',0.00),(11778,310,905,251,'2009-12-01 00:00:00','diario',0.00),(11149,310,906,250,'2008-01-01 00:00:00','diario',0.00),(11158,310,906,250,'2008-02-01 00:00:00','diario',0.00),(11170,310,906,250,'2008-03-01 00:00:00','diario',0.00),(11184,310,906,250,'2008-04-01 00:00:00','diario',0.00),(11197,310,906,250,'2008-05-01 00:00:00','diario',0.00),(11211,310,906,250,'2008-06-01 00:00:00','diario',0.00),(11225,310,906,250,'2008-07-01 00:00:00','diario',0.00),(11239,310,906,250,'2008-08-01 00:00:00','diario',0.00),(11253,310,906,250,'2008-09-01 00:00:00','diario',0.00),(11265,310,906,250,'2008-10-01 00:00:00','diario',0.00),(11279,310,906,250,'2008-11-01 00:00:00','diario',0.00),(11292,310,906,250,'2008-12-01 00:00:00','diario',0.00),(11463,310,906,250,'2009-01-01 00:00:00','diario',0.00),(11474,310,906,250,'2009-02-01 00:00:00','diario',0.00),(11488,310,906,250,'2009-03-01 00:00:00','diario',0.00),(11502,310,906,250,'2009-04-01 00:00:00','diario',0.00),(11516,310,906,250,'2009-05-01 00:00:00','diario',0.00),(11530,310,906,250,'2009-06-01 00:00:00','diario',0.00),(11544,310,906,250,'2009-07-01 00:00:00','diario',0.00),(11558,310,906,250,'2009-08-01 00:00:00','diario',0.00),(11572,310,906,250,'2009-09-01 00:00:00','diario',0.00),(11586,310,906,250,'2009-10-01 00:00:00','diario',0.00),(11600,310,906,250,'2009-11-01 00:00:00','diario',0.00),(11614,310,906,250,'2009-12-01 00:00:00','diario',0.00),(11306,310,906,251,'2008-01-01 00:00:00','diario',0.00),(11315,310,906,251,'2008-02-01 00:00:00','diario',0.00),(11327,310,906,251,'2008-03-01 00:00:00','diario',0.00),(11341,310,906,251,'2008-04-01 00:00:00','diario',0.00),(11354,310,906,251,'2008-05-01 00:00:00','diario',0.00),(11368,310,906,251,'2008-06-01 00:00:00','diario',0.00),(11382,310,906,251,'2008-07-01 00:00:00','diario',0.00),(11396,310,906,251,'2008-08-01 00:00:00','diario',0.00),(11410,310,906,251,'2008-09-01 00:00:00','diario',0.00),(11422,310,906,251,'2008-10-01 00:00:00','diario',0.00),(11436,310,906,251,'2008-11-01 00:00:00','diario',0.00),(11449,310,906,251,'2008-12-01 00:00:00','diario',0.00),(11628,310,906,251,'2009-01-01 00:00:00','diario',0.00),(11639,310,906,251,'2009-02-01 00:00:00','diario',0.00),(11653,310,906,251,'2009-03-01 00:00:00','diario',0.00),(11667,310,906,251,'2009-04-01 00:00:00','diario',0.00),(11681,310,906,251,'2009-05-01 00:00:00','diario',0.00),(11695,310,906,251,'2009-06-01 00:00:00','diario',0.00),(11709,310,906,251,'2009-07-01 00:00:00','diario',0.00),(11723,310,906,251,'2009-08-01 00:00:00','diario',0.00),(11737,310,906,251,'2009-09-01 00:00:00','diario',0.00),(11751,310,906,251,'2009-10-01 00:00:00','diario',0.00),(11765,310,906,251,'2009-11-01 00:00:00','diario',0.00),(11779,310,906,251,'2009-12-01 00:00:00','diario',0.00),(11150,310,907,250,'2008-01-01 00:00:00','diario',0.00),(11159,310,907,250,'2008-02-01 00:00:00','diario',0.00),(11171,310,907,250,'2008-03-01 00:00:00','diario',0.00),(11185,310,907,250,'2008-04-01 00:00:00','diario',0.00),(11198,310,907,250,'2008-05-01 00:00:00','diario',0.00),(11212,310,907,250,'2008-06-01 00:00:00','diario',0.00),(11226,310,907,250,'2008-07-01 00:00:00','diario',0.00),(11240,310,907,250,'2008-08-01 00:00:00','diario',0.00),(11254,310,907,250,'2008-09-01 00:00:00','diario',0.00),(11266,310,907,250,'2008-10-01 00:00:00','diario',0.00),(11280,310,907,250,'2008-11-01 00:00:00','diario',0.00),(11293,310,907,250,'2008-12-01 00:00:00','diario',0.00),(11464,310,907,250,'2009-01-01 00:00:00','diario',0.00),(11475,310,907,250,'2009-02-01 00:00:00','diario',0.00),(11489,310,907,250,'2009-03-01 00:00:00','diario',0.00),(11503,310,907,250,'2009-04-01 00:00:00','diario',0.00),(11517,310,907,250,'2009-05-01 00:00:00','diario',0.00),(11531,310,907,250,'2009-06-01 00:00:00','diario',0.00),(11545,310,907,250,'2009-07-01 00:00:00','diario',0.00),(11559,310,907,250,'2009-08-01 00:00:00','diario',0.00),(11573,310,907,250,'2009-09-01 00:00:00','diario',0.00),(11587,310,907,250,'2009-10-01 00:00:00','diario',0.00),(11601,310,907,250,'2009-11-01 00:00:00','diario',0.00),(11615,310,907,250,'2009-12-01 00:00:00','diario',0.00),(11307,310,907,251,'2008-01-01 00:00:00','diario',0.00),(11316,310,907,251,'2008-02-01 00:00:00','diario',0.00),(11328,310,907,251,'2008-03-01 00:00:00','diario',0.00),(11342,310,907,251,'2008-04-01 00:00:00','diario',0.00),(11355,310,907,251,'2008-05-01 00:00:00','diario',0.00),(11369,310,907,251,'2008-06-01 00:00:00','diario',0.00),(11383,310,907,251,'2008-07-01 00:00:00','diario',0.00),(11397,310,907,251,'2008-08-01 00:00:00','diario',0.00),(11411,310,907,251,'2008-09-01 00:00:00','diario',0.00),(11423,310,907,251,'2008-10-01 00:00:00','diario',0.00),(11437,310,907,251,'2008-11-01 00:00:00','diario',0.00),(11450,310,907,251,'2008-12-01 00:00:00','diario',0.00),(11629,310,907,251,'2009-01-01 00:00:00','diario',0.00),(11640,310,907,251,'2009-02-01 00:00:00','diario',0.00),(11654,310,907,251,'2009-03-01 00:00:00','diario',0.00),(11668,310,907,251,'2009-04-01 00:00:00','diario',0.00),(11682,310,907,251,'2009-05-01 00:00:00','diario',0.00),(11696,310,907,251,'2009-06-01 00:00:00','diario',0.00),(11710,310,907,251,'2009-07-01 00:00:00','diario',0.00),(11724,310,907,251,'2009-08-01 00:00:00','diario',0.00),(11738,310,907,251,'2009-09-01 00:00:00','diario',0.00),(11752,310,907,251,'2009-10-01 00:00:00','diario',0.00),(11766,310,907,251,'2009-11-01 00:00:00','diario',0.00),(11780,310,907,251,'2009-12-01 00:00:00','diario',0.00),(11172,311,908,250,'2008-03-01 00:00:00','diario',0.00),(11186,311,908,250,'2008-04-01 00:00:00','diario',0.00),(11199,311,908,250,'2008-05-01 00:00:00','diario',0.00),(11213,311,908,250,'2008-06-01 00:00:00','diario',0.00),(11227,311,908,250,'2008-07-01 00:00:00','diario',0.00),(11241,311,908,250,'2008-08-01 00:00:00','diario',0.00),(11255,311,908,250,'2008-09-01 00:00:00','diario',0.00),(11267,311,908,250,'2008-10-01 00:00:00','diario',0.00),(11281,311,908,250,'2008-11-01 00:00:00','diario',0.00),(11294,311,908,250,'2008-12-01 00:00:00','diario',0.00),(11465,311,908,250,'2009-01-01 00:00:00','diario',0.00),(11476,311,908,250,'2009-02-01 00:00:00','diario',0.00),(11490,311,908,250,'2009-03-01 00:00:00','diario',0.00),(11504,311,908,250,'2009-04-01 00:00:00','diario',0.00),(11518,311,908,250,'2009-05-01 00:00:00','diario',0.00),(11532,311,908,250,'2009-06-01 00:00:00','diario',0.00),(11546,311,908,250,'2009-07-01 00:00:00','diario',0.00),(11560,311,908,250,'2009-08-01 00:00:00','diario',0.00),(11574,311,908,250,'2009-09-01 00:00:00','diario',0.00),(11588,311,908,250,'2009-10-01 00:00:00','diario',0.00),(11602,311,908,250,'2009-11-01 00:00:00','diario',0.00),(11616,311,908,250,'2009-12-01 00:00:00','diario',0.00),(11329,311,908,251,'2008-03-01 00:00:00','diario',0.00),(11343,311,908,251,'2008-04-01 00:00:00','diario',0.00),(11356,311,908,251,'2008-05-01 00:00:00','diario',0.00),(11370,311,908,251,'2008-06-01 00:00:00','diario',0.00),(11384,311,908,251,'2008-07-01 00:00:00','diario',0.00),(11398,311,908,251,'2008-08-01 00:00:00','diario',0.00),(11412,311,908,251,'2008-09-01 00:00:00','diario',0.00),(11424,311,908,251,'2008-10-01 00:00:00','diario',0.00),(11438,311,908,251,'2008-11-01 00:00:00','diario',0.00),(11451,311,908,251,'2008-12-01 00:00:00','diario',0.00),(11630,311,908,251,'2009-01-01 00:00:00','diario',0.00),(11641,311,908,251,'2009-02-01 00:00:00','diario',0.00),(11655,311,908,251,'2009-03-01 00:00:00','diario',0.00),(11669,311,908,251,'2009-04-01 00:00:00','diario',0.00),(11683,311,908,251,'2009-05-01 00:00:00','diario',0.00),(11697,311,908,251,'2009-06-01 00:00:00','diario',0.00),(11711,311,908,251,'2009-07-01 00:00:00','diario',0.00),(11725,311,908,251,'2009-08-01 00:00:00','diario',0.00),(11739,311,908,251,'2009-09-01 00:00:00','diario',0.00),(11753,311,908,251,'2009-10-01 00:00:00','diario',0.00),(11767,311,908,251,'2009-11-01 00:00:00','diario',0.00),(11781,311,908,251,'2009-12-01 12:00:00','diario',0.00),(11173,311,909,250,'2008-03-01 00:00:00','diario',0.00),(11187,311,909,250,'2008-04-01 00:00:00','diario',0.00),(11200,311,909,250,'2008-05-01 00:00:00','diario',0.00),(11214,311,909,250,'2008-06-01 00:00:00','diario',0.00),(11228,311,909,250,'2008-07-01 00:00:00','diario',0.00),(11242,311,909,250,'2008-08-01 00:00:00','diario',0.00),(11256,311,909,250,'2008-09-01 00:00:00','diario',0.00),(11268,311,909,250,'2008-10-01 00:00:00','diario',0.00),(11282,311,909,250,'2008-11-01 00:00:00','diario',0.00),(11295,311,909,250,'2008-12-01 00:00:00','diario',0.00),(11466,311,909,250,'2009-01-01 00:00:00','diario',0.00),(11477,311,909,250,'2009-02-01 00:00:00','diario',0.00),(11491,311,909,250,'2009-03-01 00:00:00','diario',0.00),(11505,311,909,250,'2009-04-01 00:00:00','diario',0.00),(11519,311,909,250,'2009-05-01 00:00:00','diario',0.00),(11533,311,909,250,'2009-06-01 00:00:00','diario',0.00),(11547,311,909,250,'2009-07-01 00:00:00','diario',0.00),(11561,311,909,250,'2009-08-01 00:00:00','diario',0.00),(11575,311,909,250,'2009-09-01 00:00:00','diario',0.00),(11589,311,909,250,'2009-10-01 00:00:00','diario',0.00),(11603,311,909,250,'2009-11-01 00:00:00','diario',0.00),(11617,311,909,250,'2009-12-01 00:00:00','diario',0.00),(11330,311,909,251,'2008-03-01 00:00:00','diario',0.00),(11344,311,909,251,'2008-04-01 00:00:00','diario',0.00),(11357,311,909,251,'2008-05-01 00:00:00','diario',0.00),(11371,311,909,251,'2008-06-01 00:00:00','diario',0.00),(11385,311,909,251,'2008-07-01 00:00:00','diario',0.00),(11399,311,909,251,'2008-08-01 00:00:00','diario',0.00),(11413,311,909,251,'2008-09-01 00:00:00','diario',0.00),(11425,311,909,251,'2008-10-01 00:00:00','diario',0.00),(11439,311,909,251,'2008-11-01 00:00:00','diario',0.00),(11452,311,909,251,'2008-12-01 00:00:00','diario',0.00),(11631,311,909,251,'2009-01-01 00:00:00','diario',0.00),(11642,311,909,251,'2009-02-01 00:00:00','diario',0.00),(11656,311,909,251,'2009-03-01 00:00:00','diario',0.00),(11670,311,909,251,'2009-04-01 00:00:00','diario',0.00),(11684,311,909,251,'2009-05-01 00:00:00','diario',0.00),(11698,311,909,251,'2009-06-01 00:00:00','diario',0.00),(11712,311,909,251,'2009-07-01 00:00:00','diario',0.00),(11726,311,909,251,'2009-08-01 00:00:00','diario',0.00),(11740,311,909,251,'2009-09-01 00:00:00','diario',0.00),(11754,311,909,251,'2009-10-01 00:00:00','diario',0.00),(11768,311,909,251,'2009-11-01 00:00:00','diario',0.00),(11782,311,909,251,'2009-12-21 01:00:00','diario',0.00),(11783,321,919,253,'2009-07-29 12:00:00','mensal',5.00),(11784,321,920,250,'2009-07-01 14:00:00','diario',0.00),(11785,322,921,251,'2010-02-26 03:00:00','mensal',0.00),(11786,323,922,255,'2010-04-05 12:00:00','diario',0.00),(11787,324,923,251,'2010-02-26 03:00:00','diario',0.00),(11788,325,924,255,'2010-05-26 15:00:00','mensal',0.00),(11789,326,925,253,'2009-07-29 12:00:00','mensal',5.00);
/*!40000 ALTER TABLE `coleta` ENABLE KEYS */;
UNLOCK TABLES;

--
-- Table structure for table `coleta_parametro`
--

DROP TABLE IF EXISTS `coleta_parametro`;
/*!40101 SET @saved_cs_client     = @@character_set_client */;
/*!40101 SET character_set_client = utf8 */;
CREATE TABLE `coleta_parametro` (
  `id_coleta_parametro` int(11) NOT NULL AUTO_INCREMENT,
  `id_coleta` int(11) NOT NULL,
  `id_parametro` int(11) NOT NULL,
  `valor` float DEFAULT NULL,
  PRIMARY KEY (`id_coleta_parametro`),
  UNIQUE KEY `id_coleta_2` (`id_coleta`,`id_parametro`),
  KEY `id_coleta` (`id_coleta`),
  KEY `id_parametro` (`id_parametro`),
  CONSTRAINT `coleta_parametro_ibfk_1` FOREIGN KEY (`id_coleta`) REFERENCES `coleta` (`id_coleta`) ON DELETE CASCADE ON UPDATE CASCADE,
  CONSTRAINT `coleta_parametro_ibfk_2` FOREIGN KEY (`id_parametro`) REFERENCES `parametro` (`id_parametro`) ON DELETE CASCADE ON UPDATE CASCADE
) ENGINE=InnoDB AUTO_INCREMENT=43645 DEFAULT CHARSET=utf8;
/*!40101 SET character_set_client = @saved_cs_client */;

--
-- Dumping data for table `coleta_parametro`
--

LOCK TABLES `coleta_parametro` WRITE;
/*!40000 ALTER TABLE `coleta_parametro` DISABLE KEYS */;
INSERT INTO `coleta_parametro` VALUES (34286,10144,606,1),(34287,10144,607,0.55),(34288,10144,608,5),(34289,10144,609,27.5),(34290,10145,610,7.92),(34291,10145,611,1553.4),(34292,10145,612,8.56),(34293,10145,613,1.6e+06),(34294,10146,610,8.22),(34295,10146,611,1738),(34296,10146,612,8.58),(34297,10147,606,0.7),(34298,10147,607,0.35),(34299,10147,608,4),(34300,10147,609,27.5),(34301,10148,610,7.57),(34302,10148,611,1819.8),(34303,10148,612,7.96),(34304,10148,613,1.6e+06),(34305,10148,614,170),(34306,10149,606,0.8),(34307,10149,607,0.2),(34308,10149,608,5.5),(34309,10149,609,31.5),(34310,10150,610,6.15),(34311,10150,611,1532),(34312,10150,612,7.4),(34313,10151,606,0.9),(34314,10151,607,0.35),(34315,10151,608,6),(34316,10151,609,31),(34317,10152,610,8.05),(34318,10152,611,1633.5),(34319,10152,612,7.24),(34320,10152,613,1.6e+06),(34321,10152,614,0),(34322,10153,606,3.2),(34323,10153,607,2.25),(34324,10153,608,1),(34325,10153,609,28),(34326,10153,614,0),(34327,10154,610,4.94),(34328,10154,611,414.6),(34329,10154,612,6.99),(34330,10154,614,0.1),(34331,10155,610,1.49),(34332,10155,611,385.1),(34333,10155,612,6.53),(34334,10155,614,0.2),(34335,10156,606,0.6),(34336,10156,608,5),(34337,10156,609,28),(34338,10157,610,6.87),(34339,10157,611,925),(34340,10157,612,8.81),(34341,10157,613,900000),(34342,10157,614,4000),(34343,10158,606,0.8),(34344,10158,608,6.5),(34345,10158,609,28.5),(34346,10159,610,6.04),(34347,10159,611,1081.2),(34348,10159,612,8.79),(34349,10159,613,1.6e+06),(34350,10159,614,1200),(34351,10160,606,0.8),(34352,10160,608,3),(34353,10160,609,32),(34354,10161,610,6.95),(34355,10161,611,589.3),(34356,10161,612,7.39),(34357,10162,606,1.2),(34358,10162,608,5.5),(34359,10162,609,31),(34360,10163,610,6.99),(34361,10163,611,906.4),(34362,10163,612,8.88),(34363,10163,613,900000),(34364,10163,614,0),(34365,10164,610,6.62),(34366,10164,612,9.03),(34367,10165,606,3.25),(34368,10165,608,4),(34369,10165,609,34),(34370,10166,610,3.75),(34371,10166,611,327.7),(34372,10166,612,6.74),(34373,10167,610,6.79),(34374,10167,611,347.1),(34375,10167,612,6.84),(34376,10168,606,1),(34377,10168,607,0.3),(34378,10168,608,3),(34379,10168,609,25),(34380,10169,610,6.72),(34381,10169,611,1143),(34382,10169,612,7.18),(34383,10170,606,0.7),(34384,10170,607,0.3),(34385,10170,608,3),(34386,10170,609,24),(34387,10171,610,4.91),(34388,10171,611,1139),(34389,10171,612,7.66),(34390,10171,613,240000),(34391,10171,614,40),(34392,10172,606,0.4),(34393,10172,607,0.2),(34394,10172,608,1),(34395,10172,609,23),(34396,10173,610,4),(34397,10173,611,907),(34398,10173,612,7.39),(34399,10173,613,240000),(34400,10173,614,1100),(34401,10174,606,1),(34402,10174,607,0.3),(34403,10174,608,3),(34404,10174,609,22),(34405,10175,610,5.87),(34406,10175,611,1148),(34407,10175,612,8.08),(34408,10175,613,220000),(34409,10175,614,40),(34410,10176,606,1.2),(34411,10176,607,0.35),(34412,10176,608,4),(34413,10176,609,28.4),(34414,10177,610,7.18),(34415,10177,611,874),(34416,10177,612,8.16),(34417,10177,613,900000),(34418,10177,614,900),(34419,10178,610,7),(34420,10178,611,874),(34421,10178,612,8.19),(34422,10179,606,0.8),(34423,10179,607,0.4),(34424,10179,608,3),(34425,10179,609,27.2),(34426,10180,610,6.01),(34427,10180,611,880.2),(34428,10180,612,7.96),(34429,10180,613,500000),(34430,10180,614,500),(34431,10181,606,0.9),(34432,10181,607,0.2),(34433,10181,608,2.5),(34434,10181,609,26.3),(34435,10182,610,3.71),(34436,10182,611,552.4),(34437,10182,612,6.97),(34438,10183,606,1.2),(34439,10183,607,0.35),(34440,10183,608,4.5),(34441,10183,609,25.4),(34442,10184,610,5.31),(34443,10184,611,812.8),(34444,10184,612,7.56),(34445,10184,613,1.6e+06),(34446,10184,614,800),(34447,10185,610,4.33),(34448,10185,612,7.43),(34449,10186,606,2.8),(34450,10186,607,0.8),(34451,10186,608,6.5),(34452,10186,609,28.5),(34453,10187,610,4.39),(34454,10187,611,394.1),(34455,10187,612,6.13),(34456,10188,606,2.4),(34457,10188,607,1.4),(34458,10188,608,3),(34459,10188,609,30),(34460,10189,612,6.52),(34461,10190,611,428),(34462,10190,612,6.48),(34463,10191,606,1),(34464,10191,607,0.5),(34465,10191,608,4),(34466,10191,609,27),(34467,10192,610,7.54),(34468,10192,611,977),(34469,10192,612,7.78),(34470,10192,613,220000),(34471,10192,614,0),(34472,10193,610,7.79),(34473,10193,611,979),(34474,10193,612,7.92),(34475,10194,606,0.65),(34476,10194,607,0.5),(34477,10194,608,3),(34478,10194,609,28),(34479,10195,611,871),(34480,10195,612,7.68),(34481,10195,613,300000),(34482,10195,614,110),(34483,10196,606,0.7),(34484,10196,607,0.3),(34485,10196,608,3),(34486,10196,609,26),(34487,10197,611,547.2),(34488,10197,612,6.8),(34489,10198,606,1.1),(34490,10198,607,0.4),(34491,10198,608,3),(34492,10198,609,27),(34493,10199,610,6.64),(34494,10199,611,945.7),(34495,10199,612,7.62),(34496,10199,613,240000),(34497,10199,614,0),(34498,10200,610,6.77),(34499,10200,611,879.7),(34500,10200,612,7.61),(34501,10201,606,0.8),(34502,10201,607,0.2),(34503,10201,608,3),(34504,10201,609,24.4),(34505,10202,610,11.29),(34506,10202,611,990.2),(34507,10202,612,8.6),(34508,10202,613,11000),(34509,10202,614,90),(34510,10203,606,0.5),(34511,10203,607,0.2),(34512,10203,608,3),(34513,10203,609,22.3),(34514,10204,610,10.59),(34515,10204,611,998.9),(34516,10204,612,8.45),(34517,10204,613,17000),(34518,10204,614,900),(34519,10205,606,0.3),(34520,10205,607,0.15),(34521,10205,608,4.5),(34522,10205,609,28),(34523,10206,610,8.02),(34524,10206,611,534),(34525,10206,612,7.2),(34526,10207,606,0.7),(34527,10207,607,0.15),(34528,10207,608,5.5),(34529,10207,609,25.5),(34530,10208,610,10.36),(34531,10208,611,898.6),(34532,10208,612,8.07),(34533,10208,613,11000),(34534,10208,614,0),(34535,10209,606,3.9),(34536,10209,607,1.8),(34537,10209,608,0),(34538,10209,609,20.9),(34539,10210,610,7.12),(34540,10210,611,369.9),(34541,10210,612,6.65),(34542,10211,611,377.7),(34543,10211,612,6.4),(34544,10212,606,0.8),(34545,10212,607,0.2),(34546,10212,608,4.5),(34547,10212,609,26.5),(34548,10213,610,12.17),(34549,10213,611,878),(34550,10213,612,9.73),(34551,10213,613,170000),(34552,10213,614,70),(34553,10214,606,0.4),(34554,10214,607,0.15),(34555,10214,608,3.5),(34556,10214,609,26.5),(34557,10215,610,8.68),(34558,10215,611,863.2),(34559,10215,612,9.28),(34560,10215,613,160000),(34561,10215,614,24000),(34562,10216,606,0.3),(34563,10216,607,0.15),(34564,10216,608,6.5),(34565,10216,609,27),(34566,10217,610,8.73),(34567,10217,611,534.7),(34568,10217,612,7.79),(34569,10218,606,0.8),(34570,10218,607,0.15),(34571,10218,608,4),(34572,10218,609,27),(34573,10219,610,9.86),(34574,10219,611,847.8),(34575,10219,612,9.34),(34576,10219,613,1.6e+06),(34577,10220,606,2.1),(34578,10220,607,1.7),(34579,10220,608,3),(34580,10220,609,24),(34581,10221,610,7.74),(34582,10221,611,362),(34583,10221,612,6.89),(34584,10222,610,7.3),(34585,10222,611,372.6),(34586,10222,612,6.94),(34587,10223,606,0.4),(34588,10223,607,0.2),(34589,10223,608,6),(34590,10223,609,21),(34591,10224,610,6.5),(34592,10224,611,994.1),(34593,10224,612,7.76),(34594,10225,606,7.5),(34595,10225,607,0.25),(34596,10225,608,6),(34597,10225,609,21),(34598,10226,610,6.29),(34599,10226,611,944.8),(34600,10226,612,8.28),(34601,10226,613,160000),(34602,10226,614,400),(34603,10227,606,0.4),(34604,10227,607,0.17),(34605,10227,608,4),(34606,10227,609,22),(34607,10228,610,6.1),(34608,10228,611,660.1),(34609,10228,612,7.14),(34610,10228,613,300000),(34611,10228,614,800),(34612,10229,606,0.7),(34613,10229,607,0.2),(34614,10229,608,9),(34615,10229,609,20),(34616,10230,610,5.89),(34617,10230,611,953.7),(34618,10230,612,8.29),(34619,10230,613,24000),(34620,10230,614,20),(34621,10231,606,2.2),(34622,10231,607,1.3),(34623,10231,608,0),(34624,10231,609,20),(34625,10232,610,6.38),(34626,10232,611,370.7),(34627,10232,612,6.95),(34628,10233,610,6.38),(34629,10233,611,385.9),(34630,10233,612,6.98),(34631,10234,606,0.8),(34632,10234,607,0.2),(34633,10234,608,1),(34634,10234,609,22),(34635,10235,610,5.91),(34636,10235,611,10288.8),(34637,10235,612,8.38),(34638,10235,613,300000),(34639,10235,614,20),(34640,10236,606,0.5),(34641,10236,607,0.07),(34642,10236,608,2),(34643,10236,609,22),(34644,10237,610,1.41),(34645,10237,611,547.6),(34646,10237,612,7.25),(34647,10237,613,1.6e+06),(34648,10237,614,1.6e+06),(34649,10238,606,0.4),(34650,10238,607,0.2),(34651,10238,608,3),(34652,10238,609,21),(34653,10239,610,5.28),(34654,10239,611,672.6),(34655,10239,612,7.5),(34656,10240,606,0.75),(34657,10240,607,0.2),(34658,10240,608,0.5),(34659,10240,609,21),(34660,10241,610,5.96),(34661,10241,611,955),(34662,10241,612,8.12),(34663,10241,613,300000),(34664,10241,614,0),(34665,10242,606,2),(34666,10242,607,1.9),(34667,10242,608,2),(34668,10242,609,23),(34669,10243,610,4.93),(34670,10243,611,352.1),(34671,10243,612,7.09),(34672,10244,610,4.89),(34673,10244,611,348.7),(34674,10244,612,7.04),(34675,10245,606,1.3),(34676,10245,607,0.2),(34677,10245,608,1),(34678,10245,609,25.5),(34679,10246,610,7.18),(34680,10246,611,1005.2),(34681,10246,612,8.36),(34682,10246,613,300000),(34683,10246,614,0),(34684,10247,610,6.68),(34685,10247,611,993.1),(34686,10247,612,8.22),(34687,10248,606,0.65),(34688,10248,607,0.23),(34689,10248,608,0),(34690,10248,609,26),(34691,10249,610,7.05),(34692,10249,611,1023.7),(34693,10249,612,7.63),(34694,10249,613,500000),(34695,10249,614,2100),(34696,10250,606,0.45),(34697,10250,607,0.35),(34698,10250,608,3),(34699,10250,609,24),(34700,10251,610,3.76),(34701,10251,611,381.5),(34702,10251,612,6.55),(34703,10251,613,220000),(34704,10251,614,0),(34705,10252,606,0.9),(34706,10252,607,0.2),(34707,10252,608,5),(34708,10252,609,24),(34709,10253,610,7.51),(34710,10253,611,968.7),(34711,10253,612,8.08),(34712,10254,606,2.3),(34713,10254,607,1.6),(34714,10254,608,6),(34715,10254,609,24.5),(34716,10255,610,5.84),(34717,10255,611,327.3),(34718,10255,612,6.96),(34719,10256,610,5.89),(34720,10256,611,316.8),(34721,10256,612,6.92),(34722,10257,606,1),(34723,10257,607,0.2),(34724,10257,608,6),(34725,10257,609,26.4),(34726,10258,610,8.81),(34727,10258,611,1180),(34728,10258,612,8.68),(34729,10258,613,900000),(34730,10258,614,0),(34731,10259,606,0.6),(34732,10259,607,0.2),(34733,10259,608,5),(34734,10259,609,27),(34735,10260,610,8.62),(34736,10260,611,1019),(34737,10260,612,8.2),(34738,10260,613,500000),(34739,10260,614,40),(34740,10261,606,0.4),(34741,10261,607,0.2),(34742,10261,608,5),(34743,10261,609,25.6),(34744,10262,610,5.34),(34745,10262,611,797.2),(34746,10262,612,7.59),(34747,10263,606,1.2),(34748,10263,607,0.15),(34749,10263,608,8),(34750,10263,609,23),(34751,10264,610,7.43),(34752,10264,611,722.4),(34753,10264,612,8.22),(34754,10264,613,500000),(34755,10264,614,20),(34756,10265,610,7.43),(34757,10265,611,726.1),(34758,10265,612,8.03),(34759,10266,606,2.7),(34760,10266,607,2.3),(34761,10266,608,5),(34762,10266,609,25),(34763,10267,610,6.81),(34764,10267,611,208.6),(34765,10267,612,6.98),(34766,10268,610,7.24),(34767,10268,611,244.8),(34768,10269,606,0.9),(34769,10269,607,0.9),(34770,10269,608,5),(34771,10269,609,25),(34772,10270,610,6.55),(34773,10270,611,238.8),(34774,10270,612,6.94),(34775,10271,606,0.95),(34776,10271,607,0.3),(34777,10271,608,1),(34778,10272,610,6.74),(34779,10272,611,1347.2),(34780,10272,612,7.94),(34781,10272,613,240000),(34782,10272,614,0),(34783,10273,606,0.95),(34784,10273,607,0.2),(34785,10273,608,2),(34786,10274,610,2.94),(34787,10274,611,627.5),(34788,10274,612,6.52),(34789,10275,606,0.8),(34790,10275,607,0.2),(34791,10275,608,3),(34792,10276,610,6.38),(34793,10276,611,1342.8),(34794,10276,612,7.63),(34795,10276,613,280000),(34796,10276,614,3000),(34797,10277,606,1.2),(34798,10277,607,0.25),(34799,10277,608,1),(34800,10278,610,7.75),(34801,10278,611,834),(34802,10278,612,8.05),(34803,10278,613,300000),(34804,10278,614,0),(34805,10279,610,7.51),(34806,10279,611,844),(34807,10279,612,7.82),(34808,10280,606,2.8),(34809,10280,607,1.9),(34810,10280,608,2),(34811,10280,609,30),(34812,10281,610,6.17),(34813,10281,611,314.7),(34814,10281,612,6.83),(34815,10282,610,5.83),(34816,10282,611,295.6),(34817,10282,612,6.8),(34818,10283,606,0.8),(34819,10283,607,0.8),(34820,10283,608,3),(34821,10283,609,27),(34822,10284,610,6.78),(34823,10284,611,293.9),(34824,10284,612,6.98),(34825,10285,615,0.9),(34826,10285,616,29.6),(34827,10285,617,1777),(34828,10286,615,0.9),(34829,10286,616,29.6),(34830,10286,617,1777),(34831,10287,615,0.9),(34832,10287,616,29.6),(34833,10287,617,1777),(34834,10288,615,0.9),(34835,10288,616,29.6),(34836,10288,617,1777),(34837,10289,615,0.9),(34838,10289,616,29.6),(34839,10289,617,1777),(34840,10290,615,0.9),(34841,10290,616,29.6),(34842,10290,617,1777),(34843,10291,615,0.9),(34844,10291,616,29.6),(34845,10291,617,1777),(34846,10292,615,0.9),(34847,10292,616,29.5),(34848,10292,617,1778),(34849,10293,615,0.9),(34850,10293,616,29.4),(34851,10293,617,1776),(34852,10294,615,0.9),(34853,10294,616,29.3),(34854,10294,617,1778),(34855,10295,615,0.9),(34856,10295,616,28.9),(34857,10295,617,1779),(34858,10296,615,0.9),(34859,10296,616,28.7),(34860,10296,617,1774),(34861,10297,615,0.9),(34862,10297,616,28.7),(34863,10297,617,1774),(34864,10298,615,0.9),(34865,10298,616,28.7),(34866,10298,617,1774),(34867,10299,615,0.9),(34868,10299,616,28.7),(34869,10299,617,1774),(34870,10300,615,0.9),(34871,10300,616,28.7),(34872,10300,617,1775),(34873,10301,615,0.9),(34874,10301,616,28.6),(34875,10301,617,1774),(34876,10302,615,0.9),(34877,10302,616,28.5),(34878,10302,617,1778),(34879,10303,615,0.8),(34880,10303,616,28.2),(34881,10303,617,1697),(34882,10304,615,0.7),(34883,10304,616,30.8),(34884,10304,617,1444),(34885,10305,615,0.7),(34886,10305,616,30.8),(34887,10305,617,1444),(34888,10306,615,0.7),(34889,10306,616,30.9),(34890,10306,617,1447),(34891,10307,615,0.7),(34892,10307,616,30.8),(34893,10307,617,1447),(34894,10308,615,0.7),(34895,10308,616,30.8),(34896,10308,617,1448),(34897,10309,615,0.7),(34898,10309,616,30.8),(34899,10309,617,1453),(34900,10310,615,0.7),(34901,10310,616,30.8),(34902,10310,617,1452),(34903,10311,615,0.7),(34904,10311,616,30.7),(34905,10311,617,1457),(34906,10312,615,0.7),(34907,10312,616,29.5),(34908,10312,617,1389),(34909,10313,615,0.9),(34910,10313,616,30.3),(34911,10313,617,1767),(34912,10314,615,0.9),(34913,10314,616,30.2),(34914,10314,617,1767),(34915,10315,615,0.9),(34916,10315,616,30.3),(34917,10315,617,1767),(34918,10316,615,0.9),(34919,10316,616,30.3),(34920,10316,617,1767),(34921,10317,615,0.9),(34922,10317,616,30.2),(34923,10317,617,1767),(34924,10318,615,0.9),(34925,10318,616,30.2),(34926,10318,617,1767),(34927,10319,615,0.9),(34928,10319,616,30.1),(34929,10319,617,1768),(34930,10320,615,0.9),(34931,10320,616,29.9),(34932,10320,617,1765),(34933,10321,615,0.9),(34934,10321,616,29.5),(34935,10321,617,1771),(34936,10322,615,0.3),(34937,10322,616,28.2),(34938,10322,617,615),(34939,10323,615,0.3),(34940,10323,616,28.2),(34941,10323,617,616),(34942,10324,615,0.3),(34943,10324,616,28.2),(34944,10324,617,616),(34945,10325,615,0.3),(34946,10325,616,28.2),(34947,10325,617,616),(34948,10326,615,0.3),(34949,10326,616,28.2),(34950,10326,617,617),(34951,10327,615,0.3),(34952,10327,616,28.1),(34953,10327,617,618),(34954,10328,615,0.3),(34955,10328,616,28.1),(34956,10328,617,618),(34957,10329,615,0.3),(34958,10329,616,28),(34959,10329,617,618),(34960,10330,615,0.3),(34961,10330,616,28),(34962,10330,617,619),(34963,10331,615,0.3),(34964,10331,616,28),(34965,10331,617,619),(34966,10332,615,0.3),(34967,10332,616,28),(34968,10332,617,620),(34969,10333,615,0.3),(34970,10333,616,27.9),(34971,10333,617,619),(34972,10334,615,0.3),(34973,10334,616,27.9),(34974,10334,617,619),(34975,10335,615,0.3),(34976,10335,616,27.9),(34977,10335,617,618),(34978,10336,615,0.3),(34979,10336,616,27.9),(34980,10336,617,618),(34981,10337,615,0.3),(34982,10337,616,27.9),(34983,10337,617,618),(34984,10338,615,0.3),(34985,10338,616,27.9),(34986,10338,617,617),(34987,10339,615,0.3),(34988,10339,616,27.9),(34989,10339,617,618),(34990,10340,615,0.3),(34991,10340,616,27.9),(34992,10340,617,618),(34993,10341,615,0.3),(34994,10341,616,27.9),(34995,10341,617,618),(34996,10342,615,0.3),(34997,10342,616,27.9),(34998,10342,617,618),(34999,10343,615,0.3),(35000,10343,616,27.8),(35001,10343,617,618),(35002,10344,615,0.3),(35003,10344,616,27.7),(35004,10344,617,618),(35005,10345,615,0.3),(35006,10345,616,27.5),(35007,10345,617,620),(35008,10346,615,0.3),(35009,10346,616,27.4),(35010,10346,617,620),(35011,10347,615,0.3),(35012,10347,616,27.3),(35013,10347,617,613),(35014,10348,615,0.3),(35015,10348,616,27.3),(35016,10348,617,611),(35017,10349,615,0.3),(35018,10349,616,27.2),(35019,10349,617,603),(35020,10350,615,0.3),(35021,10350,616,27.1),(35022,10350,617,604),(35023,10351,615,0.3),(35024,10351,616,27),(35025,10351,617,606),(35026,10352,615,0.7),(35027,10352,616,27.1),(35028,10352,617,1386),(35029,10353,615,0.7),(35030,10353,616,27.1),(35031,10353,617,1340),(35032,10354,615,0.7),(35033,10354,616,27.2),(35034,10354,617,1338),(35035,10355,615,0.7),(35036,10355,616,27.1),(35037,10355,617,1305),(35038,10356,615,0.7),(35039,10356,616,27.2),(35040,10356,617,1385),(35041,10357,615,0.7),(35042,10357,616,27.1),(35043,10357,617,1340),(35044,10358,615,0.7),(35045,10358,616,27.2),(35046,10358,617,1395),(35047,10359,615,0.7),(35048,10359,616,27),(35049,10359,617,1397),(35050,10360,615,0.7),(35051,10360,616,27),(35052,10360,617,1397),(35053,10361,615,0.7),(35054,10361,616,27),(35055,10361,617,1397),(35056,10362,615,0.7),(35057,10362,616,27),(35058,10362,617,1397),(35059,10363,615,0.7),(35060,10363,616,27),(35061,10363,617,1397),(35062,10364,615,0.7),(35063,10364,616,27),(35064,10364,617,1397),(35065,10365,615,0.7),(35066,10365,616,27),(35067,10365,617,1397),(35068,10366,615,0.7),(35069,10366,616,27),(35070,10366,617,1397),(35071,10367,615,0.7),(35072,10367,616,27),(35073,10367,617,1396),(35074,10368,615,0.7),(35075,10368,616,27),(35076,10368,617,1395),(35077,10369,615,0.3),(35078,10369,616,28),(35079,10369,617,678),(35080,10370,615,0.3),(35081,10370,616,28),(35082,10370,617,678),(35083,10371,615,0.3),(35084,10371,616,28),(35085,10371,617,678),(35086,10372,615,0.3),(35087,10372,616,28),(35088,10372,617,678),(35089,10373,615,0.3),(35090,10373,616,28),(35091,10373,617,678),(35092,10374,615,0.3),(35093,10374,616,28),(35094,10374,617,678),(35095,10375,615,0.3),(35096,10375,616,28),(35097,10375,617,678),(35098,10376,615,0.3),(35099,10376,616,28),(35100,10376,617,678),(35101,10377,615,0.3),(35102,10377,616,28),(35103,10377,617,677),(35104,10378,615,0.7),(35105,10378,616,27.8),(35106,10378,617,1400),(35107,10379,615,0.7),(35108,10379,616,27.8),(35109,10379,617,1400),(35110,10380,615,0.7),(35111,10380,616,27.8),(35112,10380,617,1400),(35113,10381,615,0.7),(35114,10381,616,27.8),(35115,10381,617,1400),(35116,10382,615,0.7),(35117,10382,616,27.8),(35118,10382,617,1400),(35119,10383,615,0.7),(35120,10383,616,27.8),(35121,10383,617,1400),(35122,10384,615,0.7),(35123,10384,616,27.8),(35124,10384,617,1400),(35125,10385,615,0.7),(35126,10385,616,27.8),(35127,10385,617,1400),(35128,10386,615,0.7),(35129,10386,616,27.8),(35130,10386,617,1400),(35131,10387,615,0.7),(35132,10387,616,27.8),(35133,10387,617,1400),(35134,10388,615,0.7),(35135,10388,616,27.8),(35136,10388,617,1400),(35137,10389,615,0.7),(35138,10389,616,27.8),(35139,10389,617,1400),(35140,10390,615,0.7),(35141,10390,616,27.8),(35142,10390,617,1400),(35143,10391,615,0.2),(35144,10391,616,28.6),(35145,10391,617,485.1),(35146,10392,615,0.2),(35147,10392,616,28.6),(35148,10392,617,484.9),(35149,10393,615,0.2),(35150,10393,616,28.6),(35151,10393,617,485.2),(35152,10394,615,0.2),(35153,10394,616,28.6),(35154,10394,617,484.3),(35155,10395,615,0.2),(35156,10395,616,28.5),(35157,10395,617,484.6),(35158,10396,615,0.2),(35159,10396,616,28.5),(35160,10396,617,484.3),(35161,10397,615,0.2),(35162,10397,616,28.5),(35163,10397,617,483.8),(35164,10398,615,0.2),(35165,10398,616,28.5),(35166,10398,617,483.4),(35167,10399,615,0.2),(35168,10399,616,28.5),(35169,10399,617,483.1),(35170,10400,615,0.2),(35171,10400,616,28.5),(35172,10400,617,482.7),(35173,10401,615,0.2),(35174,10401,616,28.5),(35175,10401,617,482),(35176,10402,615,0.2),(35177,10402,616,28.5),(35178,10402,617,482.2),(35179,10403,615,0.2),(35180,10403,616,28.5),(35181,10403,617,482.2),(35182,10404,615,0.2),(35183,10404,616,28.2),(35184,10404,617,481.8),(35185,10405,615,0.2),(35186,10405,616,27.9),(35187,10405,617,481.7),(35188,10406,615,0.2),(35189,10406,616,27.9),(35190,10406,617,481.6),(35191,10407,615,0.2),(35192,10407,616,27.8),(35193,10407,617,481.4),(35194,10408,615,0.2),(35195,10408,616,27.6),(35196,10408,617,480.6),(35197,10409,615,0.2),(35198,10409,616,27.6),(35199,10409,617,480.6),(35200,10410,615,0.2),(35201,10410,616,27.6),(35202,10410,617,480.2),(35203,10411,615,0.2),(35204,10411,616,27.5),(35205,10411,617,479.8),(35206,10412,615,0.2),(35207,10412,616,27.5),(35208,10412,617,480.1),(35209,10413,615,0.2),(35210,10413,616,27.3),(35211,10413,617,479.6),(35212,10414,615,0.2),(35213,10414,616,27.3),(35214,10414,617,479.6),(35215,10415,615,0.2),(35216,10415,616,27.3),(35217,10415,617,479.6),(35218,10416,615,0.2),(35219,10416,616,27.3),(35220,10416,617,479.6),(35221,10417,615,0.2),(35222,10417,616,27.3),(35223,10417,617,479.6),(35224,10418,615,0.2),(35225,10418,616,27.3),(35226,10418,617,479.6),(35227,10419,615,0.2),(35228,10419,616,27.3),(35229,10419,617,479.6),(35230,10420,615,0.3),(35231,10420,616,25.7),(35232,10420,617,526),(35233,10421,615,0.7),(35234,10421,616,24.8),(35235,10421,617,1479),(35236,10422,615,0.7),(35237,10422,616,24.7),(35238,10422,617,1480),(35239,10423,615,0.7),(35240,10423,616,24.8),(35241,10423,617,1476),(35242,10424,615,0.7),(35243,10424,616,23.9),(35244,10424,617,11456),(35245,10425,615,0.7),(35246,10425,616,23.9),(35247,10425,617,1453),(35248,10426,615,0.7),(35249,10426,616,23.9),(35250,10426,617,1450),(35251,10427,615,0.7),(35252,10427,616,24.4),(35253,10427,617,1406),(35254,10428,615,0.7),(35255,10428,616,24.5),(35256,10428,617,1407),(35257,10429,615,0.7),(35258,10429,616,24.5),(35259,10429,617,1393),(35260,10430,615,0.7),(35261,10430,616,24.8),(35262,10430,617,1482),(35263,10431,615,0.7),(35264,10431,616,24.9),(35265,10431,617,1482),(35266,10432,615,0.7),(35267,10432,616,25.1),(35268,10432,617,1459),(35269,10433,615,0.6),(35270,10433,616,29.2),(35271,10433,617,1336),(35272,10434,615,0.6),(35273,10434,616,29.2),(35274,10434,617,1336),(35275,10435,615,0.6),(35276,10435,616,29.2),(35277,10435,617,1336),(35278,10436,615,0.6),(35279,10436,616,29.2),(35280,10436,617,1335),(35281,10437,615,0.6),(35282,10437,616,29.2),(35283,10437,617,1335),(35284,10438,615,0.6),(35285,10438,616,29.2),(35286,10438,617,1335),(35287,10439,615,0.6),(35288,10439,616,29.1),(35289,10439,617,1335),(35290,10440,615,0.6),(35291,10440,616,29.1),(35292,10440,617,1335),(35293,10441,615,0.6),(35294,10441,616,29.1),(35295,10441,617,1335),(35296,10442,615,0.6),(35297,10442,616,29),(35298,10442,617,1333),(35299,10443,615,0.6),(35300,10443,616,28.8),(35301,10443,617,1332),(35302,10444,615,0.6),(35303,10444,616,28.7),(35304,10444,617,1331),(35305,10445,615,0.6),(35306,10445,616,28.3),(35307,10445,617,1324),(35308,10446,615,0.6),(35309,10446,616,28.3),(35310,10446,617,1339),(35311,10447,615,0.6),(35312,10447,616,28.3),(35313,10447,617,1340),(35314,10448,615,0.6),(35315,10448,616,28.3),(35316,10448,617,1339),(35317,10449,615,0.6),(35318,10449,616,28),(35319,10449,617,1332),(35320,10450,615,0.6),(35321,10450,616,27.9),(35322,10450,617,1329),(35323,10451,615,0.6),(35324,10451,616,27.9),(35325,10451,617,1329),(35326,10452,615,0.6),(35327,10452,616,27.9),(35328,10452,617,1328),(35329,10453,615,0.6),(35330,10453,616,27.9),(35331,10453,617,1329),(35332,10454,615,0.6),(35333,10454,616,27.9),(35334,10454,617,1297),(35335,10455,615,0.3),(35336,10455,616,27.4),(35337,10455,617,721),(35338,10456,615,0.3),(35339,10456,616,27.4),(35340,10456,617,725),(35341,10457,615,0.3),(35342,10457,616,27.4),(35343,10457,617,723),(35344,10458,615,0.3),(35345,10458,616,27.4),(35346,10458,617,731),(35347,10459,615,0.3),(35348,10459,616,27.4),(35349,10459,617,727),(35350,10460,615,0.3),(35351,10460,616,27.4),(35352,10460,617,731),(35353,10461,615,0.3),(35354,10461,616,27.4),(35355,10461,617,740),(35356,10462,615,0.3),(35357,10462,616,27.4),(35358,10462,617,739),(35359,10463,615,0.3),(35360,10463,616,27.4),(35361,10463,617,737),(35362,10464,615,0.3),(35363,10464,616,27.3),(35364,10464,617,743),(35365,10465,615,0.6),(35366,10465,616,28.1),(35367,10465,617,1203),(35368,10466,615,0.6),(35369,10466,616,28.1),(35370,10466,617,1204),(35371,10467,615,0.6),(35372,10467,616,28.1),(35373,10467,617,1203),(35374,10468,615,0.6),(35375,10468,616,28.1),(35376,10468,617,1204),(35377,10469,615,0.6),(35378,10469,616,28.1),(35379,10469,617,1202),(35380,10470,615,0.6),(35381,10470,616,28),(35382,10470,617,1200),(35383,10471,615,0.6),(35384,10471,616,28),(35385,10471,617,1198),(35386,10472,615,0.6),(35387,10472,616,28),(35388,10472,617,1200),(35389,10473,615,0.6),(35390,10473,616,28),(35391,10473,617,1197),(35392,10474,615,0.6),(35393,10474,616,27.9),(35394,10474,617,1195),(35395,10475,615,0.6),(35396,10475,616,27.9),(35397,10475,617,1194),(35398,10476,615,0.6),(35399,10476,616,27.8),(35400,10476,617,1191),(35401,10477,615,0.6),(35402,10477,616,27.9),(35403,10477,617,1190),(35404,10478,615,0.2),(35405,10478,616,28.6),(35406,10478,617,448.5),(35407,10479,615,0.2),(35408,10479,616,28.6),(35409,10479,617,448.6),(35410,10480,615,0.2),(35411,10480,616,28.6),(35412,10480,617,448.3),(35413,10481,615,0.2),(35414,10481,616,28.6),(35415,10481,617,448.6),(35416,10482,615,0.2),(35417,10482,616,28.6),(35418,10482,617,448.6),(35419,10483,615,0.2),(35420,10483,616,28.6),(35421,10483,617,448.5),(35422,10484,615,0.2),(35423,10484,616,28.6),(35424,10484,617,448.3),(35425,10485,615,0.2),(35426,10485,616,28.6),(35427,10485,617,448.2),(35428,10486,615,0.2),(35429,10486,616,28.5),(35430,10486,617,447.9),(35431,10487,615,0.2),(35432,10487,616,28.5),(35433,10487,617,448),(35434,10488,615,0.2),(35435,10488,616,28.5),(35436,10488,617,447.9),(35437,10489,615,0.2),(35438,10489,616,28),(35439,10489,617,446.7),(35440,10490,615,0.2),(35441,10490,616,27.3),(35442,10490,617,438.5),(35443,10491,615,0.2),(35444,10491,616,27.2),(35445,10491,617,437.7),(35446,10492,615,0.2),(35447,10492,616,27),(35448,10492,617,436.1),(35449,10493,615,0.2),(35450,10493,616,27.2),(35451,10493,617,436.8),(35452,10494,615,0.2),(35453,10494,616,27.1),(35454,10494,617,435),(35455,10495,615,0.2),(35456,10495,616,26.9),(35457,10495,617,436),(35458,10496,615,0.2),(35459,10496,616,26.9),(35460,10496,617,436),(35461,10497,615,0.2),(35462,10497,616,26.8),(35463,10497,617,436),(35464,10498,615,0.2),(35465,10498,616,26.8),(35466,10498,617,438),(35467,10499,615,0.2),(35468,10499,616,26.7),(35469,10499,617,439),(35470,10500,615,0.2),(35471,10500,616,26.5),(35472,10500,617,441),(35473,10501,615,0.2),(35474,10501,616,26.9),(35475,10501,617,451.9),(35476,10502,615,0.2),(35477,10502,616,26.2),(35478,10502,617,458.3),(35479,10503,615,0.2),(35480,10503,616,26.2),(35481,10503,617,459),(35482,10504,615,0.2),(35483,10504,616,26.1),(35484,10504,617,465.4),(35485,10505,615,0.2),(35486,10505,616,26.1),(35487,10505,617,470),(35488,10506,615,0.2),(35489,10506,616,26.1),(35490,10506,617,469.7),(35491,10507,615,0.2),(35492,10507,616,25.1),(35493,10507,617,433.4),(35494,10508,615,0.2),(35495,10508,616,25.1),(35496,10508,617,433.4),(35497,10509,615,0.2),(35498,10509,616,25.1),(35499,10509,617,433.4),(35500,10510,615,0.2),(35501,10510,616,25.1),(35502,10510,617,433.3),(35503,10511,615,0.2),(35504,10511,616,25.1),(35505,10511,617,433.2),(35506,10512,615,0.2),(35507,10512,616,25.1),(35508,10512,617,433.1),(35509,10513,615,0.2),(35510,10513,616,25.1),(35511,10513,617,433),(35512,10514,615,0.2),(35513,10514,616,25),(35514,10514,617,433),(35515,10515,615,0.2),(35516,10515,616,25),(35517,10515,617,433),(35518,10516,615,0.2),(35519,10516,616,25),(35520,10516,617,433.1),(35521,10517,615,0.2),(35522,10517,616,25),(35523,10517,617,433),(35524,10518,615,0.2),(35525,10518,616,25),(35526,10518,617,433.1),(35527,10519,615,0.2),(35528,10519,616,25),(35529,10519,617,433.4),(35530,10520,615,0.2),(35531,10520,616,24.7),(35532,10520,617,435),(35533,10521,615,0.2),(35534,10521,616,24.8),(35535,10521,617,434.4),(35536,10522,615,0.2),(35537,10522,616,24.7),(35538,10522,617,435),(35539,10523,615,0.2),(35540,10523,616,24.4),(35541,10523,617,436.1),(35542,10524,615,0.2),(35543,10524,616,24.2),(35544,10524,617,436.8),(35545,10525,615,0.2),(35546,10525,616,24.2),(35547,10525,617,441.2),(35548,10526,615,0.2),(35549,10526,616,24.1),(35550,10526,617,440.5),(35551,10527,615,0.2),(35552,10527,616,23.9),(35553,10527,617,444.1),(35554,10528,615,0.2),(35555,10528,616,23.8),(35556,10528,617,457.5),(35557,10529,615,0.2),(35558,10529,616,23.5),(35559,10529,617,466),(35560,10530,615,0.2),(35561,10530,616,23.4),(35562,10530,617,468.1),(35563,10531,615,0.2),(35564,10531,616,23.4),(35565,10531,617,488.8),(35566,10532,615,0.5),(35567,10532,616,26),(35568,10532,617,1082),(35569,10533,615,0.5),(35570,10533,616,26),(35571,10533,617,1082),(35572,10534,615,0.5),(35573,10534,616,26),(35574,10534,617,1082),(35575,10535,615,0.5),(35576,10535,616,26),(35577,10535,617,1082),(35578,10536,615,0.5),(35579,10536,616,25.9),(35580,10536,617,1082),(35581,10537,615,0.5),(35582,10537,616,25.9),(35583,10537,617,1082),(35584,10538,615,0.5),(35585,10538,616,25.9),(35586,10538,617,1082),(35587,10539,615,0.5),(35588,10539,616,25.9),(35589,10539,617,1082),(35590,10540,615,0.5),(35591,10540,616,25.9),(35592,10540,617,1081),(35593,10541,615,0.5),(35594,10541,616,25.8),(35595,10541,617,1081),(35596,10542,615,0.5),(35597,10542,616,25.4),(35598,10542,617,1082),(35599,10543,615,0.5),(35600,10543,616,25.4),(35601,10543,617,1083),(35602,10544,615,0.5),(35603,10544,616,25.4),(35604,10544,617,1082),(35605,10545,615,0.5),(35606,10545,616,25.3),(35607,10545,617,1081),(35608,10546,615,0.5),(35609,10546,616,25.3),(35610,10546,617,1082),(35611,10547,615,0.5),(35612,10547,616,25.3),(35613,10547,617,1081),(35614,10548,615,0.5),(35615,10548,616,25.2),(35616,10548,617,1083),(35617,10549,615,0.4),(35618,10549,616,24.9),(35619,10549,617,816),(35620,10550,615,0.4),(35621,10550,616,24.8),(35622,10550,617,818),(35623,10551,615,0.4),(35624,10551,616,24.8),(35625,10551,617,813),(35626,10552,615,0.4),(35627,10552,616,24.8),(35628,10552,617,815),(35629,10553,615,0.4),(35630,10553,616,24.8),(35631,10553,617,814),(35632,10554,615,0.4),(35633,10554,616,24.7),(35634,10554,617,806),(35635,10555,615,0.4),(35636,10555,616,24.2),(35637,10555,617,787),(35638,10556,615,0.4),(35639,10556,616,24.1),(35640,10556,617,746),(35641,10557,615,0.5),(35642,10557,616,25.5),(35643,10557,617,1069),(35644,10558,615,0.5),(35645,10558,616,25.5),(35646,10558,617,1069),(35647,10559,615,0.5),(35648,10559,616,25.4),(35649,10559,617,1069),(35650,10560,615,0.5),(35651,10560,616,25.4),(35652,10560,617,1069),(35653,10561,615,0.5),(35654,10561,616,25.4),(35655,10561,617,1069),(35656,10562,615,0.5),(35657,10562,616,25.4),(35658,10562,617,1069),(35659,10563,615,0.5),(35660,10563,616,25.4),(35661,10563,617,1069),(35662,10564,615,0.5),(35663,10564,616,25.3),(35664,10564,617,1070),(35665,10565,615,0.5),(35666,10565,616,25.3),(35667,10565,617,1071),(35668,10566,615,0.5),(35669,10566,616,25.2),(35670,10566,617,1072),(35671,10567,615,0.5),(35672,10567,616,25.1),(35673,10567,617,1074),(35674,10568,615,0.5),(35675,10568,616,25.1),(35676,10568,617,1074),(35677,10569,615,0.7),(35678,10569,616,23.4),(35679,10569,617,1395),(35680,10570,615,0.7),(35681,10570,616,23.4),(35682,10570,617,1394),(35683,10571,615,0.7),(35684,10571,616,23.3),(35685,10571,617,1393),(35686,10572,615,0.7),(35687,10572,616,23.3),(35688,10572,617,1393),(35689,10573,615,0.7),(35690,10573,616,23.3),(35691,10573,617,1393),(35692,10574,615,0.7),(35693,10574,616,23.2),(35694,10574,617,1390),(35695,10575,615,0.7),(35696,10575,616,23.2),(35697,10575,617,1391),(35698,10576,615,0.7),(35699,10576,616,23.1),(35700,10576,617,1387),(35701,10577,615,0.7),(35702,10577,616,23),(35703,10577,617,1220),(35704,10578,615,0.7),(35705,10578,616,23.2),(35706,10578,617,1389),(35707,10579,615,0.7),(35708,10579,616,23.2),(35709,10579,617,1438),(35710,10580,615,0.7),(35711,10580,616,23.1),(35712,10580,617,1438),(35713,10581,615,0.7),(35714,10581,616,22.8),(35715,10581,617,1438),(35716,10582,615,0.7),(35717,10582,616,22.2),(35718,10582,617,1445),(35719,10583,615,0.7),(35720,10583,616,22),(35721,10583,617,1438),(35722,10584,615,0.7),(35723,10584,616,24.6),(35724,10584,617,1350),(35725,10585,615,0.7),(35726,10585,616,24.6),(35727,10585,617,1349),(35728,10586,615,0.7),(35729,10586,616,24.6),(35730,10586,617,1329),(35731,10587,615,0.7),(35732,10587,616,24.6),(35733,10587,617,1347),(35734,10588,615,0.7),(35735,10588,616,23.6),(35736,10588,617,1400),(35737,10589,615,0.7),(35738,10589,616,23.6),(35739,10589,617,1400),(35740,10590,615,0.7),(35741,10590,616,23.6),(35742,10590,617,1400),(35743,10591,615,0.7),(35744,10591,616,23.6),(35745,10591,617,1399),(35746,10592,615,0.7),(35747,10592,616,23.4),(35748,10592,617,1399),(35749,10593,615,0.7),(35750,10593,616,23.4),(35751,10593,617,1399),(35752,10594,615,0.7),(35753,10594,616,23.3),(35754,10594,617,1396),(35755,10595,615,0.7),(35756,10595,616,23),(35757,10595,617,1396),(35758,10596,615,0.2),(35759,10596,616,21.4),(35760,10596,617,420),(35761,10597,615,0.2),(35762,10597,616,21.4),(35763,10597,617,419.7),(35764,10598,615,0.2),(35765,10598,616,21.4),(35766,10598,617,419.6),(35767,10599,615,0.2),(35768,10599,616,21.4),(35769,10599,617,419.4),(35770,10600,615,0.2),(35771,10600,616,21.4),(35772,10600,617,419.4),(35773,10601,615,0.2),(35774,10601,616,21.4),(35775,10601,617,419.4),(35776,10602,615,0.2),(35777,10602,616,21.4),(35778,10602,617,419.2),(35779,10603,615,0.2),(35780,10603,616,21.4),(35781,10603,617,419.2),(35782,10604,615,0.2),(35783,10604,616,21.4),(35784,10604,617,419.2),(35785,10605,615,0.2),(35786,10605,616,21.4),(35787,10605,617,419.2),(35788,10606,615,0.2),(35789,10606,616,21.4),(35790,10606,617,419.2),(35791,10607,615,0.2),(35792,10607,616,21.4),(35793,10607,617,419.2),(35794,10608,615,0.2),(35795,10608,616,21.4),(35796,10608,617,419.2),(35797,10609,615,0.2),(35798,10609,616,21.4),(35799,10609,617,418.9),(35800,10610,615,0.2),(35801,10610,616,21.4),(35802,10610,617,418.9),(35803,10611,615,0.2),(35804,10611,616,21.3),(35805,10611,617,418.7),(35806,10612,615,0.2),(35807,10612,616,21.3),(35808,10612,617,418.7),(35809,10613,615,0.2),(35810,10613,616,21.3),(35811,10613,617,418.7),(35812,10614,615,0.2),(35813,10614,616,21.3),(35814,10614,617,418.7),(35815,10615,615,0.2),(35816,10615,616,21.3),(35817,10615,617,418.7),(35818,10616,615,0.2),(35819,10616,616,21.3),(35820,10616,617,418.7),(35821,10617,615,0.2),(35822,10617,616,21.3),(35823,10617,617,418.6),(35824,10618,615,0.2),(35825,10618,616,21.3),(35826,10618,617,418.6),(35827,10619,615,0.2),(35828,10619,616,21.3),(35829,10619,617,418.6),(35830,10620,615,0.2),(35831,10620,616,21.3),(35832,10620,617,418.3),(35833,10621,615,0.2),(35834,10621,616,21.3),(35835,10621,617,418.3),(35836,10622,615,0.2),(35837,10622,616,21.2),(35838,10622,617,418.3),(35839,10623,615,0.2),(35840,10623,616,21.2),(35841,10623,617,419.4),(35842,10624,615,0.2),(35843,10624,616,21.2),(35844,10624,617,427),(35845,10625,615,0.2),(35846,10625,616,21.1),(35847,10625,617,430),(35848,10626,615,0.2),(35849,10626,616,21.1),(35850,10626,617,433),(35851,10627,615,0.8),(35852,10627,616,24.8),(35853,10627,617,1615),(35854,10628,615,0.8),(35855,10628,616,24.7),(35856,10628,617,1613),(35857,10629,615,0.8),(35858,10629,616,24.7),(35859,10629,617,1612),(35860,10630,615,0.8),(35861,10630,616,24.7),(35862,10630,617,1609),(35863,10631,615,0.8),(35864,10631,616,24.6),(35865,10631,617,1608),(35866,10632,615,0.8),(35867,10632,616,24.5),(35868,10632,617,1599),(35869,10633,615,0.8),(35870,10633,616,24.3),(35871,10633,617,1598),(35872,10634,615,0.8),(35873,10634,616,24.2),(35874,10634,617,1592),(35875,10635,615,0.8),(35876,10635,616,24.2),(35877,10635,617,1591),(35878,10636,615,0.8),(35879,10636,616,25.3),(35880,10636,617,1609),(35881,10637,615,0.8),(35882,10637,616,25.3),(35883,10637,617,1609),(35884,10638,615,0.8),(35885,10638,616,25.3),(35886,10638,617,1608),(35887,10639,615,0.8),(35888,10639,616,25.3),(35889,10639,617,1607),(35890,10640,615,0.8),(35891,10640,616,25.3),(35892,10640,617,1608),(35893,10641,615,0.8),(35894,10641,616,25.1),(35895,10641,617,1646),(35896,10642,615,0.8),(35897,10642,616,25.1),(35898,10642,617,1645),(35899,10643,615,0.8),(35900,10643,616,25.1),(35901,10643,617,1645),(35902,10644,615,0.8),(35903,10644,616,25.1),(35904,10644,617,1644),(35905,10645,615,0.8),(35906,10645,616,24.2),(35907,10645,617,1601),(35908,10646,615,0.8),(35909,10646,616,24.1),(35910,10646,617,1600),(35911,10647,615,0.8),(35912,10647,616,24.1),(35913,10647,617,1599),(35914,10648,615,0.8),(35915,10648,616,24.1),(35916,10648,617,1599),(35917,10649,615,0.8),(35918,10649,616,24.1),(35919,10649,617,1599),(35920,10650,615,0.8),(35921,10650,616,24.1),(35922,10650,617,1599),(35923,10651,615,0.8),(35924,10651,616,24.1),(35925,10651,617,1598),(35926,10652,615,0.8),(35927,10652,616,24.1),(35928,10652,617,1597),(35929,10653,615,0.8),(35930,10653,616,24.1),(35931,10653,617,1596),(35932,10654,615,0.2),(35933,10654,616,22.4),(35934,10654,617,444.2),(35935,10655,615,0.2),(35936,10655,616,22.4),(35937,10655,617,444),(35938,10656,615,0.2),(35939,10656,616,22.4),(35940,10656,617,443.9),(35941,10657,615,0.2),(35942,10657,616,22.3),(35943,10657,617,443.6),(35944,10658,615,0.2),(35945,10658,616,22.3),(35946,10658,617,443.5),(35947,10659,615,0.2),(35948,10659,616,22.3),(35949,10659,617,443.5),(35950,10660,615,0.2),(35951,10660,616,22.3),(35952,10660,617,443),(35953,10661,615,0.2),(35954,10661,616,22.2),(35955,10661,617,442.6),(35956,10662,615,0.2),(35957,10662,616,22.2),(35958,10662,617,442.5),(35959,10663,615,0.2),(35960,10663,616,22.1),(35961,10663,617,441.5),(35962,10664,615,0.2),(35963,10664,616,22),(35964,10664,617,440.3),(35965,10665,615,0.2),(35966,10665,616,22),(35967,10665,617,440.9),(35968,10666,615,0.2),(35969,10666,616,21.9),(35970,10666,617,440.2),(35971,10667,615,0.2),(35972,10667,616,21.8),(35973,10667,617,439.2),(35974,10668,615,0.2),(35975,10668,616,21.7),(35976,10668,617,438),(35977,10669,615,0.2),(35978,10669,616,21.7),(35979,10669,617,438),(35980,10670,615,0.2),(35981,10670,616,21.6),(35982,10670,617,437.5),(35983,10671,615,0.2),(35984,10671,616,21.7),(35985,10671,617,437.7),(35986,10672,615,0.2),(35987,10672,616,21.7),(35988,10672,617,438),(35989,10673,615,0.2),(35990,10673,616,21.7),(35991,10673,617,437.6),(35992,10674,615,0.2),(35993,10674,616,21.6),(35994,10674,617,437.9),(35995,10675,615,0.2),(35996,10675,616,21.7),(35997,10675,617,437.9),(35998,10676,615,1),(35999,10676,616,25.1),(36000,10676,617,1744),(36001,10677,615,1),(36002,10677,616,25.1),(36003,10677,617,1744),(36004,10678,615,1),(36005,10678,616,25.1),(36006,10678,617,1744),(36007,10679,615,1),(36008,10679,616,25.1),(36009,10679,617,1744),(36010,10680,615,1),(36011,10680,616,25.1),(36012,10680,617,1740),(36013,10681,615,1),(36014,10681,616,21.9),(36015,10681,617,1798),(36016,10682,615,1),(36017,10682,616,21.9),(36018,10682,617,1798),(36019,10683,615,1),(36020,10683,616,21.9),(36021,10683,617,1799),(36022,10684,615,1),(36023,10684,616,21.9),(36024,10684,617,1800),(36025,10685,615,1),(36026,10685,616,21.9),(36027,10685,617,1800),(36028,10686,615,1),(36029,10686,616,21.9),(36030,10686,617,1801),(36031,10687,615,1),(36032,10687,616,21.9),(36033,10687,617,1799),(36034,10688,615,1),(36035,10688,616,21.9),(36036,10688,617,1797),(36037,10689,615,0.9),(36038,10689,616,21.3),(36039,10689,617,1687),(36040,10690,615,0.9),(36041,10690,616,21.3),(36042,10690,617,1688),(36043,10691,615,0.9),(36044,10691,616,21.3),(36045,10691,617,1688),(36046,10692,615,0.9),(36047,10692,616,21.3),(36048,10692,617,1688),(36049,10693,615,0.9),(36050,10693,616,21.3),(36051,10693,617,1653),(36052,10694,615,1),(36053,10694,616,21.6),(36054,10694,617,1754),(36055,10695,615,1),(36056,10695,616,21.6),(36057,10695,617,1753),(36058,10696,615,1),(36059,10696,616,21.6),(36060,10696,617,1752),(36061,10697,615,1),(36062,10697,616,21.6),(36063,10697,617,1752),(36064,10698,615,1),(36065,10698,616,21.6),(36066,10698,617,1752),(36067,10699,615,1),(36068,10699,616,21.6),(36069,10699,617,1751),(36070,10700,615,1),(36071,10700,616,21.6),(36072,10700,617,1750),(36073,10701,615,1),(36074,10701,616,21.6),(36075,10701,617,1700),(36076,10702,615,0.2),(36077,10702,616,20.5),(36078,10702,617,449.3),(36079,10703,615,0.2),(36080,10703,616,20.5),(36081,10703,617,448.3),(36082,10704,615,0.2),(36083,10704,616,20.5),(36084,10704,617,448.4),(36085,10705,615,0.2),(36086,10705,616,20.5),(36087,10705,617,448.5),(36088,10706,615,0.2),(36089,10706,616,20.5),(36090,10706,617,448.6),(36091,10707,615,0.2),(36092,10707,616,20.5),(36093,10707,617,448.8),(36094,10708,615,0.2),(36095,10708,616,20.5),(36096,10708,617,449),(36097,10709,615,0.2),(36098,10709,616,20.5),(36099,10709,617,449),(36100,10710,615,0.2),(36101,10710,616,20.5),(36102,10710,617,449.2),(36103,10711,615,0.2),(36104,10711,616,20.5),(36105,10711,617,449.3),(36106,10712,615,0.2),(36107,10712,616,20.5),(36108,10712,617,449.3),(36109,10713,615,0.2),(36110,10713,616,20.5),(36111,10713,617,449.4),(36112,10714,615,0.2),(36113,10714,616,20.5),(36114,10714,617,449.4),(36115,10715,615,0.2),(36116,10715,616,20.5),(36117,10715,617,449),(36118,10716,615,0.2),(36119,10716,616,20.5),(36120,10716,617,449.8),(36121,10717,615,0.2),(36122,10717,616,20.5),(36123,10717,617,450),(36124,10718,615,0.2),(36125,10718,616,20.5),(36126,10718,617,450.3),(36127,10719,615,0.2),(36128,10719,616,20.5),(36129,10719,617,450.4),(36130,10720,615,0.2),(36131,10720,616,20.5),(36132,10720,617,450.6),(36133,10721,615,0.2),(36134,10721,616,20.4),(36135,10721,617,450.5),(36136,10722,615,0.2),(36137,10722,616,20.4),(36138,10722,617,450.7),(36139,10723,615,0.2),(36140,10723,616,20.3),(36141,10723,617,450.7),(36142,10724,615,0.2),(36143,10724,616,20.3),(36144,10724,617,450.7),(36145,10725,615,1),(36146,10725,616,22.8),(36147,10725,617,1973),(36148,10726,615,1.1),(36149,10726,616,22.8),(36150,10726,617,1976),(36151,10727,615,1.1),(36152,10727,616,22.8),(36153,10727,617,1979),(36154,10728,615,1.1),(36155,10728,616,22.8),(36156,10728,617,1980),(36157,10729,615,1.1),(36158,10729,616,22.8),(36159,10729,617,1982),(36160,10730,615,1.1),(36161,10730,616,22.8),(36162,10730,617,1983),(36163,10731,615,1.1),(36164,10731,616,22.8),(36165,10731,617,1984),(36166,10732,615,1.1),(36167,10732,616,22.8),(36168,10732,617,1984),(36169,10733,615,1.1),(36170,10733,616,22.8),(36171,10733,617,1984),(36172,10734,615,0.3),(36173,10734,616,21.7),(36174,10734,617,630),(36175,10735,615,0.3),(36176,10735,616,21.7),(36177,10735,617,1030),(36178,10736,615,0.4),(36179,10736,616,21.7),(36180,10736,617,1010),(36181,10737,615,0.8),(36182,10737,616,21.7),(36183,10737,617,1580),(36184,10738,615,1),(36185,10738,616,21.7),(36186,10738,617,1775),(36187,10739,615,1),(36188,10739,616,21.7),(36189,10739,617,1826),(36190,10740,615,1),(36191,10740,616,21.8),(36192,10740,617,1763),(36193,10741,615,1),(36194,10741,616,21.8),(36195,10741,617,1766),(36196,10742,615,1),(36197,10742,616,21.8),(36198,10742,617,1764),(36199,10743,615,1),(36200,10743,616,21.8),(36201,10743,617,1762),(36202,10744,615,0.9),(36203,10744,616,21.8),(36204,10744,617,1640),(36205,10745,615,1),(36206,10745,616,22.6),(36207,10745,617,1952),(36208,10746,615,1),(36209,10746,616,22.6),(36210,10746,617,1953),(36211,10747,615,1),(36212,10747,616,22.6),(36213,10747,617,1955),(36214,10748,615,1),(36215,10748,616,22.6),(36216,10748,617,1956),(36217,10749,615,1),(36218,10749,616,22.6),(36219,10749,617,1957),(36220,10750,615,1),(36221,10750,616,22.6),(36222,10750,617,1957),(36223,10751,615,1),(36224,10751,616,22.6),(36225,10751,617,1960),(36226,10752,615,1),(36227,10752,616,22.6),(36228,10752,617,1959),(36229,10753,615,0.3),(36230,10753,616,23.5),(36231,10753,617,545),(36232,10754,615,0.3),(36233,10754,616,23.5),(36234,10754,617,545),(36235,10755,615,0.3),(36236,10755,616,23.5),(36237,10755,617,545),(36238,10756,615,0.3),(36239,10756,616,23.5),(36240,10756,617,545),(36241,10757,615,0.3),(36242,10757,616,23.5),(36243,10757,617,545),(36244,10758,615,0.3),(36245,10758,616,23.5),(36246,10758,617,545),(36247,10759,615,0.3),(36248,10759,616,23.5),(36249,10759,617,545),(36250,10760,615,0.3),(36251,10760,616,23.5),(36252,10760,617,545),(36253,10761,615,0.3),(36254,10761,616,23.4),(36255,10761,617,546),(36256,10762,615,0.3),(36257,10762,616,23.4),(36258,10762,617,546),(36259,10763,615,0.3),(36260,10763,616,23.4),(36261,10763,617,546),(36262,10764,615,0.3),(36263,10764,616,23.3),(36264,10764,617,545),(36265,10765,615,0.3),(36266,10765,616,23.3),(36267,10765,617,545),(36268,10766,615,0.3),(36269,10766,616,23.1),(36270,10766,617,545),(36271,10767,615,0.3),(36272,10767,616,23),(36273,10767,617,549),(36274,10768,615,0.3),(36275,10768,616,22.9),(36276,10768,617,556),(36277,10769,615,0.3),(36278,10769,616,22.8),(36279,10769,617,563),(36280,10770,615,0.3),(36281,10770,616,22.8),(36282,10770,617,567),(36283,10771,615,0.3),(36284,10771,616,22.8),(36285,10771,617,571),(36286,10772,615,0.3),(36287,10772,616,22.8),(36288,10772,617,572),(36289,10773,615,0.3),(36290,10773,616,22.8),(36291,10773,617,572),(36292,10774,615,0.9),(36293,10774,616,22.6),(36294,10774,617,1760),(36295,10775,615,0.9),(36296,10775,616,22.3),(36297,10775,617,1761),(36298,10776,615,0.9),(36299,10776,616,22.2),(36300,10776,617,1752),(36301,10777,615,0.9),(36302,10777,616,22.2),(36303,10777,617,1751),(36304,10778,615,0.9),(36305,10778,616,22),(36306,10778,617,1745),(36307,10779,615,0.9),(36308,10779,616,21.9),(36309,10779,617,1740),(36310,10780,615,0.9),(36311,10780,616,21.8),(36312,10780,617,1739),(36313,10781,615,0.9),(36314,10781,616,21.8),(36315,10781,617,1739),(36316,10782,615,0.9),(36317,10782,616,21.8),(36318,10782,617,1738),(36319,10783,615,0.9),(36320,10783,616,21.8),(36321,10783,617,1735),(36322,10784,615,0.9),(36323,10784,616,21.7),(36324,10784,617,1733),(36325,10785,615,0.9),(36326,10785,616,21.7),(36327,10785,617,1729),(36328,10786,615,0.9),(36329,10786,616,21.7),(36330,10786,617,1700),(36331,10787,615,0.9),(36332,10787,616,21.7),(36333,10787,617,1663),(36334,10788,615,0.9),(36335,10788,616,22.1),(36336,10788,617,1744),(36337,10789,615,0.9),(36338,10789,616,21.9),(36339,10789,617,1737),(36340,10790,615,0.9),(36341,10790,616,21.8),(36342,10790,617,1718),(36343,10791,615,0.9),(36344,10791,616,21.8),(36345,10791,617,1699),(36346,10792,615,0.9),(36347,10792,616,21.7),(36348,10792,617,1690),(36349,10793,615,0.9),(36350,10793,616,21.6),(36351,10793,617,1661),(36352,10794,615,0.9),(36353,10794,616,21.6),(36354,10794,617,1628),(36355,10795,615,0.6),(36356,10795,616,23),(36357,10795,617,1080),(36358,10796,615,0.6),(36359,10796,616,23),(36360,10796,617,1083),(36361,10797,615,0.6),(36362,10797,616,22.8),(36363,10797,617,1069),(36364,10798,615,0.5),(36365,10798,616,22.3),(36366,10798,617,1000),(36367,10799,615,0.5),(36368,10799,616,22.1),(36369,10799,617,1018),(36370,10800,615,0.9),(36371,10800,616,23.1),(36372,10800,617,1789),(36373,10801,615,0.9),(36374,10801,616,23.1),(36375,10801,617,1789),(36376,10802,615,0.9),(36377,10802,616,23.1),(36378,10802,617,1788),(36379,10803,615,0.9),(36380,10803,616,23.1),(36381,10803,617,1788),(36382,10804,615,0.9),(36383,10804,616,23.1),(36384,10804,617,1788),(36385,10805,615,0.9),(36386,10805,616,23.1),(36387,10805,617,1788),(36388,10806,615,0.9),(36389,10806,616,23.1),(36390,10806,617,1790),(36391,10807,615,0.9),(36392,10807,616,23),(36393,10807,617,1789),(36394,10808,615,0.9),(36395,10808,616,22.9),(36396,10808,617,1786),(36397,10809,615,0.9),(36398,10809,616,22.6),(36399,10809,617,1755),(36400,10810,615,0.3),(36401,10810,616,24.1),(36402,10810,617,604),(36403,10811,615,0.3),(36404,10811,616,24.1),(36405,10811,617,603),(36406,10812,615,0.3),(36407,10812,616,24.1),(36408,10812,617,603),(36409,10813,615,0.3),(36410,10813,616,24.1),(36411,10813,617,603),(36412,10814,615,0.3),(36413,10814,616,24.1),(36414,10814,617,603),(36415,10815,615,0.3),(36416,10815,616,24.1),(36417,10815,617,603),(36418,10816,615,0.3),(36419,10816,616,24.1),(36420,10816,617,603),(36421,10817,615,0.3),(36422,10817,616,24.1),(36423,10817,617,603),(36424,10818,615,0.3),(36425,10818,616,24.1),(36426,10818,617,603),(36427,10819,615,0.3),(36428,10819,616,24.1),(36429,10819,617,603),(36430,10820,615,0.3),(36431,10820,616,24.1),(36432,10820,617,603),(36433,10821,615,0.3),(36434,10821,616,24),(36435,10821,617,603),(36436,10822,615,0.3),(36437,10822,616,24),(36438,10822,617,603),(36439,10823,615,0.3),(36440,10823,616,24),(36441,10823,617,603),(36442,10824,615,0.3),(36443,10824,616,24),(36444,10824,617,603),(36445,10825,615,0.3),(36446,10825,616,24),(36447,10825,617,603),(36448,10826,615,0.3),(36449,10826,616,24),(36450,10826,617,603),(36451,10827,615,0.3),(36452,10827,616,24),(36453,10827,617,602),(36454,10828,615,0.3),(36455,10828,616,23.8),(36456,10828,617,600),(36457,10829,615,0.3),(36458,10829,616,23.6),(36459,10829,617,597),(36460,10830,615,0.3),(36461,10830,616,23.4),(36462,10830,617,595),(36463,10831,615,0.3),(36464,10831,616,23.3),(36465,10831,617,593),(36466,10832,615,0.3),(36467,10832,616,23.2),(36468,10832,617,593),(36469,10833,615,0.3),(36470,10833,616,23.1),(36471,10833,617,592),(36472,10834,615,1.1),(36473,10834,616,27),(36474,10834,617,2195),(36475,10835,615,1.1),(36476,10835,616,27),(36477,10835,617,2197),(36478,10836,615,1.1),(36479,10836,616,27),(36480,10836,617,2196),(36481,10837,615,1.1),(36482,10837,616,27),(36483,10837,617,2196),(36484,10838,615,1.1),(36485,10838,616,27),(36486,10838,617,2201),(36487,10839,615,1.1),(36488,10839,616,27),(36489,10839,617,2201),(36490,10840,615,1.1),(36491,10840,616,26.7),(36492,10840,617,2198),(36493,10841,615,1.1),(36494,10841,616,26.8),(36495,10841,617,2187),(36496,10842,615,1.1),(36497,10842,616,26.5),(36498,10842,617,2183),(36499,10843,615,1.1),(36500,10843,616,26),(36501,10843,617,2161),(36502,10844,615,1.1),(36503,10844,616,25.6),(36504,10844,617,2140),(36505,10845,615,1.1),(36506,10845,616,26.7),(36507,10845,617,2199),(36508,10846,615,1.1),(36509,10846,616,26.7),(36510,10846,617,2199),(36511,10847,615,1.1),(36512,10847,616,26.7),(36513,10847,617,2200),(36514,10848,615,1.1),(36515,10848,616,26.7),(36516,10848,617,2199),(36517,10849,615,1.1),(36518,10849,616,26.7),(36519,10849,617,2200),(36520,10850,615,1.1),(36521,10850,616,26.6),(36522,10850,617,2194),(36523,10851,615,1.1),(36524,10851,616,26.1),(36525,10851,617,2189),(36526,10852,615,1),(36527,10852,616,27.6),(36528,10852,617,1997),(36529,10853,615,1),(36530,10853,616,27.7),(36531,10853,617,2000),(36532,10854,615,1),(36533,10854,616,27.7),(36534,10854,617,2000),(36535,10855,615,1),(36536,10855,616,27.5),(36537,10855,617,1999),(36538,10856,615,1),(36539,10856,616,27.3),(36540,10856,617,1905),(36541,10857,615,1.1),(36542,10857,616,26.7),(36543,10857,617,2205),(36544,10858,615,1.1),(36545,10858,616,26.7),(36546,10858,617,2205),(36547,10859,615,1.1),(36548,10859,616,26.7),(36549,10859,617,2205),(36550,10860,615,1.1),(36551,10860,616,26.7),(36552,10860,617,2205),(36553,10861,615,1.1),(36554,10861,616,26.7),(36555,10861,617,2205),(36556,10862,615,1.1),(36557,10862,616,26.7),(36558,10862,617,2206),(36559,10863,615,1.1),(36560,10863,616,26.7),(36561,10863,617,2206),(36562,10864,615,1.1),(36563,10864,616,26.7),(36564,10864,617,2206),(36565,10865,615,1.1),(36566,10865,616,26.7),(36567,10865,617,2206),(36568,10866,615,1.1),(36569,10866,616,26.7),(36570,10866,617,2206),(36571,10867,615,1.1),(36572,10867,616,26.7),(36573,10867,617,2206),(36574,10868,615,1.1),(36575,10868,616,26.7),(36576,10868,617,2205),(36577,10869,615,1.1),(36578,10869,616,26.6),(36579,10869,617,2205),(36580,10870,615,0.3),(36581,10870,616,25),(36582,10870,617,668),(36583,10871,615,0.3),(36584,10871,616,25),(36585,10871,617,669),(36586,10872,615,0.3),(36587,10872,616,25),(36588,10872,617,669),(36589,10873,615,0.3),(36590,10873,616,25),(36591,10873,617,669),(36592,10874,615,0.3),(36593,10874,616,25),(36594,10874,617,669),(36595,10875,615,0.3),(36596,10875,616,25),(36597,10875,617,669),(36598,10876,615,0.3),(36599,10876,616,25),(36600,10876,617,669),(36601,10877,615,0.3),(36602,10877,616,25),(36603,10877,617,669),(36604,10878,615,0.3),(36605,10878,616,25),(36606,10878,617,669),(36607,10879,615,0.3),(36608,10879,616,25),(36609,10879,617,669),(36610,10880,615,0.3),(36611,10880,616,25),(36612,10880,617,669),(36613,10881,615,0.3),(36614,10881,616,25),(36615,10881,617,669),(36616,10882,615,0.3),(36617,10882,616,25),(36618,10882,617,669),(36619,10883,615,0.3),(36620,10883,616,25),(36621,10883,617,669),(36622,10884,615,0.3),(36623,10884,616,25),(36624,10884,617,669),(36625,10885,615,0.3),(36626,10885,616,25),(36627,10885,617,670),(36628,10886,615,0.3),(36629,10886,616,25),(36630,10886,617,670),(36631,10887,615,0.3),(36632,10887,616,25),(36633,10887,617,670),(36634,10888,615,0.3),(36635,10888,616,25),(36636,10888,617,670),(36637,10889,615,0.3),(36638,10889,616,25),(36639,10889,617,670),(36640,10890,615,0.3),(36641,10890,616,25),(36642,10890,617,670),(36643,10891,615,0.3),(36644,10891,616,25),(36645,10891,617,670),(36646,10892,615,0.3),(36647,10892,616,25),(36648,10892,617,670),(36649,10893,615,0.3),(36650,10893,616,25),(36651,10893,617,670),(36652,10894,615,0.3),(36653,10894,616,25),(36654,10894,617,670),(36655,10895,615,0.3),(36656,10895,616,25),(36657,10895,617,670),(36658,10896,615,0.3),(36659,10896,616,25),(36660,10896,617,670),(36661,10897,615,0.3),(36662,10897,616,25),(36663,10897,617,670),(36664,10898,615,0.3),(36665,10898,616,25),(36666,10898,617,600),(36667,10899,615,0.3),(36668,10899,616,25),(36669,10899,617,601),(36670,10900,615,0.3),(36671,10900,616,25),(36672,10900,617,602),(36673,10901,615,0.3),(36674,10901,616,25),(36675,10901,617,602),(36676,10902,615,0.3),(36677,10902,616,25),(36678,10902,617,602),(36679,10903,615,0.3),(36680,10903,616,25),(36681,10903,617,602),(36682,10904,615,0.3),(36683,10904,616,25),(36684,10904,617,602),(36685,10905,615,0.3),(36686,10905,616,25),(36687,10905,617,603),(36688,10906,615,0.3),(36689,10906,616,25),(36690,10906,617,602),(36691,10907,615,0.3),(36692,10907,616,25.1),(36693,10907,617,599),(36694,10908,615,1.1),(36695,10908,616,28.6),(36696,10908,617,2227),(36697,10909,615,1.1),(36698,10909,616,28.4),(36699,10909,617,2084),(36700,10910,615,1.1),(36701,10910,616,28.4),(36702,10910,617,2214),(36703,10911,615,1.1),(36704,10911,616,28.1),(36705,10911,617,2207),(36706,10912,615,1.1),(36707,10912,616,27.9),(36708,10912,617,2194),(36709,10913,615,1.1),(36710,10913,616,27.6),(36711,10913,617,2184),(36712,10914,615,1.1),(36713,10914,616,27.5),(36714,10914,617,2183),(36715,10915,615,1.1),(36716,10915,616,27.4),(36717,10915,617,2183),(36718,10916,615,1.1),(36719,10916,616,27.4),(36720,10916,617,2183),(36721,10917,615,1.1),(36722,10917,616,27.4),(36723,10917,617,2182),(36724,10918,615,0.6),(36725,10918,616,27.7),(36726,10918,617,1333),(36727,10919,615,0.6),(36728,10919,616,27.4),(36729,10919,617,1312),(36730,10920,615,0.6),(36731,10920,616,27.3),(36732,10920,617,1307),(36733,10921,615,0.6),(36734,10921,616,27.2),(36735,10921,617,1305),(36736,10922,615,0.6),(36737,10922,616,27.1),(36738,10922,617,1294),(36739,10923,615,0.6),(36740,10923,616,27),(36741,10923,617,1293),(36742,10924,615,0.6),(36743,10924,616,27),(36744,10924,617,1292),(36745,10925,615,0.6),(36746,10925,616,27),(36747,10925,617,1293),(36748,10926,615,0.6),(36749,10926,616,27),(36750,10926,617,1293),(36751,10927,615,0.6),(36752,10927,616,27),(36753,10927,617,1292),(36754,10928,615,1),(36755,10928,616,28.2),(36756,10928,617,2186),(36757,10929,615,1.1),(36758,10929,616,27.7),(36759,10929,617,2185),(36760,10930,615,1.1),(36761,10930,616,27.6),(36762,10930,617,2183),(36763,10931,615,1.1),(36764,10931,616,27.5),(36765,10931,617,2180),(36766,10932,615,1.1),(36767,10932,616,27.4),(36768,10932,617,2179),(36769,10933,615,1.1),(36770,10933,616,27.2),(36771,10933,617,2175),(36772,10934,615,1.1),(36773,10934,616,27.2),(36774,10934,617,2175),(36775,10935,615,1),(36776,10935,616,27.2),(36777,10935,617,2131),(36778,10936,615,1),(36779,10936,616,27.2),(36780,10936,617,2109),(36781,10937,615,1.1),(36782,10937,616,28.7),(36783,10937,617,2230),(36784,10938,615,1.1),(36785,10938,616,28.5),(36786,10938,617,2230),(36787,10939,615,1.1),(36788,10939,616,28.4),(36789,10939,617,2226),(36790,10940,615,1.1),(36791,10940,616,28),(36792,10940,617,2217),(36793,10941,615,1.1),(36794,10941,616,27.7),(36795,10941,617,2198),(36796,10942,615,1.1),(36797,10942,616,27.5),(36798,10942,617,2187),(36799,10943,615,1.1),(36800,10943,616,27.4),(36801,10943,617,2183),(36802,10944,615,1.1),(36803,10944,616,27.4),(36804,10944,617,2182),(36805,10945,615,1.1),(36806,10945,616,27.4),(36807,10945,617,2181),(36808,10946,615,1.1),(36809,10946,616,27.4),(36810,10946,617,8181),(36811,10947,615,1.1),(36812,10947,616,27.4),(36813,10947,617,8179),(36814,10948,615,1),(36815,10948,616,27.4),(36816,10948,617,2069),(36817,10949,615,1),(36818,10949,616,27.4),(36819,10949,617,1984),(36820,10950,615,0.3),(36821,10950,616,29.1),(36822,10950,617,712),(36823,10951,615,0.3),(36824,10951,616,29.1),(36825,10951,617,712),(36826,10952,615,0.3),(36827,10952,616,29.1),(36828,10952,617,712),(36829,10953,615,0.3),(36830,10953,616,29.1),(36831,10953,617,712),(36832,10954,615,0.3),(36833,10954,616,29.1),(36834,10954,617,712),(36835,10955,615,0.3),(36836,10955,616,29.1),(36837,10955,617,712),(36838,10956,615,0.3),(36839,10956,616,29.1),(36840,10956,617,712),(36841,10957,615,0.3),(36842,10957,616,29.1),(36843,10957,617,711),(36844,10958,615,0.3),(36845,10958,616,29.1),(36846,10958,617,711),(36847,10959,615,0.3),(36848,10959,616,29),(36849,10959,617,710),(36850,10960,615,0.3),(36851,10960,616,29),(36852,10960,617,710),(36853,10961,615,0.3),(36854,10961,616,28.9),(36855,10961,617,709),(36856,10962,615,0.3),(36857,10962,616,28.8),(36858,10962,617,708),(36859,10963,615,0.3),(36860,10963,616,28.8),(36861,10963,617,708),(36862,10964,615,0.3),(36863,10964,616,28.8),(36864,10964,617,706),(36865,10965,615,0.3),(36866,10965,616,28.8),(36867,10965,617,706),(36868,10966,615,0.3),(36869,10966,616,28.8),(36870,10966,617,705),(36871,10967,615,0.3),(36872,10967,616,28.7),(36873,10967,617,705),(36874,10968,615,0.3),(36875,10968,616,28.7),(36876,10968,617,704),(36877,10969,615,0.3),(36878,10969,616,28.4),(36879,10969,617,698),(36880,10970,615,0.3),(36881,10970,616,27.9),(36882,10970,617,680),(36883,10971,615,0.3),(36884,10971,616,27.9),(36885,10971,617,692),(36886,10972,615,0.3),(36887,10972,616,27.8),(36888,10972,617,684),(36889,10973,615,0.3),(36890,10973,616,27.8),(36891,10973,617,688),(36892,10974,615,0.3),(36893,10974,616,27.8),(36894,10974,617,688),(36895,10975,615,0.3),(36896,10975,616,27.8),(36897,10975,617,688),(36898,10976,615,0.3),(36899,10976,616,27.8),(36900,10976,617,688),(36901,10977,615,0.3),(36902,10977,616,27.8),(36903,10977,617,688),(36904,10978,615,0.3),(36905,10978,616,27.8),(36906,10978,617,688),(36907,10979,615,0.3),(36908,10979,616,31.1),(36909,10979,617,614),(36910,10980,615,0.3),(36911,10980,616,331.4),(36912,10980,617,620),(36913,10981,615,0.3),(36914,10981,616,307),(36915,10981,617,632),(36916,10982,615,0.3),(36917,10982,616,30.3),(36918,10982,617,667),(36919,10983,615,0.3),(36920,10983,616,29.7),(36921,10983,617,676),(36922,10984,615,0.3),(36923,10984,616,29.5),(36924,10984,617,661),(36925,10985,615,0.3),(36926,10985,616,29.3),(36927,10985,617,649),(36928,10986,615,0.3),(36929,10986,616,29.2),(36930,10986,617,644),(36931,10987,615,0.3),(36932,10987,616,29),(36933,10987,617,644),(36934,10988,620,3),(36935,10989,620,3),(36936,10990,620,1),(36937,10988,618,23.9),(36938,10988,619,0.9),(36939,10989,618,23.1),(36940,10989,619,0.9),(36941,10990,621,3),(36942,10990,622,2.5),(36943,10990,623,80.5),(36944,10990,612,3.96),(36945,10991,624,7.6),(36946,10991,623,94.7),(36947,10991,625,279.5),(36948,10991,612,6.2),(36949,10991,626,0.48),(36950,10991,627,0.24),(36951,10991,628,0.14),(36952,10991,629,4.61),(36953,10991,630,2.88),(36954,10991,631,98.05),(36955,10991,632,3.74),(36956,10992,624,5.3),(36957,10992,623,66.5),(36958,10992,625,195.5),(36959,10992,612,6.25),(36960,10992,626,0.48),(36961,10992,627,0.33),(36962,10992,628,0.16),(36963,10992,629,2.8),(36964,10992,630,2.98),(36965,10992,633,62.23),(36966,10992,634,61.48),(36967,10992,631,97.51),(36968,10992,632,4.53),(36969,10993,624,11),(36970,10993,623,133.2),(36971,10993,625,592.6),(36972,10993,612,8.25),(36973,10993,626,1.19),(36974,10993,627,0.46),(36975,10993,628,0.22),(36976,10993,629,2.02),(36977,10993,630,1.76),(36978,10993,633,62.04),(36979,10993,634,71.48),(36980,10993,631,49.56),(36981,10993,632,24.03),(36982,10994,624,6.02),(36983,10994,623,71.5),(36984,10994,625,232.2),(36985,10994,612,6.41),(36986,10994,626,1.71),(36987,10994,627,1.18),(36988,10994,628,0.6),(36989,10994,629,1.34),(36990,10994,630,6.74),(36991,10994,633,47.14),(36992,10994,634,30.87),(36993,10994,631,17.5),(36994,10994,632,4.85),(36995,10995,624,5.66),(36996,10995,623,66.3),(36997,10995,625,298.9),(36998,10995,612,6.4),(36999,10995,626,1.48),(37000,10995,627,0.92),(37001,10995,628,0.27),(37002,10995,629,4.74),(37003,10995,630,5.96),(37004,10995,633,50.28),(37005,10995,634,46.15),(37006,10995,631,20.65),(37007,10995,632,1.42),(37008,10996,621,1.8),(37009,10996,622,0.4),(37010,10996,635,0.7),(37011,10996,636,26),(37012,10997,621,1.2),(37013,10997,622,0.4),(37014,10997,635,3.4),(37015,10997,636,28.5),(37016,10998,621,1.2),(37017,10998,622,0.6),(37018,10998,635,3.4),(37019,10998,636,27.5),(37020,10999,621,1.4),(37021,10999,622,0.5),(37022,10999,635,2.2),(37023,10999,636,29),(37024,11000,621,1.2),(37025,11000,622,0.6),(37026,11000,635,3.9),(37027,11000,636,29),(37028,11001,621,0.8),(37029,11001,622,0.5),(37030,11001,635,3.4),(37031,11001,636,30.5),(37032,11002,621,1),(37033,11002,622,0.4),(37034,11002,635,3.4),(37035,11002,636,32.5),(37036,11003,621,1),(37037,11003,622,0.5),(37038,11003,635,4.4),(37039,11003,636,31.5),(37040,11004,621,1.6),(37041,11004,622,0.5),(37042,11004,635,2.3),(37043,11004,636,30),(37044,11005,621,2.4),(37045,11005,622,0.6),(37046,11005,635,4.8),(37047,11005,636,31),(37048,11006,621,1.4),(37049,11006,622,0.55),(37050,11006,635,1.3),(37051,11006,636,32),(37052,11007,621,3),(37053,11007,622,0.2),(37054,11007,635,3.7),(37055,11007,636,29),(37056,11008,621,1),(37057,11008,622,0.1),(37058,11008,635,1.4),(37059,11008,636,30),(37060,11009,621,1),(37061,11009,622,0.8),(37062,11009,635,2.1),(37063,11009,636,31.5),(37064,11010,621,2.4),(37065,11010,622,0.3),(37066,11010,635,4.6),(37067,11010,636,33),(37068,11011,621,1.4),(37069,11011,622,0.5),(37070,11011,635,3.7),(37071,11011,636,32),(37072,11012,621,1.5),(37073,11012,622,0.5),(37074,11012,635,1.5),(37075,11012,636,28),(37076,11013,621,3.1),(37077,11013,622,1.1),(37078,11013,635,7),(37079,11013,636,29.5),(37080,11014,621,2.1),(37081,11014,622,1.3),(37082,11014,635,2.5),(37083,11014,636,28),(37084,11015,621,2.9),(37085,11015,622,0.3),(37086,11015,635,2.8),(37087,11015,636,28),(37088,11016,621,1.1),(37089,11016,622,0.2),(37090,11016,635,6.7),(37091,11016,636,27),(37092,11017,621,2.1),(37093,11017,622,0.8),(37094,11017,635,4.9),(37095,11017,636,27),(37096,11018,621,4),(37097,11018,622,0.8),(37098,11018,635,7.7),(37099,11018,636,27.5),(37100,11019,621,2.6),(37101,11019,622,0.7),(37102,11019,635,5),(37103,11019,636,27.5),(37104,11020,621,2.1),(37105,11020,622,0.4),(37106,11020,635,0.9),(37107,11020,636,25),(37108,11021,621,2.4),(37109,11021,622,0.4),(37110,11021,635,1.2),(37111,11021,636,22),(37112,11022,621,1.5),(37113,11022,622,0.4),(37114,11022,635,3.7),(37115,11022,636,22.6),(37116,11023,621,1.1),(37117,11023,622,0.4),(37118,11023,635,3.4),(37119,11023,636,21.2),(37120,11024,621,1.1),(37121,11024,622,0.3),(37122,11024,635,2.6),(37123,11024,636,21),(37124,11025,621,1.3),(37125,11025,622,0.4),(37126,11025,635,3.4),(37127,11025,636,21.8),(37128,11026,621,2),(37129,11026,622,0.4),(37130,11026,635,1.3),(37131,11026,636,21),(37132,11027,621,3.1),(37133,11027,622,1.7),(37134,11027,635,3.2),(37135,11027,636,23.2),(37136,11028,621,2),(37137,11028,622,1.5),(37138,11028,635,2.2),(37139,11028,636,24),(37140,11029,621,2.5),(37141,11029,622,0.2),(37142,11029,635,1.3),(37143,11029,636,20),(37144,11030,621,1),(37145,11030,622,0.3),(37146,11030,635,7.8),(37147,11030,636,23),(37148,11031,621,1.9),(37149,11031,622,0.6),(37150,11031,635,8.5),(37151,11031,636,22.3),(37152,11032,621,3.8),(37153,11032,622,0.8),(37154,11032,635,8.2),(37155,11032,636,23),(37156,11033,621,2.5),(37157,11033,622,0.8),(37158,11033,635,8.2),(37159,11033,636,22),(37160,11034,621,2.3),(37161,11034,622,0.3),(37162,11034,635,2.9),(37163,11034,636,20),(37164,11035,621,2.3),(37165,11035,622,0.6),(37166,11035,635,1.3),(37167,11035,636,20),(37168,11036,621,1.8),(37169,11036,622,0.5),(37170,11036,635,0.3),(37171,11036,636,21.3),(37172,11037,621,1.2),(37173,11037,622,0.4),(37174,11037,635,0.4),(37175,11037,636,21.2),(37176,11038,621,1.3),(37177,11038,622,0.4),(37178,11038,635,1.3),(37179,11038,636,21),(37180,11039,621,1.1),(37181,11039,622,0.3),(37182,11039,635,0.7),(37183,11039,636,22),(37184,11040,621,2),(37185,11040,622,0.3),(37186,11040,635,1.2),(37187,11040,636,21),(37188,11041,621,3),(37189,11041,622,1.6),(37190,11041,635,3.5),(37191,11041,636,25),(37192,11042,621,1.9),(37193,11042,622,1.4),(37194,11042,635,1.3),(37195,11042,636,24),(37196,11043,621,1.7),(37197,11043,622,0.3),(37198,11043,635,2.5),(37199,11043,636,25),(37200,11044,621,1.2),(37201,11044,622,0.5),(37202,11044,635,0.8),(37203,11044,636,25),(37204,11045,621,1.6),(37205,11045,622,0.3),(37206,11045,635,6.8),(37207,11045,636,29.5),(37208,11046,621,2.3),(37209,11046,622,0.5),(37210,11046,635,2.6),(37211,11046,636,28),(37212,11047,621,2.6),(37213,11047,622,1.7),(37214,11047,635,3.7),(37215,11047,636,31.5),(37216,11048,621,1.7),(37217,11048,622,1),(37218,11048,635,25.4),(37219,11048,636,28.5),(37220,11049,621,2.9),(37221,11049,622,0.2),(37222,11049,635,3.4),(37223,11049,636,29.5),(37224,11050,621,1.2),(37225,11050,622,0.4),(37226,11050,635,4.1),(37227,11050,636,24.5),(37228,11051,621,1.7),(37229,11051,622,1.1),(37230,11051,635,2.7),(37231,11051,636,28),(37232,11052,621,3.2),(37233,11052,622,1.2),(37234,11052,635,4.5),(37235,11052,636,27.3),(37236,11053,621,2.3),(37237,11053,622,0.8),(37238,11053,635,1.5),(37239,11053,636,27),(37240,11054,621,2.1),(37241,11054,622,0.5),(37242,11054,635,2.6),(37243,11054,636,23.8),(37244,11055,621,2.3),(37245,11055,622,0.3),(37246,11055,635,2.4),(37247,11055,636,24),(37248,11056,621,1.4),(37249,11056,622,0.3),(37250,11056,635,3.8),(37251,11056,636,24.9),(37252,11057,621,1),(37253,11057,622,0.2),(37254,11057,635,3),(37255,11057,636,24),(37256,11058,621,1.2),(37257,11058,622,0.5),(37258,11058,635,2.7),(37259,11058,636,24),(37260,11059,621,2.3),(37261,11059,622,1.7),(37262,11059,635,3.1),(37263,11059,636,23),(37264,11060,621,3.3),(37265,11060,622,1.3),(37266,11060,635,1.4),(37267,11060,636,23.5),(37268,11061,621,2.2),(37269,11061,622,1),(37270,11061,635,1.7),(37271,11061,636,23.3),(37272,11062,621,1.5),(37273,11062,622,0.3),(37274,11062,635,0.6),(37275,11062,636,21.5),(37276,11063,621,1.9),(37277,11063,622,0.4),(37278,11063,635,1.1),(37279,11063,636,22),(37280,11064,621,1.5),(37281,11064,622,0.4),(37282,11064,635,2.3),(37283,11064,636,26),(37284,11065,621,1.3),(37285,11065,622,0.3),(37286,11065,635,3.6),(37287,11065,636,23.5),(37288,11066,621,1.1),(37289,11066,622,0.3),(37290,11066,635,1.7),(37291,11066,636,26),(37292,11067,621,1.4),(37293,11067,622,0.3),(37294,11067,635,2.8),(37295,11067,636,26),(37296,11068,621,2.1),(37297,11068,622,0.5),(37298,11068,635,2.6),(37299,11068,636,28),(37300,11069,621,2.5),(37301,11069,622,1.7),(37302,11069,635,7.5),(37303,11069,636,31),(37304,11070,621,3.4),(37305,11070,622,0.9),(37306,11070,635,8.1),(37307,11070,636,30.3),(37308,11071,621,2.2),(37309,11071,622,0.9),(37310,11071,635,6.6),(37311,11071,636,29.5),(37312,11072,621,1.9),(37313,11072,622,0.5),(37314,11072,635,4.8),(37315,11072,636,34),(37316,11073,621,2.3),(37317,11073,622,0.6),(37318,11073,635,3.4),(37319,11073,636,30),(37320,11074,624,6.78),(37321,11074,623,87),(37322,11074,625,450.6),(37323,11074,612,7.01),(37324,11074,626,0.99),(37325,11074,627,0.37),(37326,11074,628,0.15),(37327,11074,629,17.93),(37328,11074,630,5.24),(37329,11074,633,129.89),(37330,11074,634,98.82),(37331,11074,631,44.2),(37332,11074,632,6.96),(37333,11075,624,6.28),(37334,11075,623,80),(37335,11075,625,760.8),(37336,11075,612,7.06),(37337,11075,626,4.84),(37338,11075,627,1.55),(37339,11075,628,0.51),(37340,11075,629,74.28),(37341,11075,630,1.97),(37342,11075,633,51),(37343,11075,634,38.31),(37344,11075,631,58.2),(37345,11075,632,10.19),(37346,11076,624,6.85),(37347,11076,623,86.7),(37348,11076,625,445.4),(37349,11076,612,6.79),(37350,11076,626,1.08),(37351,11076,627,0.66),(37352,11076,628,0.03),(37353,11076,629,9.7),(37354,11076,630,1.4),(37355,11076,633,52.02),(37356,11076,634,42.92),(37357,11076,631,32.5),(37358,11076,632,9.47),(37359,11077,624,5.04),(37360,11077,623,62.8),(37361,11077,625,477.9),(37362,11077,612,7.24),(37363,11077,626,1.92),(37364,11077,627,0.69),(37365,11077,628,0.09),(37366,11077,629,7.79),(37367,11077,630,1.57),(37368,11077,633,66.79),(37369,11077,634,45.52),(37370,11077,631,45.82),(37371,11077,632,27.08),(37372,11078,624,5.04),(37373,11078,623,60.6),(37374,11078,625,293.9),(37375,11078,612,6.41),(37376,11078,626,0.64),(37377,11078,627,0.31),(37378,11078,628,0.1),(37379,11078,629,8.79),(37380,11078,630,6.59),(37381,11078,633,36.09),(37382,11078,634,36.27),(37383,11078,631,50.83),(37384,11078,632,1.17),(37385,11079,624,6.44),(37386,11079,623,85.3),(37387,11079,625,317.3),(37388,11079,612,6.72),(37389,11079,626,0.69),(37390,11079,627,0.25),(37391,11079,628,0.01),(37392,11079,629,19.93),(37393,11079,630,1.46),(37394,11079,633,78.85),(37395,11079,634,71.36),(37396,11079,631,78.82),(37397,11079,632,3.58),(37398,11080,624,3.78),(37399,11080,623,48),(37400,11080,625,177.7),(37401,11080,612,6.34),(37402,11080,626,0.1),(37403,11080,627,0.02),(37404,11080,628,0),(37405,11080,629,7.58),(37406,11080,630,0),(37407,11080,633,95.65),(37408,11080,634,38.66),(37409,11080,631,108.52),(37410,11080,632,2.75),(37411,11081,624,2.8),(37412,11081,623,35),(37413,11081,625,16.1),(37414,11081,612,4.39),(37415,11081,626,0.79),(37416,11081,627,0.73),(37417,11081,628,0.33),(37418,11081,629,4.9),(37419,11081,630,2.72),(37420,11081,633,62.58),(37421,11081,634,49.45),(37422,11081,631,241.12),(37423,11081,632,4.14),(37424,11082,624,6.25),(37425,11082,623,82.4),(37426,11082,625,284.2),(37427,11082,612,6.17),(37428,11082,626,1.03),(37429,11082,627,0.71),(37430,11082,628,0.57),(37431,11082,629,13.65),(37432,11082,630,4.08),(37433,11082,633,124.84),(37434,11082,634,98.82),(37435,11082,631,269.09),(37436,11082,632,0.95),(37437,11083,624,7.71),(37438,11083,623,102.8),(37439,11083,625,471),(37440,11083,612,7.2),(37441,11083,626,0.9),(37442,11083,627,0.4),(37443,11083,628,0),(37444,11083,629,4.84),(37445,11083,630,0),(37446,11083,633,73.92),(37447,11083,634,49.7),(37448,11083,631,53.42),(37449,11083,632,12.84),(37450,11084,624,7.9),(37451,11084,623,104.1),(37452,11084,625,406.8),(37453,11084,612,8.31),(37454,11084,626,1.02),(37455,11084,627,0.55),(37456,11084,628,0.08),(37457,11084,629,5.55),(37458,11084,630,0),(37459,11084,633,107.6),(37460,11084,634,82.39),(37461,11084,631,56.83),(37462,11084,632,24.17),(37463,11085,624,4.4),(37464,11085,623,57.5),(37465,11085,625,511.4),(37466,11085,612,6.97),(37467,11085,626,0.97),(37468,11085,627,0.8),(37469,11085,628,0.08),(37470,11085,629,24.68),(37471,11085,630,7.46),(37472,11085,633,117.51),(37473,11085,634,109.27),(37474,11085,631,40.01),(37475,11085,632,15.66),(37476,11086,624,5.66),(37477,11086,623,70.9),(37478,11086,625,150.6),(37479,11086,612,6.3),(37480,11086,626,1.98),(37481,11086,627,0.61),(37482,11086,628,0.3),(37483,11086,629,6.04),(37484,11086,630,8.86),(37485,11086,633,44.08),(37486,11086,634,32.29),(37487,11086,631,20.25),(37488,11086,632,2.11),(37489,11087,624,6.43),(37490,11087,623,78),(37491,11087,625,152.6),(37492,11087,612,6.5),(37493,11087,626,1.5),(37494,11087,627,0.45),(37495,11087,628,0.29),(37496,11087,629,5.97),(37497,11087,630,9.43),(37498,11087,633,158.23),(37499,11087,634,135.5),(37500,11087,631,25.04),(37501,11087,632,3.06),(37502,11088,624,5.82),(37503,11088,623,85.1),(37504,11088,625,1399),(37505,11088,612,7.27),(37506,11088,626,1.58),(37507,11088,627,0.57),(37508,11088,628,0.02),(37509,11088,629,31.68),(37510,11088,630,2.47),(37511,11088,633,67.58),(37512,11088,634,48.85),(37513,11088,631,12.96),(37514,11088,632,5.84),(37515,11089,624,0),(37516,11089,625,0),(37517,11089,612,0),(37518,11089,626,0),(37519,11089,627,0),(37520,11089,628,0),(37521,11089,629,0),(37522,11089,630,0),(37523,11090,624,0),(37524,11090,625,0),(37525,11090,612,0),(37526,11090,626,0),(37527,11090,627,0),(37528,11090,628,0),(37529,11090,629,0),(37530,11090,630,0),(37531,11091,624,0),(37532,11091,625,0),(37533,11091,612,0),(37534,11091,626,0),(37535,11091,627,0),(37536,11091,628,0),(37537,11091,629,0),(37538,11091,630,0),(37539,11092,624,5.7),(37540,11092,623,71),(37541,11092,625,440.8),(37542,11092,612,5.41),(37543,11092,626,0.67),(37544,11092,627,0.41),(37545,11092,628,0.03),(37546,11092,629,11.18),(37547,11092,630,4.93),(37548,11092,633,66.79),(37549,11092,634,85.51),(37550,11092,631,14.45),(37551,11092,632,2.78),(37552,11093,624,5.55),(37553,11093,623,75.6),(37554,11093,625,300.3),(37555,11093,612,6.63),(37556,11093,626,0.48),(37557,11093,627,0.27),(37558,11093,628,0.01),(37559,11093,629,21.82),(37560,11093,630,2.6),(37561,11093,633,99.19),(37562,11093,634,98.16),(37563,11093,631,61.05),(37564,11093,632,5.49),(37565,11094,624,6.7),(37566,11094,623,93.5),(37567,11094,625,264.3),(37568,11094,612,6.46),(37569,11094,626,0.71),(37570,11094,627,0.41),(37571,11094,628,0.01),(37572,11094,629,14.87),(37573,11094,630,1.97),(37574,11094,633,95.66),(37575,11094,634,94.9),(37576,11094,631,69.96),(37577,11094,632,9.66),(37578,11095,624,4.27),(37579,11095,623,55.5),(37580,11095,625,-17),(37581,11095,612,4.39),(37582,11095,626,0.87),(37583,11095,627,0.72),(37584,11095,628,0.71),(37585,11095,629,8.51),(37586,11095,630,1.85),(37587,11095,633,117.51),(37588,11095,634,119.27),(37589,11095,631,269.07),(37590,11095,632,1.43),(37591,11096,624,6.7),(37592,11096,623,77),(37593,11096,625,265.7),(37594,11096,612,5.88),(37595,11096,626,1.04),(37596,11096,627,0.91),(37597,11096,628,0.91),(37598,11096,629,11.6),(37599,11096,630,10.42),(37600,11096,633,158.23),(37601,11096,634,131.5),(37602,11096,631,305.52),(37603,11097,624,8.02),(37604,11097,623,121.7),(37605,11097,625,753.6),(37606,11097,612,8.7),(37607,11097,626,1.07),(37608,11097,627,0.26),(37609,11097,628,0),(37610,11097,629,0),(37611,11097,630,0),(37612,11097,633,58.66),(37613,11097,634,49.56),(37614,11097,631,32.15),(37615,11097,632,11.35),(37616,11098,624,5.98),(37617,11098,623,77),(37618,11098,625,897),(37619,11098,612,5.95),(37620,11098,626,2.73),(37621,11098,627,0.82),(37622,11098,628,0.02),(37623,11098,629,37.51),(37624,11098,630,1.56),(37625,11098,633,158.57),(37626,11098,634,135.6),(37627,11098,631,15.27),(37628,11098,632,35.93),(37629,11099,624,5.14),(37630,11099,623,64.6),(37631,11099,625,609.4),(37632,11099,612,6.56),(37633,11099,626,1.02),(37634,11099,627,0.49),(37635,11099,628,0.08),(37636,11099,629,18.94),(37637,11099,630,2.08),(37638,11099,633,142.15),(37639,11099,634,124.15),(37640,11099,631,24.75),(37641,11099,632,18.52),(37642,11100,624,7.3),(37643,11100,623,95),(37644,11100,625,762.3),(37645,11100,612,7.68),(37646,11100,626,1.55),(37647,11100,627,0.64),(37648,11100,628,0),(37649,11100,629,20.83),(37650,11100,630,0),(37651,11100,633,131.25),(37652,11100,634,116.05),(37653,11100,631,19.94),(37654,11100,632,13.87),(37655,11101,624,2.03),(37656,11101,623,60.6),(37657,11101,625,139.1),(37658,11101,612,6.2),(37659,11101,626,0.9),(37660,11101,627,0.62),(37661,11101,628,0.11),(37662,11101,629,17.35),(37663,11101,630,2.03),(37664,11101,633,136.5),(37665,11101,634,138.73),(37666,11101,631,48.49),(37667,11101,632,0.85),(37668,11102,624,6.27),(37669,11102,623,81.5),(37670,11102,625,2546),(37671,11102,612,6.9),(37672,11102,626,0.6),(37673,11102,627,0.51),(37674,11102,628,0),(37675,11102,629,22.25),(37676,11102,630,6.38),(37677,11102,633,13.45),(37678,11102,634,12.37),(37679,11102,631,60.9),(37680,11102,632,0.89),(37681,11103,624,6.3),(37682,11103,623,80.5),(37683,11103,625,2425),(37684,11103,612,6.9),(37685,11103,626,1.7),(37686,11103,627,0.56),(37687,11103,628,0),(37688,11103,629,22.17),(37689,11103,630,5.33),(37690,11103,633,38.74),(37691,11103,634,14.87),(37692,11103,631,30.74),(37693,11103,632,2.35),(37694,11104,624,3.54),(37695,11104,623,44.6),(37696,11104,625,-34.46),(37697,11104,612,4.26),(37698,11104,626,1.03),(37699,11104,627,0.67),(37700,11104,628,0.3),(37701,11104,629,18.91),(37702,11104,630,5.36),(37703,11104,633,74.67),(37704,11104,634,59.79),(37705,11104,631,273.66),(37706,11104,632,0),(37707,11105,624,6.91),(37708,11105,623,88.4),(37709,11105,625,268.4),(37710,11105,612,6.59),(37711,11105,626,1.83),(37712,11105,627,1.54),(37713,11105,628,0.56),(37714,11105,629,22.43),(37715,11105,630,17.28),(37716,11105,633,131.13),(37717,11105,634,131.13),(37718,11105,631,251.11),(37719,11105,632,0),(37720,11106,624,6.28),(37721,11106,623,71.4),(37722,11106,625,506.4),(37723,11106,612,7.1),(37724,11106,626,2.5),(37725,11106,627,0.87),(37726,11106,628,0.1),(37727,11106,629,29.84),(37728,11106,630,13.79),(37729,11106,633,67.51),(37730,11106,634,65.04),(37731,11106,631,201.43),(37732,11106,632,9.69),(37733,11107,624,7),(37734,11107,623,81),(37735,11107,625,883),(37736,11107,612,7.59),(37737,11107,626,2.84),(37738,11107,627,0.93),(37739,11107,628,0.11),(37740,11107,629,30.32),(37741,11107,630,21.11),(37742,11107,633,79.05),(37743,11107,634,80.68),(37744,11107,631,235.22),(37745,11107,632,12.19),(37746,11108,624,5.57),(37747,11108,623,63.1),(37748,11108,625,331.5),(37749,11108,612,6.58),(37750,11108,626,2.03),(37751,11108,627,0.62),(37752,11108,628,0.11),(37753,11108,629,26.94),(37754,11108,630,14.59),(37755,11108,633,106.18),(37756,11108,634,58.56),(37757,11108,631,276.64),(37758,11108,632,0.9),(37759,11109,624,7.92),(37760,11109,623,90.4),(37761,11109,625,383.3),(37762,11109,612,6.88),(37763,11109,626,0.24),(37764,11109,627,0.16),(37765,11109,628,0.07),(37766,11109,629,17.93),(37767,11109,630,0),(37768,11109,633,47.17),(37769,11109,634,49.55),(37770,11109,631,90.42),(37771,11109,632,1.89),(37772,11110,624,8.05),(37773,11110,623,93.9),(37774,11110,625,278.3),(37775,11110,612,6.7),(37776,11110,626,0.26),(37777,11110,627,0.19),(37778,11110,628,0.08),(37779,11110,629,19.57),(37780,11110,630,0),(37781,11110,633,45.06),(37782,11110,634,33.09),(37783,11110,631,69.3),(37784,11110,632,1.67),(37785,11111,624,6.88),(37786,11111,623,77.7),(37787,11111,625,-33.3),(37788,11111,612,4.22),(37789,11111,626,1.52),(37790,11111,627,0.46),(37791,11111,628,0.73),(37792,11111,629,19.21),(37793,11111,630,6.86),(37794,11111,633,143.8),(37795,11111,634,148.88),(37796,11111,631,219.82),(37797,11111,632,1.17),(37798,11112,624,9.94),(37799,11112,623,115.2),(37800,11112,625,946.1),(37801,11112,612,7.36),(37802,11112,626,2.04),(37803,11112,627,0.65),(37804,11112,628,0.17),(37805,11112,629,15.14),(37806,11112,630,10.2),(37807,11112,633,99.63),(37808,11112,634,102.95),(37809,11112,631,133.84),(37810,11112,632,1.36),(37811,11113,624,7.86),(37812,11113,623,91.5),(37813,11113,625,744.8),(37814,11113,612,7.31),(37815,11113,626,0.76),(37816,11113,627,0.55),(37817,11113,628,0.12),(37818,11113,629,17.34),(37819,11113,630,0),(37820,11113,633,109.65),(37821,11113,634,66.86),(37822,11113,631,60.7),(37823,11113,632,15.84),(37824,11114,624,8.6),(37825,11114,623,101),(37826,11114,625,836.1),(37827,11114,612,7.25),(37828,11114,626,0.73),(37829,11114,627,0.34),(37830,11114,628,0.15),(37831,11114,629,18.17),(37832,11114,630,0),(37833,11114,633,74.68),(37834,11114,634,58.22),(37835,11114,631,71.85),(37836,11114,632,6.86),(37837,11115,624,9.06),(37838,11115,623,105.6),(37839,11115,625,863.4),(37840,11115,612,7.3),(37841,11115,626,1.19),(37842,11115,627,0.55),(37843,11115,628,0.07),(37844,11115,629,18.52),(37845,11115,630,0),(37846,11115,633,121.8),(37847,11115,634,65.83),(37848,11115,631,82.77),(37849,11115,632,9.93),(37850,11116,624,8.66),(37851,11116,623,97.6),(37852,11116,625,238.8),(37853,11116,612,7.73),(37854,11116,626,1.8),(37855,11116,627,1.45),(37856,11116,628,0.14),(37857,11116,629,19.7),(37858,11116,630,13.16),(37859,11116,633,59.97),(37860,11116,634,57.99),(37861,11116,631,239.34),(37862,11116,632,1.56),(37863,11117,624,7.12),(37864,11117,623,81.2),(37865,11117,625,281.6),(37866,11117,612,6.53),(37867,11117,626,0.96),(37868,11117,627,0.77),(37869,11117,628,0.22),(37870,11117,629,36.26),(37871,11117,630,12.1),(37872,11117,633,97.33),(37873,11117,634,95.17),(37874,11117,631,229.1),(37875,11117,632,9.66),(37876,11118,624,7.29),(37877,11118,623,87.1),(37878,11118,625,864),(37879,11118,612,8.07),(37880,11118,626,2.46),(37881,11118,627,1.09),(37882,11118,628,0.37),(37883,11118,629,24.69),(37884,11118,630,7.48),(37885,11118,633,88.17),(37886,11118,634,86.18),(37887,11118,631,181.45),(37888,11118,632,12.55),(37889,11119,624,6.54),(37890,11119,623,77),(37891,11119,625,833.1),(37892,11119,612,7.63),(37893,11119,626,3.26),(37894,11119,627,1.46),(37895,11119,628,0.5),(37896,11119,629,33.18),(37897,11119,630,6.39),(37898,11119,633,131.09),(37899,11119,634,108),(37900,11119,631,213.55),(37901,11119,632,10.82),(37902,11120,624,6.42),(37903,11120,623,75.2),(37904,11120,625,408),(37905,11120,612,7.06),(37906,11120,626,1.64),(37907,11120,627,0.53),(37908,11120,628,0),(37909,11120,629,29.97),(37910,11120,630,12.4),(37911,11120,633,88.67),(37912,11120,634,90.77),(37913,11120,631,219.1),(37914,11120,632,11.07),(37915,11121,624,7.07),(37916,11121,623,87),(37917,11121,625,854.1),(37918,11121,612,7.64),(37919,11121,626,3.22),(37920,11121,627,1.05),(37921,11121,628,0.33),(37922,11121,629,23.3),(37923,11121,630,5.16),(37924,11121,633,105.5),(37925,11121,634,75.53),(37926,11121,631,214.85),(37927,11121,632,19.55),(37928,11122,624,5.05),(37929,11122,623,57.5),(37930,11122,625,364.1),(37931,11122,612,6.8),(37932,11122,626,2.74),(37933,11122,627,1.18),(37934,11122,628,0.3),(37935,11122,629,36.54),(37936,11122,630,29.73),(37937,11122,633,143.13),(37938,11122,634,129.85),(37939,11122,631,267.57),(37940,11122,632,0.62),(37941,11123,624,7.25),(37942,11123,623,87.7),(37943,11123,625,252.3),(37944,11123,612,7.05),(37945,11123,626,0),(37946,11123,627,0),(37947,11123,628,0),(37948,11123,629,21.65),(37949,11123,630,0),(37950,11123,633,48.96),(37951,11123,634,47.05),(37952,11123,631,26.23),(37953,11123,632,1.14),(37954,11124,624,7.48),(37955,11124,623,91.7),(37956,11124,625,237.4),(37957,11124,612,6.87),(37958,11124,626,0),(37959,11124,627,0),(37960,11124,628,0),(37961,11124,629,22.01),(37962,11124,630,0),(37963,11124,633,43.21),(37964,11124,634,37.46),(37965,11124,631,16.63),(37966,11124,632,1.74),(37967,11125,624,7.24),(37968,11125,623,86.9),(37969,11125,625,839.9),(37970,11125,612,7.83),(37971,11125,626,0.48),(37972,11125,627,0.73),(37973,11125,628,0),(37974,11125,629,0),(37975,11125,630,0),(37976,11125,633,68.89),(37977,11125,634,70.64),(37978,11125,631,68.15),(37979,11125,632,4.66),(37980,11126,624,7.28),(37981,11126,623,88),(37982,11126,625,886.9),(37983,11126,612,7.43),(37984,11126,626,0.88),(37985,11126,627,0.87),(37986,11126,628,0),(37987,11126,629,0),(37988,11126,630,0),(37989,11126,633,65.91),(37990,11126,634,61.8),(37991,11126,631,70.55),(37992,11126,632,8.65),(37993,11127,624,7.03),(37994,11127,623,84.4),(37995,11127,625,910.6),(37996,11127,612,7.69),(37997,11127,626,1.16),(37998,11127,627,1.28),(37999,11127,628,0),(38000,11127,629,0),(38001,11127,630,0),(38002,11127,633,73.46),(38003,11127,634,61.11),(38004,11127,631,80.51),(38005,11127,632,0),(38006,11128,624,7.22),(38007,11128,623,88.1),(38008,11128,625,177.2),(38009,11128,612,6.71),(38010,11128,626,2.27),(38011,11128,627,0.76),(38012,11128,628,0.33),(38013,11128,629,1.41),(38014,11128,630,3.14),(38015,11128,633,22.37),(38016,11128,634,13.44),(38017,11128,631,300.75),(38018,11128,632,0.68),(38019,11129,624,6.99),(38020,11129,623,84.8),(38021,11129,625,363.6),(38022,11129,612,7.02),(38023,11129,626,1.09),(38024,11129,627,0.9),(38025,11129,628,0.67),(38026,11129,629,19.82),(38027,11129,630,11.24),(38028,11129,633,30.27),(38029,11129,634,33.43),(38030,11129,631,283.32),(38031,11129,632,1.18),(38032,11130,624,7.51),(38033,11130,623,90.7),(38034,11130,625,973.5),(38035,11130,612,8.18),(38036,11130,626,2.2),(38037,11130,627,1.26),(38038,11130,628,0),(38039,11130,629,6.53),(38040,11130,630,0),(38041,11130,633,38.45),(38042,11130,634,18.29),(38043,11130,631,107.82),(38044,11130,632,34.09),(38045,11131,624,7.43),(38046,11131,623,89.5),(38047,11131,625,882.6),(38048,11131,612,7.98),(38049,11131,626,4.1),(38050,11131,627,1.43),(38051,11131,628,0.31),(38052,11131,629,1.29),(38053,11131,630,0),(38054,11131,633,60.09),(38055,11131,634,27.78),(38056,11131,631,116.8),(38057,11131,632,33.15),(38058,11132,624,6.65),(38059,11132,623,80),(38060,11132,625,650.1),(38061,11132,612,7.19),(38062,11132,626,1.46),(38063,11132,627,1.04),(38064,11132,628,0),(38065,11132,629,2.01),(38066,11132,630,0),(38067,11132,633,21.41),(38068,11132,634,14.4),(38069,11132,631,149.32),(38070,11132,632,17.73),(38071,11133,624,7.04),(38072,11133,623,84.8),(38073,11133,625,831.7),(38074,11133,612,7.9),(38075,11133,626,2.07),(38076,11133,627,1.27),(38077,11133,628,0),(38078,11133,629,0.56),(38079,11133,630,0),(38080,11133,633,64.57),(38081,11133,634,22.64),(38082,11133,631,150.33),(38083,11133,632,29.03),(38084,11134,624,3.68),(38085,11134,623,43.1),(38086,11134,625,342.5),(38087,11134,612,6.64),(38088,11134,626,2.44),(38089,11134,627,1.26),(38090,11134,628,0.3),(38091,11134,629,12.14),(38092,11134,630,8.67),(38093,11134,633,63.02),(38094,11134,634,29.4),(38095,11134,631,244.59),(38096,11134,632,3.9),(38097,11135,624,6.61),(38098,11135,623,81.5),(38099,11135,625,207.7),(38100,11135,612,6.88),(38101,11135,626,0.56),(38102,11135,627,0.58),(38103,11135,628,0),(38104,11135,629,1.55),(38105,11135,630,0),(38106,11135,633,34.15),(38107,11135,634,10.93),(38108,11135,631,14.02),(38109,11135,632,1.33),(38110,11136,624,6.89),(38111,11136,623,85),(38112,11136,625,166.2),(38113,11136,612,6.85),(38114,11136,626,0.76),(38115,11136,627,0.67),(38116,11136,628,0),(38117,11136,629,3.16),(38118,11136,630,0),(38119,11136,633,41.32),(38120,11136,634,35.82),(38121,11136,631,20.51),(38122,11136,632,1.23),(38123,11137,624,6.17),(38124,11137,623,74.8),(38125,11137,625,-65.4),(38126,11137,612,4.23),(38127,11137,626,1.29),(38128,11137,627,1.04),(38129,11137,628,0.72),(38130,11137,629,0.79),(38131,11137,630,2.01),(38132,11137,633,115.25),(38133,11137,634,93.96),(38134,11137,631,198.15),(38135,11137,632,3.04),(38136,11138,624,6.09),(38137,11138,623,79.6),(38138,11138,625,850.3),(38139,11138,612,7.64),(38140,11138,626,1.39),(38141,11138,627,0.6),(38142,11138,628,0.3),(38143,11138,629,2.29),(38144,11138,630,0),(38145,11138,633,27.84),(38146,11138,634,32.59),(38147,11138,631,60.62),(38148,11138,632,0.8),(38149,11139,621,2),(38150,11139,622,0.6),(38151,11139,635,3.8),(38152,11139,636,30),(38153,11140,621,1.3),(38154,11140,622,0.5),(38155,11140,635,2.9),(38156,11140,636,30),(38157,11141,621,1.4),(38158,11141,622,0.5),(38159,11141,635,1.4),(38160,11141,636,29),(38161,11142,621,1.45),(38162,11142,622,0.55),(38163,11142,635,2.1),(38164,11142,636,30),(38165,11143,621,1.6),(38166,11143,622,0.5),(38167,11143,635,1.2),(38168,11143,636,28),(38169,11144,621,3.8),(38170,11144,622,0.7),(38171,11144,635,2.7),(38172,11144,636,25),(38173,11145,621,1.65),(38174,11145,622,0.8),(38175,11145,635,2.2),(38176,11145,636,26),(38177,11146,621,2.2),(38178,11146,622,0.2),(38179,11146,635,2.5),(38180,11146,636,25),(38181,11147,621,0.6),(38182,11147,622,0.5),(38183,11147,635,2.1),(38184,11147,636,25),(38185,11148,621,1.8),(38186,11148,622,1.2),(38187,11148,635,3.5),(38188,11148,636,26),(38189,11149,621,3.8),(38190,11149,622,1.4),(38191,11149,635,2.7),(38192,11149,636,27),(38193,11150,621,2.4),(38194,11150,622,1.3),(38195,11150,635,3.6),(38196,11150,636,28),(38197,11151,621,0.7),(38198,11151,622,0.25),(38199,11151,635,1.7),(38200,11151,636,29),(38201,11152,621,0.8),(38202,11152,622,0.25),(38203,11152,635,0.5),(38204,11152,636,26),(38205,11153,621,2.5),(38206,11153,622,0.5),(38207,11153,635,1.7),(38208,11153,636,33),(38209,11154,621,1.1),(38210,11154,622,0.4),(38211,11154,635,0.5),(38212,11154,636,32),(38213,11155,621,3.6),(38214,11155,622,0.4),(38215,11155,635,4.7),(38216,11155,636,35),(38217,11156,621,1.1),(38218,11156,622,0.3),(38219,11156,635,2.9),(38220,11156,636,36),(38221,11157,621,0.35),(38222,11157,622,0.35),(38223,11157,635,5.4),(38224,11157,636,32),(38225,11158,621,1.4),(38226,11158,622,0.7),(38227,11158,635,3.5),(38228,11158,636,32),(38229,11159,621,0.4),(38230,11159,622,0.4),(38231,11159,635,6.3),(38232,11159,636,31),(38233,11160,621,1.1),(38234,11160,622,0.5),(38235,11160,635,5.3),(38236,11160,636,31),(38237,11161,621,0.7),(38238,11161,622,0.35),(38239,11161,635,7.7),(38240,11161,636,30),(38241,11162,621,0.9),(38242,11162,622,0.4),(38243,11162,635,6),(38244,11162,636,32),(38245,11163,621,0.9),(38246,11163,622,0.4),(38247,11163,635,7.7),(38248,11163,636,30),(38249,11164,621,1.2),(38250,11164,622,0.45),(38251,11164,635,2.1),(38252,11164,636,31),(38253,11165,621,3.5),(38254,11165,622,0.8),(38255,11165,635,3.1),(38256,11165,636,28),(38257,11166,621,1.9),(38258,11166,622,0.8),(38259,11166,635,3),(38260,11166,636,29),(38261,11167,621,3.6),(38262,11167,622,0.3),(38263,11167,635,4.7),(38264,11167,636,30),(38265,11168,621,1.2),(38266,11168,622,0.4),(38267,11168,635,2.8),(38268,11168,636,31),(38269,11169,621,0.7),(38270,11169,622,0.7),(38271,11169,635,6),(38272,11169,636,25),(38273,11170,621,2.6),(38274,11170,622,0.45),(38275,11170,635,2.5),(38276,11170,636,32),(38277,11171,621,1.3),(38278,11171,622,0.4),(38279,11171,635,4.6),(38280,11171,636,31),(38281,11172,621,3),(38282,11172,622,0.3),(38283,11172,635,1.1),(38284,11172,636,33),(38285,11173,621,2.5),(38286,11173,622,0.3),(38287,11173,635,0.8),(38288,11173,636,33),(38289,11174,621,1.8),(38290,11174,622,0.9),(38291,11174,635,1.8),(38292,11174,636,27),(38293,11175,621,1.4),(38294,11175,622,0.4),(38295,11175,635,2.8),(38296,11175,636,26),(38297,11176,621,1.3),(38298,11176,622,0.4),(38299,11176,635,2.8),(38300,11176,636,25),(38301,11177,621,1.7),(38302,11177,622,0.6),(38303,11177,635,2.7),(38304,11177,636,27),(38305,11178,621,1.5),(38306,11178,622,0.5),(38307,11178,635,2.6),(38308,11178,636,24),(38309,11179,621,3),(38310,11179,622,0.6),(38311,11179,635,2.3),(38312,11179,636,29),(38313,11180,621,2),(38314,11180,622,0.6),(38315,11180,635,3),(38316,11180,636,28.5),(38317,11181,621,3.3),(38318,11181,622,0.5),(38319,11181,635,3.8),(38320,11181,636,27),(38321,11182,621,1.4),(38322,11182,622,0.3),(38323,11182,635,1.8),(38324,11182,636,26),(38325,11183,621,1.6),(38326,11183,622,0.9),(38327,11183,635,2.7),(38328,11183,636,27),(38329,11184,621,3.4),(38330,11184,622,0.8),(38331,11184,635,2.8),(38332,11184,636,28),(38333,11185,621,2.2),(38334,11185,622,0.6),(38335,11185,635,1),(38336,11185,636,30),(38337,11186,621,2.2),(38338,11186,622,0.5),(38339,11186,635,1.1),(38340,11186,636,27),(38341,11187,621,3),(38342,11187,622,0.6),(38343,11187,635,1.7),(38344,11187,636,29),(38345,11188,621,0.5),(38346,11188,622,0.4),(38347,11188,635,1.4),(38348,11188,636,26),(38349,11189,621,0.3),(38350,11189,622,0.25),(38351,11189,635,3),(38352,11189,636,27),(38353,11190,621,0.4),(38354,11190,622,0.3),(38355,11190,635,2.6),(38356,11190,636,24),(38357,11191,621,0.9),(38358,11191,622,0.4),(38359,11191,635,0.9),(38360,11191,636,24),(38361,11192,621,3.5),(38362,11192,622,0.5),(38363,11192,635,3.1),(38364,11192,636,32),(38365,11193,621,1.8),(38366,11193,622,0.7),(38367,11193,635,5.4),(38368,11193,636,31),(38369,11194,621,3.7),(38370,11194,622,0.3),(38371,11194,635,4.7),(38372,11194,636,28),(38373,11195,621,1.35),(38374,11195,622,0.2),(38375,11195,635,0.5),(38376,11195,636,26),(38377,11196,621,0.8),(38378,11196,622,0.5),(38379,11196,635,1.7),(38380,11196,636,28),(38381,11197,621,2.5),(38382,11197,622,0.6),(38383,11197,635,1.2),(38384,11197,636,28),(38385,11198,621,1.2),(38386,11198,622,0.6),(38387,11198,635,1.1),(38388,11198,636,28),(38389,11199,621,2.8),(38390,11199,622,0.3),(38391,11199,635,0.7),(38392,11199,636,24),(38393,11200,621,3),(38394,11200,622,0.4),(38395,11200,635,1),(38396,11200,636,23),(38397,11201,621,0.8),(38398,11201,622,0.4),(38399,11201,635,3.3),(38400,11201,636,27),(38401,11202,621,0.7),(38402,11202,622,0.3),(38403,11202,635,2.2),(38404,11202,636,29),(38405,11203,621,0.6),(38406,11203,622,0.4),(38407,11203,635,2),(38408,11203,636,30),(38409,11204,621,0.9),(38410,11204,622,0.5),(38411,11204,635,1.4),(38412,11204,636,29),(38413,11205,621,1.6),(38414,11205,622,0.4),(38415,11205,635,0.7),(38416,11205,636,26),(38417,11206,621,3.8),(38418,11206,622,0.8),(38419,11206,635,6.1),(38420,11206,636,32),(38421,11207,621,2.1),(38422,11207,622,0.8),(38423,11207,635,2.9),(38424,11207,636,33),(38425,11208,621,3.2),(38426,11208,622,0.3),(38427,11208,635,2.3),(38428,11208,636,27),(38429,11209,621,1),(38430,11209,622,0.4),(38431,11209,635,1.9),(38432,11209,636,27),(38433,11210,621,1.5),(38434,11210,622,0.5),(38435,11210,635,2.3),(38436,11210,636,30),(38437,11211,621,2.2),(38438,11211,622,0.5),(38439,11211,635,7),(38440,11211,636,30),(38441,11212,621,2.1),(38442,11212,622,0.4),(38443,11212,635,2.9),(38444,11212,636,29),(38445,11213,621,2.2),(38446,11213,622,0.8),(38447,11213,635,2.2),(38448,11213,636,28),(38449,11214,621,2.7),(38450,11214,622,0.8),(38451,11214,635,1.9),(38452,11214,636,27),(38453,11215,621,1.5),(38454,11215,622,1.5),(38455,11215,635,6.4),(38456,11215,636,24),(38457,11216,621,1.1),(38458,11216,622,0.7),(38459,11216,635,2.2),(38460,11216,636,22.2),(38461,11217,621,1.1),(38462,11217,622,0.3),(38463,11217,635,4.6),(38464,11217,636,21.5),(38465,11218,621,1.2),(38466,11218,622,1),(38467,11218,635,3.4),(38468,11218,636,22),(38469,11219,621,1.9),(38470,11219,622,0.7),(38471,11219,635,1.3),(38472,11219,636,22),(38473,11220,621,3.7),(38474,11220,622,1.1),(38475,11220,635,0.3),(38476,11220,636,26),(38477,11221,621,2.5),(38478,11221,622,1.1),(38479,11221,635,1.1),(38480,11221,636,26.5),(38481,11222,621,3),(38482,11222,622,0.2),(38483,11222,635,1.9),(38484,11222,636,27),(38485,11223,621,1.3),(38486,11223,622,0.5),(38487,11223,635,2),(38488,11223,636,24),(38489,11224,621,2.2),(38490,11224,622,0.4),(38491,11224,635,8.6),(38492,11224,636,22),(38493,11225,621,3.7),(38494,11225,622,0.7),(38495,11225,635,3.5),(38496,11225,636,24.5),(38497,11226,621,2.3),(38498,11226,622,0.7),(38499,11226,635,4.3),(38500,11226,636,24.5),(38501,11227,621,2.1),(38502,11227,622,0.8),(38503,11227,635,0.4),(38504,11227,636,24),(38505,11228,621,1.9),(38506,11228,622,0.67),(38507,11228,635,2),(38508,11228,636,21),(38509,11229,621,1.5),(38510,11229,622,1.5),(38511,11229,635,4.7),(38512,11229,636,24),(38513,11230,621,1.2),(38514,11230,622,0.9),(38515,11230,635,2.3),(38516,11230,636,27),(38517,11231,621,1.2),(38518,11231,622,0.4),(38519,11231,635,2.5),(38520,11231,636,24),(38521,11232,621,1.3),(38522,11232,622,1.2),(38523,11232,635,3.8),(38524,11232,636,24),(38525,11233,621,2.1),(38526,11233,622,0.7),(38527,11233,635,0.6),(38528,11233,636,21.5),(38529,11234,621,3.3),(38530,11234,622,2.3),(38531,11234,635,3.4),(38532,11234,636,27),(38533,11235,621,1.7),(38534,11235,622,1.7),(38535,11235,635,2.5),(38536,11235,636,28),(38537,11236,621,2.7),(38538,11236,622,0.4),(38539,11236,635,2.6),(38540,11236,636,24),(38541,11237,621,1.5),(38542,11237,622,0.7),(38543,11237,635,2.1),(38544,11237,636,34),(38545,11238,621,1.7),(38546,11238,622,1.2),(38547,11238,635,5.8),(38548,11238,636,23),(38549,11239,621,3.3),(38550,11239,622,0.8),(38551,11239,635,2.9),(38552,11239,636,24),(38553,11240,621,2.2),(38554,11240,622,1),(38555,11240,635,3.1),(38556,11240,636,21),(38557,11241,621,1.8),(38558,11241,622,0.8),(38559,11241,635,0.5),(38560,11241,636,17),(38561,11242,621,1.5),(38562,11242,622,0.7),(38563,11242,635,1.2),(38564,11242,636,19),(38565,11243,621,1.35),(38566,11243,622,0.9),(38567,11243,635,7.1),(38568,11243,636,26),(38569,11244,621,1.1),(38570,11244,622,0.7),(38571,11244,635,6.5),(38572,11244,636,29),(38573,11245,621,1.2),(38574,11245,622,0.5),(38575,11245,635,4.7),(38576,11245,636,30.5),(38577,11246,621,1.4),(38578,11246,622,1.1),(38579,11246,635,5.4),(38580,11246,636,29),(38581,11247,621,2.6),(38582,11247,622,0.5),(38583,11247,635,3.3),(38584,11247,636,34),(38585,11248,621,2.9),(38586,11248,622,1.5),(38587,11248,635,5.5),(38588,11248,636,21),(38589,11249,621,1.75),(38590,11249,622,1.25),(38591,11249,635,3.9),(38592,11249,636,22),(38593,11250,621,2.4),(38594,11250,622,0.2),(38595,11250,635,1.1),(38596,11250,636,21),(38597,11251,621,1.2),(38598,11251,622,0.35),(38599,11251,635,10.8),(38600,11251,636,20.5),(38601,11252,621,1.5),(38602,11252,622,1),(38603,11252,635,8.9),(38604,11252,636,26),(38605,11253,621,3.3),(38606,11253,622,0.7),(38607,11253,635,7.7),(38608,11253,636,22),(38609,11254,621,1.1),(38610,11254,622,0.8),(38611,11254,635,8),(38612,11254,636,22),(38613,11255,621,1.7),(38614,11255,622,0.55),(38615,11255,635,3.7),(38616,11255,636,26),(38617,11256,621,1.35),(38618,11256,622,0.5),(38619,11256,635,3.7),(38620,11256,636,23),(38621,11257,621,0.4),(38622,11257,622,0.4),(38623,11257,635,3.9),(38624,11257,636,21),(38625,11258,621,0.1),(38626,11258,622,0.1),(38627,11258,635,2.5),(38628,11258,636,21),(38629,11259,621,1.8),(38630,11259,622,0.2),(38631,11259,635,2.8),(38632,11259,636,20),(38633,11260,621,2.7),(38634,11260,622,2.5),(38635,11260,635,3.6),(38636,11260,636,19),(38637,11261,621,2.1),(38638,11261,622,2.1),(38639,11261,635,2.3),(38640,11261,636,20),(38641,11262,621,2.4),(38642,11262,622,0.3),(38643,11262,635,2.5),(38644,11262,636,21),(38645,11263,621,1.1),(38646,11263,622,0.5),(38647,11263,635,2),(38648,11263,636,27),(38649,11264,621,1.6),(38650,11264,622,1.2),(38651,11264,635,6.4),(38652,11264,636,28),(38653,11265,621,3.6),(38654,11265,622,1.1),(38655,11265,635,2.2),(38656,11265,636,22),(38657,11266,621,2.1),(38658,11266,622,1),(38659,11266,635,2.8),(38660,11266,636,22),(38661,11267,621,2.2),(38662,11267,622,0.5),(38663,11267,635,2.5),(38664,11267,636,21),(38665,11268,621,2.4),(38666,11268,622,0.6),(38667,11268,635,1.3),(38668,11268,636,19),(38669,11269,621,1.2),(38670,11269,622,0.7),(38671,11269,635,4.1),(38672,11269,636,30),(38673,11270,621,0.9),(38674,11270,622,0.6),(38675,11270,635,1.7),(38676,11270,636,32),(38677,11271,621,0.9),(38678,11271,622,0.5),(38679,11271,635,3.7),(38680,11271,636,31),(38681,11272,621,1.1),(38682,11272,622,1),(38683,11272,635,3.4),(38684,11272,636,30),(38685,11273,621,1.9),(38686,11273,622,0.2),(38687,11273,635,1.5),(38688,11273,636,28),(38689,11274,621,3.3),(38690,11274,622,1.6),(38691,11274,635,0.3),(38692,11274,636,34),(38693,11275,621,2),(38694,11275,622,1.2),(38695,11275,635,2.2),(38696,11275,636,29),(38697,11276,621,2.7),(38698,11276,622,0.4),(38699,11276,635,3.9),(38700,11276,636,31),(38701,11277,621,1),(38702,11277,622,0.7),(38703,11277,635,2.2),(38704,11277,636,22.8),(38705,11278,621,1.7),(38706,11278,622,1.3),(38707,11278,635,4.7),(38708,11278,636,31),(38709,11279,621,3.2),(38710,11279,622,1.2),(38711,11279,635,3.2),(38712,11279,636,29),(38713,11280,621,2.2),(38714,11280,622,1),(38715,11280,635,2.8),(38716,11280,636,29),(38717,11281,621,2.5),(38718,11281,622,0.2),(38719,11281,635,0.8),(38720,11281,636,30),(38721,11282,621,2.8),(38722,11282,622,0.3),(38723,11282,635,1.5),(38724,11282,636,31),(38725,11283,621,0.6),(38726,11283,622,0.4),(38727,11283,635,2.5),(38728,11283,636,30),(38729,11284,621,0.2),(38730,11284,622,0.2),(38731,11284,635,1.3),(38732,11284,636,27),(38733,11285,621,0.4),(38734,11285,622,0.4),(38735,11285,635,3.2),(38736,11285,636,27),(38737,11286,621,0.9),(38738,11286,622,0.5),(38739,11286,635,1),(38740,11286,636,28),(38741,11287,621,3.5),(38742,11287,622,0.7),(38743,11287,635,2.5),(38744,11287,636,24),(38745,11288,621,2.2),(38746,11288,622,0.5),(38747,11288,635,0.3),(38748,11288,636,24),(38749,11289,621,3.5),(38750,11289,622,0.3),(38751,11289,635,2.1),(38752,11289,636,26),(38753,11290,621,1.3),(38754,11290,622,0.35),(38755,11290,635,0.8),(38756,11290,636,23),(38757,11291,621,0.6),(38758,11291,622,0.3),(38759,11291,635,1.8),(38760,11291,636,26),(38761,11292,621,2.2),(38762,11292,622,0.3),(38763,11292,635,0.3),(38764,11292,636,27),(38765,11293,621,1.2),(38766,11293,622,0.4),(38767,11293,635,0.6),(38768,11293,636,24),(38769,11294,621,3.2),(38770,11294,622,0.4),(38771,11294,635,1.5),(38772,11295,621,2.3),(38773,11295,622,0.4),(38774,11295,635,1.8),(38775,11296,624,7.04),(38776,11296,623,87.2),(38777,11296,625,337),(38778,11296,612,7.26),(38779,11296,626,8.53),(38780,11296,627,8.39),(38781,11296,628,5.57),(38782,11296,629,11.39),(38783,11296,630,25.6),(38784,11296,633,78.42),(38785,11296,634,75.12),(38786,11296,631,235.15),(38787,11296,632,1.15),(38788,11297,624,7.12),(38789,11297,623,91),(38790,11297,625,386.3),(38791,11297,612,7.23),(38792,11297,626,7.47),(38793,11297,627,1.38),(38794,11297,628,0.43),(38795,11297,629,19.22),(38796,11297,630,21.23),(38797,11297,633,86.78),(38798,11297,634,83.38),(38799,11297,631,254.24),(38800,11297,632,2.53),(38801,11298,624,5.8),(38802,11298,623,74.4),(38803,11298,625,384.4),(38804,11298,612,6.88),(38805,11298,626,6.26),(38806,11298,627,4.05),(38807,11298,628,1.35),(38808,11298,629,12.23),(38809,11298,630,15.83),(38810,11298,633,123.73),(38811,11298,634,120.43),(38812,11298,631,251.93),(38813,11298,632,2.49),(38814,11299,624,6.85),(38815,11299,623,87),(38816,11299,625,330.1),(38817,11299,612,6.97),(38818,11299,626,2.8),(38819,11299,627,2.24),(38820,11299,628,0.33),(38821,11299,629,13.21),(38822,11299,630,18.28),(38823,11299,633,65.78),(38824,11299,634,62.38),(38825,11299,631,218.08),(38826,11299,632,2.14),(38827,11300,624,4.27),(38828,11300,623,53.6),(38829,11300,625,907),(38830,11300,612,6.85),(38831,11300,626,3.92),(38832,11300,627,1.32),(38833,11300,628,0.41),(38834,11300,629,9.44),(38835,11300,630,15.57),(38836,11300,633,101.85),(38837,11300,634,98.45),(38838,11300,631,285.79),(38839,11300,632,5.92),(38840,11301,624,4.53),(38841,11301,623,57),(38842,11301,625,334.2),(38843,11301,612,6.6),(38844,11301,626,1.28),(38845,11301,627,1.3),(38846,11301,628,0.08),(38847,11301,629,39.56),(38848,11301,630,0),(38849,11301,633,54.19),(38850,11301,634,38.34),(38851,11301,631,13.91),(38852,11301,632,0.5),(38853,11302,624,4.05),(38854,11302,623,51.1),(38855,11302,625,344.4),(38856,11302,612,6.37),(38857,11302,626,2.58),(38858,11302,627,0.85),(38859,11302,628,0),(38860,11302,629,11.35),(38861,11302,630,1.05),(38862,11302,633,41.74),(38863,11302,634,52.08),(38864,11302,631,43.27),(38865,11302,632,1.95),(38866,11303,624,6.12),(38867,11303,623,76.8),(38868,11303,612,4.05),(38869,11303,626,1.95),(38870,11303,627,1.33),(38871,11303,628,0.4),(38872,11303,629,11.49),(38873,11303,630,1.81),(38874,11303,633,99.27),(38875,11303,634,86.97),(38876,11303,631,190.13),(38877,11303,632,1.37),(38878,11304,624,5.46),(38879,11304,623,80.1),(38880,11304,625,2504),(38881,11304,612,8.17),(38882,11304,626,1.2),(38883,11304,627,0.5),(38884,11304,628,0),(38885,11304,629,6.53),(38886,11304,630,0),(38887,11304,633,37.23),(38888,11304,634,27.49),(38889,11304,631,0),(38890,11304,632,0.43),(38891,11305,624,6.61),(38892,11305,623,85.6),(38893,11305,625,230.8),(38894,11305,612,6.73),(38895,11305,626,0.69),(38896,11305,627,0.41),(38897,11305,628,0),(38898,11305,629,13.85),(38899,11305,630,0),(38900,11305,633,19.3),(38901,11305,634,32.61),(38902,11305,631,53.35),(38903,11305,632,3.91),(38904,11306,624,5.88),(38905,11306,623,75.7),(38906,11306,625,288.2),(38907,11306,612,6.68),(38908,11306,626,1.02),(38909,11306,627,0.71),(38910,11306,628,0),(38911,11306,629,11.86),(38912,11306,630,1.85),(38913,11306,633,15.81),(38914,11306,634,12.13),(38915,11306,631,22.5),(38916,11306,632,1.41),(38917,11307,624,6.46),(38918,11307,623,82.5),(38919,11307,625,635.3),(38920,11307,612,7.04),(38921,11307,626,1.72),(38922,11307,627,1.7),(38923,11307,628,0),(38924,11307,629,11.74),(38925,11307,630,0),(38926,11307,633,25.94),(38927,11307,631,62.08),(38928,11307,632,6.78),(38929,11308,624,4.7),(38930,11308,623,62.3),(38931,11308,625,614.8),(38932,11308,612,6.68),(38933,11308,626,4.72),(38934,11308,627,2.63),(38935,11308,628,0),(38936,11308,629,23.07),(38937,11308,630,6.2),(38938,11308,633,37.64),(38939,11308,634,29.67),(38940,11308,631,177.41),(38941,11308,632,2.47),(38942,11309,624,4.62),(38943,11309,623,55.9),(38944,11309,625,288.7),(38945,11309,612,6.3),(38946,11309,626,1.65),(38947,11309,627,0.93),(38948,11309,628,0.08),(38949,11309,629,11.13),(38950,11309,630,3.18),(38951,11309,633,29.6),(38952,11309,634,29.3),(38953,11309,631,204.4),(38954,11309,632,3.26),(38955,11310,624,5.4),(38956,11310,623,70.3),(38957,11310,625,435.3),(38958,11310,612,6.53),(38959,11310,626,1.71),(38960,11310,627,1.11),(38961,11310,628,0),(38962,11310,629,23.09),(38963,11310,630,1.6),(38964,11310,633,32.41),(38965,11310,634,45.43),(38966,11310,631,183.23),(38967,11310,632,3.5),(38968,11311,624,4.26),(38969,11311,623,58.9),(38970,11311,625,180.3),(38971,11311,612,5.67),(38972,11311,626,1.47),(38973,11311,627,1.43),(38974,11311,628,0),(38975,11311,629,12.01),(38976,11311,630,1.3),(38977,11311,633,48.25),(38978,11311,634,48.79),(38979,11311,631,181.11),(38980,11311,632,4.38),(38981,11312,624,3.47),(38982,11312,623,45.6),(38983,11312,625,40.84),(38984,11312,612,4.17),(38985,11312,626,1.15),(38986,11312,627,0.67),(38987,11312,628,0.14),(38988,11312,629,15.06),(38989,11312,630,2.77),(38990,11312,633,64.85),(38991,11312,634,60.96),(38992,11312,631,249.02),(38993,11312,632,2.8),(38994,11313,624,5.18),(38995,11313,623,71.2),(38996,11313,625,167.4),(38997,11313,612,5.12),(38998,11313,626,4.1),(38999,11313,627,3.56),(39000,11313,628,0.65),(39001,11313,629,22.9),(39002,11313,630,3.16),(39003,11313,633,55.49),(39004,11313,634,72.9),(39005,11313,631,259.66),(39006,11313,632,4.74),(39007,11314,624,5.87),(39008,11314,623,88.3),(39009,11314,625,1947),(39010,11314,612,7.39),(39011,11314,626,1.8),(39012,11314,627,1.02),(39013,11314,628,0),(39014,11314,629,3.92),(39015,11314,630,3.8),(39016,11314,633,22.23),(39017,11314,634,16.28),(39018,11314,631,61.27),(39019,11314,632,6.96),(39020,11315,624,5.55),(39021,11315,623,78.2),(39022,11315,625,1535),(39023,11315,612,7.16),(39024,11315,626,4.99),(39025,11315,627,1.51),(39026,11315,628,0.4),(39027,11315,629,16.66),(39028,11315,630,3.52),(39029,11315,633,20.1),(39030,11315,634,33.28),(39031,11315,631,98.49),(39032,11315,632,6.69),(39033,11316,624,5.82),(39034,11316,623,83.7),(39035,11316,625,1798),(39036,11316,612,7.34),(39037,11316,626,5.86),(39038,11316,627,5.28),(39039,11316,628,0),(39040,11316,629,17.92),(39041,11316,630,3.26),(39042,11316,633,62.35),(39043,11316,634,35.71),(39044,11316,631,144.6),(39045,11316,632,8.76),(39046,11317,624,6.52),(39047,11317,623,88.3),(39048,11317,625,1366),(39049,11317,612,7.46),(39050,11317,626,1.58),(39051,11317,627,0.59),(39052,11317,628,0.06),(39053,11317,629,3.1),(39054,11317,630,0),(39055,11317,633,32.66),(39056,11317,634,27.18),(39057,11317,631,98.02),(39058,11317,632,17.76),(39059,11318,624,6.36),(39060,11318,623,86.8),(39061,11318,625,865.3),(39062,11318,612,7.29),(39063,11318,626,4.58),(39064,11318,627,0.85),(39065,11318,628,0.17),(39066,11318,629,33.46),(39067,11318,630,1.1),(39068,11318,633,97.2),(39069,11318,634,48.76),(39070,11318,631,123.54),(39071,11318,632,32.83),(39072,11319,624,5.83),(39073,11319,623,74.6),(39074,11319,625,1498),(39075,11319,612,5.91),(39076,11319,626,1.02),(39077,11319,627,0.4),(39078,11319,628,0.1),(39079,11319,629,28.11),(39080,11319,630,2.05),(39081,11319,633,56.86),(39082,11319,634,46.78),(39083,11319,631,154.66),(39084,11319,632,5.59),(39085,11320,624,6.6),(39086,11320,623,91.5),(39087,11320,625,740.5),(39088,11320,612,7.74),(39089,11320,626,2.26),(39090,11320,627,0.67),(39091,11320,628,0.17),(39092,11320,629,4.83),(39093,11320,630,0),(39094,11320,633,57.28),(39095,11320,634,33.03),(39096,11320,631,83.93),(39097,11320,632,16.62),(39098,11321,624,3.94),(39099,11321,623,49.4),(39100,11321,625,572.8),(39101,11321,612,6.7),(39102,11321,626,1.34),(39103,11321,627,0.6),(39104,11321,628,0.23),(39105,11321,629,17.09),(39106,11321,630,16.54),(39107,11321,633,71.49),(39108,11321,634,65.76),(39109,11321,631,280.67),(39110,11321,632,3.81),(39111,11322,624,2.08),(39112,11322,623,35.6),(39113,11322,625,263.5),(39114,11322,612,6.21),(39115,11322,626,0.78),(39116,11322,627,0.71),(39117,11322,628,0.26),(39118,11322,629,12.72),(39119,11322,630,4.66),(39120,11322,633,59.36),(39121,11322,634,26.18),(39122,11322,631,169.96),(39123,11322,632,0),(39124,11323,624,5.3),(39125,11323,623,71.9),(39126,11323,625,226.5),(39127,11323,612,6.07),(39128,11323,626,0.58),(39129,11323,627,0.57),(39130,11323,628,0.26),(39131,11323,629,14.8),(39132,11323,630,5.19),(39133,11323,633,78.2),(39134,11323,634,64.27),(39135,11323,631,140.52),(39136,11323,632,2.22),(39137,11324,624,2.87),(39138,11324,623,36.8),(39139,11324,625,-71.2),(39140,11324,612,4.09),(39141,11324,626,0.78),(39142,11324,627,0.51),(39143,11324,628,0.52),(39144,11324,629,0),(39145,11324,630,5.69),(39146,11324,633,97.63),(39147,11324,634,84.61),(39148,11324,631,236.93),(39149,11324,632,0.34),(39150,11325,624,4.27),(39151,11325,623,57.3),(39152,11325,625,720.8),(39153,11325,612,6.73),(39154,11325,626,0.89),(39155,11325,627,0.42),(39156,11325,628,0.25),(39157,11325,629,14.94),(39158,11325,630,2.82),(39159,11325,633,88.27),(39160,11325,634,79.09),(39161,11325,631,138.41),(39162,11325,632,1.33),(39163,11326,624,6.24),(39164,11326,623,86.4),(39165,11326,625,528.5),(39166,11326,612,6.74),(39167,11326,626,0.69),(39168,11326,627,0.45),(39169,11326,628,0.14),(39170,11326,629,48.12),(39171,11326,630,3.05),(39172,11326,633,57.08),(39173,11326,634,72.61),(39174,11326,631,124.53),(39175,11326,632,3.57),(39176,11327,624,4.96),(39177,11327,623,67.5),(39178,11327,625,528),(39179,11327,612,6.23),(39180,11327,626,0.87),(39181,11327,627,0.37),(39182,11327,628,0.07),(39183,11327,629,53.85),(39184,11327,630,1.78),(39185,11327,633,74.18),(39186,11327,634,75.64),(39187,11327,631,124.88),(39188,11327,632,2.73),(39189,11328,624,5.97),(39190,11328,623,80.1),(39191,11328,625,394.9),(39192,11328,612,6.44),(39193,11328,626,1.2),(39194,11328,627,0.45),(39195,11328,628,0.08),(39196,11328,629,40.42),(39197,11328,630,3.45),(39198,11328,633,54.95),(39199,11328,634,66.22),(39200,11328,631,152.91),(39201,11328,632,18.94),(39202,11329,624,4.6),(39203,11329,623,56.4),(39204,11329,625,197.9),(39205,11329,612,5.99),(39206,11329,626,1.01),(39207,11329,627,1.37),(39208,11329,628,0.62),(39209,11329,629,5.92),(39210,11329,630,6.7),(39211,11329,633,35.45),(39212,11329,634,34.92),(39213,11329,631,177.42),(39214,11329,632,0),(39215,11330,624,5.97),(39216,11330,623,60.6),(39217,11330,625,121.9),(39218,11330,612,6.01),(39219,11330,626,1.73),(39220,11330,627,1.02),(39221,11330,628,0.89),(39222,11330,629,5.69),(39223,11330,630,3.74),(39224,11330,633,47.7),(39225,11330,634,21.27),(39226,11330,631,162.12),(39227,11330,632,3.33),(39228,11331,624,5.4),(39229,11331,623,68.7),(39230,11331,625,517.5),(39231,11331,612,6.58),(39232,11331,626,1.14),(39233,11331,627,0.66),(39234,11331,628,0),(39235,11331,629,4.93),(39236,11331,630,8.29),(39237,11331,633,44.83),(39238,11331,634,44.43),(39239,11331,631,89.73),(39240,11331,632,3.15),(39241,11332,624,3.33),(39242,11332,623,42),(39243,11332,625,760),(39244,11332,612,6.59),(39245,11332,626,6.44),(39246,11332,627,0.7),(39247,11332,628,0.05),(39248,11332,629,62.61),(39249,11332,630,5.35),(39250,11332,633,108.34),(39251,11332,634,87.74),(39252,11332,631,84.3),(39253,11332,632,19.83),(39254,11333,624,3.6),(39255,11333,623,48.4),(39256,11333,625,457.5),(39257,11333,612,6.37),(39258,11333,626,1.51),(39259,11333,627,0.46),(39260,11333,628,0.01),(39261,11333,629,7.76),(39262,11333,630,0),(39263,11333,633,48.86),(39264,11333,634,29.99),(39265,11333,631,101.63),(39266,11333,632,48.3),(39267,11334,624,6.79),(39268,11334,623,86.1),(39269,11334,625,457.5),(39270,11334,612,6.93),(39271,11334,626,1.58),(39272,11334,627,0.61),(39273,11334,628,0.03),(39274,11334,629,7.77),(39275,11334,630,4.22),(39276,11334,633,47.06),(39277,11334,634,39.56),(39278,11334,631,94.39),(39279,11334,632,14.22),(39280,11335,624,3.4),(39281,11335,623,40.8),(39282,11335,625,686.1),(39283,11335,612,6.5),(39284,11335,626,6.33),(39285,11335,627,3.85),(39286,11335,628,2.87),(39287,11335,629,90.99),(39288,11335,630,78.35),(39289,11335,633,173.15),(39290,11335,634,192.15),(39291,11335,631,251.43),(39292,11335,632,1.06),(39293,11336,624,6.77),(39294,11336,623,85.8),(39295,11336,625,191.1),(39296,11336,612,6.02),(39297,11336,626,0.52),(39298,11336,627,0.29),(39299,11336,628,0.04),(39300,11336,629,3.72),(39301,11336,630,5.33),(39302,11336,633,52.19),(39303,11336,634,51.25),(39304,11336,631,66.01),(39305,11336,632,5.66),(39306,11337,624,6.25),(39307,11337,623,78),(39308,11337,625,166),(39309,11337,612,5.98),(39310,11337,626,0.43),(39311,11337,627,0.26),(39312,11337,628,0.05),(39313,11337,629,0),(39314,11337,630,4.01),(39315,11337,633,48.36),(39316,11337,634,43.12),(39317,11337,631,67.53),(39318,11337,632,13.49),(39319,11338,624,3.81),(39320,11338,623,46.6),(39321,11338,625,-87.06),(39322,11338,612,3.89),(39323,11338,626,0.62),(39324,11338,627,0.78),(39325,11338,628,0.53),(39326,11338,629,0),(39327,11338,630,6.14),(39328,11338,633,100.15),(39329,11338,634,92.81),(39330,11338,631,218.71),(39331,11338,632,3.37),(39332,11339,624,6.33),(39333,11339,623,69.3),(39334,11339,625,925.4),(39335,11339,612,6.72),(39336,11339,626,0.71),(39337,11339,627,0.33),(39338,11339,628,0.05),(39339,11339,629,16.61),(39340,11339,630,5.15),(39341,11339,633,99.64),(39342,11339,634,100.07),(39343,11339,631,101.58),(39344,11339,632,6.15),(39345,11340,624,7),(39346,11340,623,89.2),(39347,11340,625,110.4),(39348,11340,612,6.15),(39349,11340,626,0.44),(39350,11340,627,0.35),(39351,11340,628,0.08),(39352,11340,629,47.8),(39353,11340,630,6.44),(39354,11340,633,63.01),(39355,11340,634,76.65),(39356,11340,631,137.86),(39357,11340,632,7.08),(39358,11341,624,9.6),(39359,11341,623,126.5),(39360,11341,625,101),(39361,11341,612,5.81),(39362,11341,626,0.6),(39363,11341,627,0.29),(39364,11341,628,0.07),(39365,11341,629,33.85),(39366,11341,630,3.74),(39367,11341,633,62.05),(39368,11341,634,65.86),(39369,11341,631,100.03),(39370,11341,632,6.09),(39371,11342,624,12),(39372,11342,623,150.2),(39373,11342,625,131.6),(39374,11342,612,6.46),(39375,11342,626,1.59),(39376,11342,627,0.35),(39377,11342,628,0.04),(39378,11342,629,4.42),(39379,11342,630,1.3),(39380,11342,633,48.11),(39381,11342,634,34.16),(39382,11342,631,118.28),(39383,11342,632,153.25),(39384,11343,624,6.66),(39385,11343,623,78.1),(39386,11343,625,170.3),(39387,11343,612,5.9),(39388,11343,626,0.94),(39389,11343,627,0.29),(39390,11343,628,0.09),(39391,11343,629,6.76),(39392,11343,630,9.72),(39393,11343,633,28.12),(39394,11343,634,23.79),(39395,11343,631,142.42),(39396,11343,632,11.01),(39397,11344,624,6.56),(39398,11344,623,78.2),(39399,11344,625,121.3),(39400,11344,612,6.03),(39401,11344,626,0.85),(39402,11344,627,0.25),(39403,11344,628,0.03),(39404,11344,629,13.54),(39405,11344,630,9.07),(39406,11344,633,23.4),(39407,11344,634,21.82),(39408,11344,631,167.15),(39409,11344,632,4.81),(39410,11345,624,8.6),(39411,11345,623,117.6),(39412,11345,625,1412),(39413,11345,612,7.48),(39414,11345,626,3.51),(39415,11345,627,0.87),(39416,11345,628,0),(39417,11345,629,13.1),(39418,11345,630,0),(39419,11345,633,46.3),(39420,11345,634,25.16),(39421,11345,631,66.46),(39422,11345,632,20.12),(39423,11346,624,8.5),(39424,11346,623,109.5),(39425,11346,625,1357),(39426,11346,612,7.47),(39427,11346,626,4.62),(39428,11346,627,1.11),(39429,11346,628,0),(39430,11346,629,48.29),(39431,11346,630,0),(39432,11346,633,105.62),(39433,11346,634,79.03),(39434,11346,631,86.11),(39435,11346,632,69.2),(39436,11347,624,6.5),(39437,11347,623,85.8),(39438,11347,625,1287),(39439,11347,612,7.05),(39440,11347,626,3.51),(39441,11347,627,1),(39442,11347,628,0.03),(39443,11347,629,20.44),(39444,11347,630,8.23),(39445,11347,633,65.27),(39446,11347,634,39.26),(39447,11347,631,88.95),(39448,11347,632,47.95),(39449,11348,624,6.02),(39450,11348,623,69.6),(39451,11348,625,430.5),(39452,11348,612,6.6),(39453,11348,626,1.29),(39454,11348,627,0.86),(39455,11348,628,0.02),(39456,11348,629,21.7),(39457,11348,630,9.07),(39458,11348,633,47.69),(39459,11348,634,45.23),(39460,11348,631,155.21),(39461,11348,632,0),(39462,11349,624,6.4),(39463,11349,623,78.3),(39464,11349,625,197.2),(39465,11349,612,6.1),(39466,11349,626,0.76),(39467,11349,627,0.67),(39468,11349,628,0.03),(39469,11349,629,22.38),(39470,11349,630,5.91),(39471,11349,633,59.87),(39472,11349,634,57.72),(39473,11349,631,112.54),(39474,11349,632,4.38),(39475,11350,624,6.33),(39476,11350,623,78.1),(39477,11350,625,196.6),(39478,11350,612,5.99),(39479,11350,626,0.63),(39480,11350,627,0.5),(39481,11350,628,0.02),(39482,11350,629,19.15),(39483,11350,630,5.65),(39484,11350,633,59.6),(39485,11350,634,55.75),(39486,11350,631,190),(39487,11350,632,8.46),(39488,11351,624,2.66),(39489,11351,623,34.3),(39490,11351,625,-35.51),(39491,11351,612,4.26),(39492,11351,626,1.12),(39493,11351,627,1.02),(39494,11351,628,0.24),(39495,11351,629,14.7),(39496,11351,630,2.87),(39497,11351,633,92.65),(39498,11351,634,89.62),(39499,11351,631,106.84),(39500,11351,632,1.9),(39501,11352,624,5.92),(39502,11352,623,72.8),(39503,11352,625,516),(39504,11352,612,6.87),(39505,11352,626,1.65),(39506,11352,627,0.85),(39507,11352,628,0.16),(39508,11352,629,27.26),(39509,11352,630,3.23),(39510,11352,633,91.99),(39511,11352,634,80.74),(39512,11352,631,111.24),(39513,11352,632,8.08),(39514,11353,624,6.59),(39515,11353,623,85),(39516,11353,625,617.4),(39517,11353,612,6.36),(39518,11353,626,1.71),(39519,11353,627,0.62),(39520,11353,628,0.07),(39521,11353,629,32.76),(39522,11353,630,2.48),(39523,11353,633,64.42),(39524,11353,634,62.55),(39525,11353,631,106.96),(39526,11353,632,9.79),(39527,11354,624,6.15),(39528,11354,623,78),(39529,11354,625,756.9),(39530,11354,612,5.9),(39531,11354,626,1.48),(39532,11354,627,0.67),(39533,11354,628,0.05),(39534,11354,629,30.85),(39535,11354,630,2.11),(39536,11354,633,63.66),(39537,11354,634,55.89),(39538,11354,631,71.71),(39539,11354,632,14.9),(39540,11355,624,8.09),(39541,11355,623,102.7),(39542,11355,625,114.3),(39543,11355,612,6.99),(39544,11355,626,2.45),(39545,11355,627,0.8),(39546,11355,628,0.04),(39547,11355,629,35.32),(39548,11355,630,3.52),(39549,11355,633,80.11),(39550,11355,634,67.32),(39551,11355,631,101.24),(39552,11355,632,41.51),(39553,11356,624,6.99),(39554,11356,623,85.1),(39555,11356,625,172.1),(39556,11356,612,6.29),(39557,11356,626,1.68),(39558,11356,627,0.68),(39559,11356,628,0),(39560,11356,629,18.32),(39561,11356,630,1.58),(39562,11356,633,36.05),(39563,11356,634,33.29),(39564,11356,631,155.21),(39565,11356,632,0.94),(39566,11357,624,6.39),(39567,11357,623,73.3),(39568,11357,625,292.8),(39569,11357,612,6.14),(39570,11357,626,1.56),(39571,11357,627,0.73),(39572,11357,628,0.04),(39573,11357,629,22.67),(39574,11357,630,11.86),(39575,11357,633,46.87),(39576,11357,634,39.98),(39577,11357,631,157.89),(39578,11357,632,0.09),(39579,11358,624,7.4),(39580,11358,623,97.7),(39581,11358,625,1075),(39582,11358,612,7.44),(39583,11358,626,0.94),(39584,11358,627,0.4),(39585,11358,628,0.01),(39586,11358,629,17.93),(39587,11358,630,0),(39588,11358,633,34.28),(39589,11358,634,20.8),(39590,11358,631,147.68),(39591,11358,632,6.14),(39592,11359,624,6.52),(39593,11359,623,94),(39594,11359,625,1813),(39595,11359,612,6.87),(39596,11359,626,17.7),(39597,11359,627,4.86),(39598,11359,628,4.38),(39599,11359,629,144.73),(39600,11359,630,0),(39601,11359,633,398.92),(39602,11359,634,367),(39603,11359,631,176.93),(39604,11359,632,6.8),(39605,11360,624,6.85),(39606,11360,623,89.6),(39607,11360,625,885),(39608,11360,612,6.97),(39609,11360,626,0.83),(39610,11360,627,0.68),(39611,11360,628,0.03),(39612,11360,629,18.55),(39613,11360,630,0),(39614,11360,633,32.39),(39615,11360,634,20.3),(39616,11360,631,155.39),(39617,11360,632,30.93),(39618,11361,624,6.88),(39619,11361,623,91.2),(39620,11361,625,1038),(39621,11361,612,7.12),(39622,11361,626,1.23),(39623,11361,627,0.25),(39624,11361,628,0),(39625,11361,629,23.1),(39626,11361,630,0),(39627,11361,633,35.16),(39628,11361,634,31.54),(39629,11361,631,155.66),(39630,11361,632,18.59),(39631,11362,624,7.2),(39632,11362,623,79.9),(39633,11362,625,476.6),(39634,11362,612,6.76),(39635,11362,626,1.92),(39636,11362,627,1.27),(39637,11362,628,1.09),(39638,11362,629,53),(39639,11362,630,38.33),(39640,11362,633,86.34),(39641,11362,634,55.49),(39642,11362,631,156.63),(39643,11362,632,1.14),(39644,11363,624,5.62),(39645,11363,623,68),(39646,11363,625,228.9),(39647,11363,612,5.73),(39648,11363,626,0.19),(39649,11363,627,0.13),(39650,11363,628,0),(39651,11363,629,21.69),(39652,11363,630,4.68),(39653,11363,633,41.71),(39654,11363,634,41.16),(39655,11363,631,61.03),(39656,11363,632,1.19),(39657,11364,624,6.3),(39658,11364,623,68.5),(39659,11364,625,210.8),(39660,11364,612,6.19),(39661,11364,626,0.38),(39662,11364,627,0.24),(39663,11364,628,0.05),(39664,11364,629,19.48),(39665,11364,630,4.99),(39666,11364,633,43.9),(39667,11364,634,52.62),(39668,11364,631,63.02),(39669,11364,632,2.57),(39670,11365,624,2.56),(39671,11365,623,30.1),(39672,11365,612,4.27),(39673,11365,626,0.83),(39674,11365,627,0.65),(39675,11365,628,0.62),(39676,11365,629,17.57),(39677,11365,630,3.89),(39678,11365,633,116.11),(39679,11365,634,101.22),(39680,11365,631,213.6),(39681,11365,632,0),(39682,11366,624,6.49),(39683,11366,623,80.6),(39684,11366,625,932.8),(39685,11366,612,7.04),(39686,11366,626,0.38),(39687,11366,627,4.69),(39688,11366,628,3.15),(39689,11366,629,18.6),(39690,11366,630,3.83),(39691,11366,633,88.7),(39692,11366,634,68.95),(39693,11366,631,120.14),(39694,11366,632,21.35),(39695,11367,624,6.49),(39696,11367,623,80.8),(39697,11367,625,371.1),(39698,11367,612,6.57),(39699,11367,626,0.83),(39700,11367,627,0.71),(39701,11367,628,0.03),(39702,11367,629,31.4),(39703,11367,630,4.96),(39704,11367,633,71.28),(39705,11367,634,56.58),(39706,11367,631,103.39),(39707,11367,632,15.65),(39708,11368,624,5.66),(39709,11368,623,75.5),(39710,11368,625,735.4),(39711,11368,612,6.57),(39712,11368,626,0.45),(39713,11368,627,4.41),(39714,11368,628,1.86),(39715,11368,629,44.7),(39716,11368,630,3.6),(39717,11368,633,74.78),(39718,11368,634,35.13),(39719,11368,631,99.04),(39720,11368,632,22.3),(39721,11369,624,5.9),(39722,11369,623,74),(39723,11369,625,354.6),(39724,11369,612,6.46),(39725,11369,626,4.54),(39726,11369,627,0.17),(39727,11369,628,0),(39728,11369,629,21.18),(39729,11369,630,4),(39730,11369,633,46.22),(39731,11369,634,50.73),(39732,11369,631,103.46),(39733,11370,624,6.93),(39734,11370,623,85.8),(39735,11370,625,215.8),(39736,11370,612,6.88),(39737,11370,626,0.3),(39738,11370,627,0.23),(39739,11370,628,0.07),(39740,11370,629,23.18),(39741,11370,630,10.75),(39742,11370,633,29.79),(39743,11370,634,27.88),(39744,11370,631,115.34),(39745,11370,632,0),(39746,11371,624,6.26),(39747,11371,623,74.2),(39748,11371,625,464.3),(39749,11371,612,6.42),(39750,11371,626,1.5),(39751,11371,627,0.71),(39752,11371,628,0.57),(39753,11371,629,64.8),(39754,11371,630,7.34),(39755,11371,633,47.6),(39756,11371,634,61),(39757,11371,631,173.15),(39758,11371,632,6.51),(39759,11372,624,6.89),(39760,11372,623,83.6),(39761,11372,625,601.75),(39762,11372,612,6.98),(39763,11372,626,0.42),(39764,11372,627,0.27),(39765,11372,628,0.01),(39766,11372,629,61.72),(39767,11372,630,1.53),(39768,11372,633,126.33),(39769,11372,634,123.29),(39770,11372,631,59.61),(39771,11372,632,1.3),(39772,11373,624,6.62),(39773,11373,623,81.4),(39774,11373,625,1117.25),(39775,11373,612,6.69),(39776,11373,626,0.87),(39777,11373,627,0.3),(39778,11373,628,0),(39779,11373,629,68.72),(39780,11373,630,3.67),(39781,11373,633,114.44),(39782,11373,634,112.81),(39783,11373,631,91.12),(39784,11373,632,5.04),(39785,11374,624,5.51),(39786,11374,623,65.1),(39787,11374,625,571.15),(39788,11374,612,6.78),(39789,11374,626,1.56),(39790,11374,627,0.47),(39791,11374,628,0.07),(39792,11374,629,52.36),(39793,11374,630,1.33),(39794,11374,633,76.4),(39795,11374,634,107.8),(39796,11374,631,84),(39797,11374,632,9.76),(39798,11375,624,6.69),(39799,11375,623,79.7),(39800,11375,625,587.55),(39801,11375,612,6.78),(39802,11375,626,0.44),(39803,11375,627,0.3),(39804,11375,628,0),(39805,11375,629,59.2),(39806,11375,630,2.55),(39807,11375,633,109.48),(39808,11375,634,110.32),(39809,11375,631,101.94),(39810,11375,632,4.44),(39811,11376,624,6.61),(39812,11376,623,72.5),(39813,11376,625,461.5),(39814,11376,612,6.66),(39815,11376,626,0.62),(39816,11376,627,1.64),(39817,11376,628,1.1),(39818,11376,629,21.54),(39819,11376,630,34.91),(39820,11376,633,110.12),(39821,11376,634,84.24),(39822,11376,631,225.69),(39823,11376,632,0),(39824,11377,624,7.45),(39825,11377,623,87),(39826,11377,625,206),(39827,11377,612,5.86),(39828,11377,626,0.12),(39829,11377,627,0.1),(39830,11377,628,0.02),(39831,11377,629,2.24),(39832,11377,630,3.9),(39833,11377,633,36.39),(39834,11377,634,39.63),(39835,11377,631,46.12),(39836,11377,632,0),(39837,11378,624,7.82),(39838,11378,623,92),(39839,11378,625,192.65),(39840,11378,612,6.25),(39841,11378,626,0.1),(39842,11378,627,0.09),(39843,11378,628,0),(39844,11378,629,4.14),(39845,11378,630,2.75),(39846,11378,633,35.72),(39847,11378,634,34.69),(39848,11378,631,47.53),(39849,11378,632,0.04),(39850,11379,624,5.88),(39851,11379,623,67.1),(39852,11379,625,-3.83),(39853,11379,612,4.3),(39854,11379,626,0.41),(39855,11379,627,0.36),(39856,11379,628,0.23),(39857,11379,629,9.07),(39858,11379,630,3.07),(39859,11379,633,101.63),(39860,11379,634,99.27),(39861,11379,631,205.4),(39862,11379,632,0.42),(39863,11380,624,7.7),(39864,11380,623,93.4),(39865,11380,625,934.55),(39866,11380,612,7.19),(39867,11380,626,0.42),(39868,11380,627,0.34),(39869,11380,628,0),(39870,11380,629,4.39),(39871,11380,630,19.24),(39872,11380,633,80.07),(39873,11380,634,87.93),(39874,11380,631,104.38),(39875,11380,632,3.23),(39876,11381,624,7.52),(39877,11381,623,88),(39878,11381,625,397.75),(39879,11381,612,6.52),(39880,11381,626,0.31),(39881,11381,627,0.26),(39882,11381,628,0),(39883,11381,629,12.78),(39884,11381,630,15.35),(39885,11381,633,58.17),(39886,11381,634,59.45),(39887,11381,631,97.2),(39888,11381,632,0),(39889,11382,624,6.87),(39890,11382,623,81.3),(39891,11382,625,624.1),(39892,11382,612,6.64),(39893,11382,626,0.38),(39894,11382,627,0.3),(39895,11382,628,0),(39896,11382,629,10.66),(39897,11382,630,7.82),(39898,11382,633,59.69),(39899,11382,634,54.73),(39900,11382,631,58.3),(39901,11382,632,7.37),(39902,11383,624,6.1),(39903,11383,623,72.5),(39904,11383,625,502.3),(39905,11383,612,6.5),(39906,11383,626,0.6),(39907,11383,627,0.37),(39908,11383,628,0),(39909,11383,629,11.93),(39910,11383,630,4.33),(39911,11383,633,57.03),(39912,11383,634,51.57),(39913,11383,631,87.57),(39914,11383,632,19.98),(39915,11384,624,8),(39916,11384,623,95.5),(39917,11384,625,214.7),(39918,11384,612,6.96),(39919,11384,626,0.35),(39920,11384,627,0.26),(39921,11384,628,0),(39922,11384,629,10.32),(39923,11384,630,15.28),(39924,11384,633,20.29),(39925,11384,634,21.65),(39926,11384,631,199.91),(39927,11384,632,0),(39928,11385,624,9.38),(39929,11385,623,105),(39930,11385,625,519.45),(39931,11385,612,6.7),(39932,11385,626,1.98),(39933,11385,627,0.77),(39934,11385,628,0.3),(39935,11385,629,49.19),(39936,11385,630,11.02),(39937,11385,633,88.7),(39938,11385,634,88.85),(39939,11385,631,178.02),(39940,11385,632,3.78),(39941,11386,624,7.5),(39942,11386,623,89),(39943,11386,625,128.5),(39944,11386,612,6.52),(39945,11386,626,0.44),(39946,11386,627,0.14),(39947,11386,628,0),(39948,11386,629,45.28),(39949,11386,630,10.26),(39950,11386,633,106.16),(39951,11386,634,95.92),(39952,11386,631,126.7),(39953,11386,632,6.42),(39954,11387,624,7.2),(39955,11387,623,85.1),(39956,11387,625,421.5),(39957,11387,612,6.51),(39958,11387,626,4.99),(39959,11387,627,2.08),(39960,11387,628,1.75),(39961,11387,629,106.54),(39962,11387,630,5.99),(39963,11387,633,259.05),(39964,11387,634,195.77),(39965,11387,631,142.04),(39966,11387,632,2.77),(39967,11388,624,7.48),(39968,11388,623,88.7),(39969,11388,625,257.3),(39970,11388,612,6.58),(39971,11388,626,0.87),(39972,11388,627,0.24),(39973,11388,628,0.01),(39974,11388,629,13.1),(39975,11388,630,4.72),(39976,11388,633,68.32),(39977,11388,634,93.47),(39978,11388,631,159.33),(39979,11388,632,47.83),(39980,11389,624,7.68),(39981,11389,623,90.7),(39982,11389,625,137.1),(39983,11389,612,6.43),(39984,11389,626,0.34),(39985,11389,627,0.37),(39986,11389,628,0.12),(39987,11389,629,45.04),(39988,11389,630,6.71),(39989,11389,633,76.78),(39990,11389,634,63.44),(39991,11389,631,97.81),(39992,11389,632,3.23),(39993,11390,624,4.99),(39994,11390,623,55.5),(39995,11390,625,446.4),(39996,11390,612,6.56),(39997,11390,626,2.43),(39998,11390,627,1.68),(39999,11390,628,1.24),(40000,11390,629,32.16),(40001,11390,630,28.39),(40002,11390,633,99.81),(40003,11390,634,89.23),(40004,11390,631,151.83),(40005,11390,632,1.72),(40006,11391,624,7.97),(40007,11391,623,94.3),(40008,11391,625,183.1),(40009,11391,612,5.98),(40010,11391,626,0.21),(40011,11391,627,0.24),(40012,11391,628,0.02),(40013,11391,629,10.87),(40014,11391,630,1.36),(40015,11391,633,34.99),(40016,11391,634,33.97),(40017,11391,631,14.51),(40018,11391,632,0.44),(40019,11392,624,8.15),(40020,11392,623,95.5),(40021,11392,625,174.5),(40022,11392,612,6.3),(40023,11392,626,0.28),(40024,11392,627,0.18),(40025,11392,628,0.04),(40026,11392,629,10.78),(40027,11392,630,1.02),(40028,11392,633,34.84),(40029,11392,634,37.36),(40030,11392,631,22.33),(40031,11392,632,1.3),(40032,11393,624,7.17),(40033,11393,623,82.1),(40034,11393,625,-3.83),(40035,11393,612,4.34),(40036,11393,626,0.44),(40037,11393,627,0.43),(40038,11393,628,0.31),(40039,11393,629,7.51),(40040,11393,630,3.2),(40041,11393,633,96.38),(40042,11393,634,92.97),(40043,11393,631,215.45),(40044,11393,632,1.76),(40045,11394,624,8.21),(40046,11394,623,100.8),(40047,11394,625,936.3),(40048,11394,612,7.33),(40049,11394,626,1.66),(40050,11394,627,1.28),(40051,11394,628,0.58),(40052,11394,629,12.05),(40053,11394,630,17.03),(40054,11394,633,78.65),(40055,11394,634,80.23),(40056,11394,631,148.09),(40057,11394,632,5.23),(40058,11395,624,8.02),(40059,11395,623,95.4),(40060,11395,625,424.4),(40061,11395,612,6.47),(40062,11395,626,0.36),(40063,11395,627,0.47),(40064,11395,628,0.01),(40065,11395,629,10.05),(40066,11395,630,6.07),(40067,11395,633,51.88),(40068,11395,634,55.24),(40069,11395,631,78.01),(40070,11395,632,1.91),(40071,11396,624,7.91),(40072,11396,623,93.1),(40073,11396,625,512.8),(40074,11396,612,6.71),(40075,11396,626,0.49),(40076,11396,627,0.34),(40077,11396,628,0),(40078,11396,629,10.57),(40079,11396,630,3.99),(40080,11396,633,50.37),(40081,11396,634,43.44),(40082,11396,631,68.34),(40083,11396,632,7.57),(40084,11397,624,8.1),(40085,11397,623,95.2),(40086,11397,625,650),(40087,11397,612,6.53),(40088,11397,626,0.64),(40089,11397,627,0.33),(40090,11397,628,0.04),(40091,11397,629,2.54),(40092,11397,630,0),(40093,11397,633,46.64),(40094,11397,634,36.69),(40095,11397,631,48.24),(40096,11397,632,12.19),(40097,11398,624,8.06),(40098,11398,623,89.2),(40099,11398,625,213.6),(40100,11398,612,7.03),(40101,11398,626,0.56),(40102,11398,627,0.28),(40103,11398,628,0.11),(40104,11398,629,8.77),(40105,11398,630,12.91),(40106,11398,633,23.57),(40107,11398,634,19.57),(40108,11398,631,177.78),(40109,11398,632,4.26),(40110,11399,624,6.49),(40111,11399,623,74.2),(40112,11399,625,574.6),(40113,11399,612,6.97),(40114,11399,626,1.35),(40115,11399,627,0.55),(40116,11399,628,0.2),(40117,11399,629,21.69),(40118,11399,630,7.15),(40119,11399,633,45.65),(40120,11399,634,37.14),(40121,11399,631,146.92),(40122,11399,632,3.4),(40123,11400,624,8.5),(40124,11400,623,103.8),(40125,11400,625,83.21),(40126,11400,612,6.49),(40127,11400,626,0.26),(40128,11400,627,0.13),(40129,11400,628,0),(40130,11400,629,40.32),(40131,11400,630,12.15),(40132,11400,633,62.44),(40133,11400,634,51.06),(40134,11400,631,28.47),(40135,11400,632,10.08),(40136,11401,624,7.69),(40137,11401,623,96.8),(40138,11401,625,200.4),(40139,11401,612,6.72),(40140,11401,626,1.98),(40141,11401,627,0.38),(40142,11401,628,0.07),(40143,11401,629,83.89),(40144,11401,630,24.84),(40145,11401,633,138.89),(40146,11401,634,121.18),(40147,11401,631,44.31),(40148,11401,632,13.99),(40149,11402,624,9.43),(40150,11402,623,113.8),(40151,11402,625,248.7),(40152,11402,612,7.61),(40153,11402,626,0.62),(40154,11402,627,0.24),(40155,11402,628,0.03),(40156,11402,629,16.91),(40157,11402,630,5.1),(40158,11402,633,45.27),(40159,11402,634,31.58),(40160,11402,631,38.12),(40161,11402,632,43.64),(40162,11403,624,8.7),(40163,11403,623,106.8),(40164,11403,625,57.92),(40165,11403,612,6.37),(40166,11403,626,0.35),(40167,11403,627,0.17),(40168,11403,628,0.06),(40169,11403,629,38.97),(40170,11403,630,9.01),(40171,11403,633,59.6),(40172,11403,634,49.07),(40173,11403,631,14.94),(40174,11403,632,10.84),(40175,11404,624,3.49),(40176,11404,623,40.6),(40177,11404,625,586.2),(40178,11404,612,6.73),(40179,11404,627,4.74),(40180,11404,628,4.31),(40181,11404,629,106.43),(40182,11404,630,21.04),(40183,11404,633,316.65),(40184,11404,634,294.47),(40185,11404,631,22.12),(40186,11404,632,8.54),(40187,11405,624,7.77),(40188,11405,623,88),(40189,11405,625,179.4),(40190,11405,612,6.67),(40191,11405,626,0.07),(40192,11405,627,0.04),(40193,11405,628,0.04),(40194,11405,629,14.03),(40195,11405,630,2.5),(40196,11405,633,29.92),(40197,11405,634,29.82),(40198,11405,631,7.47),(40199,11405,632,0.27),(40200,11406,624,7.59),(40201,11406,623,88),(40202,11406,625,163.4),(40203,11406,612,6.67),(40204,11406,626,0.15),(40205,11406,627,0.09),(40206,11406,628,0.07),(40207,11406,629,14.01),(40208,11406,630,3.1),(40209,11406,633,31.55),(40210,11406,634,43.34),(40211,11406,631,16.82),(40212,11406,632,0.78),(40213,11407,624,7.24),(40214,11407,623,82.4),(40215,11407,625,-23.42),(40216,11407,612,4.28),(40217,11407,626,0.49),(40218,11407,627,0.38),(40219,11407,628,0.36),(40220,11407,629,14.27),(40221,11407,630,2.15),(40222,11407,633,86.36),(40223,11407,634,83.85),(40224,11407,631,217.39),(40225,11407,632,1.52),(40226,11408,624,7.49),(40227,11408,623,91),(40228,11408,625,1066),(40229,11408,612,7.78),(40230,11408,626,0.37),(40231,11408,627,0.14),(40232,11408,628,0.09),(40233,11408,629,11.58),(40234,11408,630,16.1),(40235,11408,633,80.28),(40236,11408,634,80.17),(40237,11408,631,76.37),(40238,11408,632,3.61),(40239,11409,624,7.98),(40240,11409,623,96.4),(40241,11409,625,530.3),(40242,11409,612,7.52),(40243,11409,626,0.31),(40244,11409,627,0.12),(40245,11409,628,0.09),(40246,11409,629,12.33),(40247,11409,630,8.15),(40248,11409,633,40.33),(40249,11409,634,37.19),(40250,11409,631,17.19),(40251,11409,632,3.92),(40252,11410,624,7.47),(40253,11410,623,91),(40254,11410,625,490.9),(40255,11410,612,7.44),(40256,11410,626,0.31),(40257,11410,627,0.16),(40258,11410,628,0.09),(40259,11410,629,14.15),(40260,11410,630,6.25),(40261,11410,633,41.8),(40262,11410,634,35.97),(40263,11410,631,15.11),(40264,11410,632,8.43),(40265,11411,624,7.56),(40266,11411,623,91.5),(40267,11411,625,752.2),(40268,11411,612,7.48),(40269,11411,626,0.65),(40270,11411,627,0.16),(40271,11411,628,0.09),(40272,11411,629,13.28),(40273,11411,630,7.38),(40274,11411,633,46.59),(40275,11411,634,49.82),(40276,11411,631,11.93),(40277,11411,632,12.31),(40278,11412,624,7.5),(40279,11412,623,86.5),(40280,11412,625,567.6),(40281,11412,612,7.08),(40282,11412,626,2.16),(40283,11412,627,0.92),(40284,11412,628,0.36),(40285,11412,629,58.86),(40286,11412,630,8.65),(40287,11412,633,91.06),(40288,11412,634,73.27),(40289,11412,631,10.79),(40290,11412,632,10.88),(40291,11413,624,6.04),(40292,11413,623,71.7),(40293,11413,625,194.5),(40294,11413,612,6.92),(40295,11413,626,0.24),(40296,11413,627,0.14),(40297,11413,628,0.1),(40298,11413,629,16.76),(40299,11413,630,12.08),(40300,11413,633,18.07),(40301,11413,634,22.76),(40302,11413,631,16.34),(40303,11413,632,1.08),(40304,11414,624,6.19),(40305,11414,623,73),(40306,11414,625,1618),(40307,11414,612,7.84),(40308,11414,626,0.84),(40309,11414,627,0.32),(40310,11414,628,0.14),(40311,11414,629,32.81),(40312,11414,630,5.66),(40313,11414,633,50.98),(40314,11414,634,48.66),(40315,11414,631,35.38),(40316,11414,632,1.27),(40317,11415,624,4.98),(40318,11415,623,60),(40319,11415,625,1313),(40320,11415,612,7.21),(40321,11415,626,4.68),(40322,11415,627,1.15),(40323,11415,628,0.71),(40324,11415,629,115.47),(40325,11415,630,24.83),(40326,11415,633,272.76),(40327,11415,634,169.2),(40328,11415,631,51.91),(40329,11415,632,0),(40330,11416,624,5.32),(40331,11416,623,62.4),(40332,11416,625,357.5),(40333,11416,612,6.86),(40334,11416,626,1.03),(40335,11416,627,0.74),(40336,11416,628,0.5),(40337,11416,629,34.13),(40338,11416,630,21.43),(40339,11416,633,77.52),(40340,11416,634,75.48),(40341,11416,631,43.3),(40342,11416,632,0),(40343,11417,624,6.54),(40344,11417,623,76.4),(40345,11417,625,225.8),(40346,11417,612,7.04),(40347,11417,626,0.25),(40348,11417,627,0.24),(40349,11417,628,0.17),(40350,11417,629,14.06),(40351,11417,630,3.68),(40352,11417,633,29.47),(40353,11417,634,28.27),(40354,11417,631,13.32),(40355,11417,632,1.59),(40356,11418,624,6.8),(40357,11418,623,77.2),(40358,11418,625,198.5),(40359,11418,612,6.81),(40360,11418,626,0.94),(40361,11418,627,0.19),(40362,11418,628,0.08),(40363,11418,629,16.35),(40364,11418,630,4.91),(40365,11418,633,24.63),(40366,11418,634,25.41),(40367,11418,631,10.88),(40368,11418,632,2.66),(40369,11419,624,6.66),(40370,11419,623,74.7),(40371,11419,625,-7.66),(40372,11419,612,4.27),(40373,11419,626,0.59),(40374,11419,627,0.44),(40375,11419,628,0.13),(40376,11419,629,17.06),(40377,11419,630,3.43),(40378,11419,633,78.97),(40379,11419,634,71.79),(40380,11419,631,180.34),(40381,11419,632,2.43),(40382,11420,624,3.8),(40383,11420,623,48),(40384,11420,625,1105),(40385,11420,612,7.71),(40386,11420,626,1.23),(40387,11420,627,0.41),(40388,11420,628,0.29),(40389,11420,629,14.46),(40390,11420,630,0),(40391,11420,633,64.89),(40392,11420,634,68.33),(40393,11420,631,46.77),(40394,11420,632,2.22),(40395,11421,624,6.35),(40396,11421,623,79.2),(40397,11421,625,505.5),(40398,11421,612,7.63),(40399,11421,626,0.61),(40400,11421,627,0.48),(40401,11421,628,0.36),(40402,11421,629,14.52),(40403,11421,630,2.07),(40404,11421,633,39.4),(40405,11421,634,34.01),(40406,11421,631,24.26),(40407,11421,632,4.98),(40408,11422,624,5.46),(40409,11422,623,68.1),(40410,11422,625,525.8),(40411,11422,612,7.34),(40412,11422,626,0.52),(40413,11422,627,0.37),(40414,11422,628,0.12),(40415,11422,629,14.85),(40416,11422,630,0),(40417,11422,633,34.73),(40418,11422,634,32.79),(40419,11422,631,31.04),(40420,11422,632,4.04),(40421,11423,624,5.44),(40422,11423,623,67.2),(40423,11423,625,658.2),(40424,11423,612,7.35),(40425,11423,626,1.09),(40426,11423,627,0.47),(40427,11423,628,0.14),(40428,11423,629,13.5),(40429,11423,630,0),(40430,11423,633,37.02),(40431,11423,634,43.31),(40432,11423,631,28.08),(40433,11423,632,10.12),(40434,11424,624,6.05),(40435,11424,623,70.6),(40436,11424,625,195.5),(40437,11424,612,6.71),(40438,11424,626,0.89),(40439,11424,627,0.49),(40440,11424,628,0.13),(40441,11424,629,59.87),(40442,11424,630,9.2),(40443,11424,633,25.19),(40444,11424,634,21.89),(40445,11424,631,33.28),(40446,11424,632,0.48),(40447,11425,624,4.78),(40448,11425,623,55.2),(40449,11425,625,387.8),(40450,11425,612,6.62),(40451,11425,626,1.38),(40452,11425,627,0.47),(40453,11425,628,0.13),(40454,11425,629,61.05),(40455,11425,630,12.48),(40456,11425,633,87.3),(40457,11425,634,74.03),(40458,11425,631,40.4),(40459,11425,632,0.88),(40460,11426,624,12.12),(40461,11426,623,150.4),(40462,11426,625,370.2),(40463,11426,612,7.95),(40464,11426,626,0.53),(40465,11426,627,0.15),(40466,11426,628,0.09),(40467,11426,629,58.19),(40468,11426,630,10.49),(40469,11426,633,79.05),(40470,11426,634,104.72),(40471,11426,631,20.31),(40472,11426,632,12.43),(40473,11427,624,9.66),(40474,11427,623,123.1),(40475,11427,625,330.6),(40476,11427,612,7.27),(40477,11427,626,0.95),(40478,11427,627,0.21),(40479,11427,628,0.05),(40480,11427,629,42.31),(40481,11427,630,9.64),(40482,11427,633,91.39),(40483,11427,634,82.72),(40484,11427,631,9.03),(40485,11427,632,15.28),(40486,11428,624,8.07),(40487,11428,623,102.8),(40488,11428,625,375.5),(40489,11428,612,7.1),(40490,11428,626,0.51),(40491,11428,627,0.13),(40492,11428,628,0.11),(40493,11428,629,40.31),(40494,11428,630,7.12),(40495,11428,633,73.47),(40496,11428,634,66.97),(40497,11428,631,11.38),(40498,11428,632,21.78),(40499,11429,624,9.39),(40500,11429,623,118.6),(40501,11429,625,206.1),(40502,11429,612,6.87),(40503,11429,626,0.26),(40504,11429,627,0.2),(40505,11429,628,0.1),(40506,11429,629,37.23),(40507,11429,630,9.8),(40508,11429,631,4.75),(40509,11429,632,5.52),(40510,11430,624,5.49),(40511,11430,623,66.5),(40512,11430,625,620),(40513,11430,612,6.87),(40514,11430,626,0.71),(40515,11430,627,0.19),(40516,11430,628,0.26),(40517,11430,629,15.5),(40518,11430,630,15.38),(40519,11430,633,65.54),(40520,11430,634,49.24),(40521,11430,631,11.04),(40522,11430,632,6),(40523,11431,624,6.24),(40524,11431,623,70),(40525,11431,625,257.4),(40526,11431,612,6.86),(40527,11431,626,0.13),(40528,11431,627,0.07),(40529,11431,628,0.1),(40530,11431,629,1.01),(40531,11431,630,1.13),(40532,11431,633,31.74),(40533,11431,634,26.97),(40534,11431,631,14.3),(40535,11431,632,2.6),(40536,11432,624,6.24),(40537,11432,623,77.5),(40538,11432,625,231.1),(40539,11432,612,6.76),(40540,11432,626,0.2),(40541,11432,627,0.03),(40542,11432,628,0.1),(40543,11432,629,1.25),(40544,11432,630,0),(40545,11432,633,29.06),(40546,11432,634,29.14),(40547,11432,631,10.5),(40548,11432,632,2.69),(40549,11433,624,5.49),(40550,11433,623,68.1),(40551,11433,625,-33.36),(40552,11433,612,4.26),(40553,11433,626,0.32),(40554,11433,627,0.27),(40555,11433,628,0.04),(40556,11433,629,0),(40557,11433,630,2.6),(40558,11433,633,79.52),(40559,11433,634,80.31),(40560,11433,631,184.58),(40561,11433,632,5.07),(40562,11434,624,6.34),(40563,11434,623,85.3),(40564,11434,625,127.6),(40565,11434,612,8.17),(40566,11434,626,0.37),(40567,11434,627,0.22),(40568,11434,628,0.05),(40569,11434,629,0),(40570,11434,630,1.2),(40571,11434,633,80.53),(40572,11434,634,71.96),(40573,11434,631,47.49),(40574,11434,632,7.6),(40575,11435,624,6.86),(40576,11435,623,88.6),(40577,11435,625,802.1),(40578,11435,612,7.9),(40579,11435,626,0.35),(40580,11435,627,0.2),(40581,11435,628,0.11),(40582,11435,629,0.2),(40583,11435,630,1.56),(40584,11435,633,40.68),(40585,11435,634,32.34),(40586,11435,631,22.14),(40587,11435,632,4.42),(40588,11436,624,6.04),(40589,11436,623,77.3),(40590,11436,625,824.4),(40591,11436,612,7.42),(40592,11436,626,0.32),(40593,11436,627,0.1),(40594,11436,628,0.11),(40595,11436,629,1.96),(40596,11436,630,5.92),(40597,11436,631,4.01),(40598,11436,632,4.93),(40599,11437,624,5.78),(40600,11437,623,73.5),(40601,11437,625,1070),(40602,11437,612,7.56),(40603,11437,626,0.86),(40604,11437,627,0.21),(40605,11437,628,0.16),(40606,11437,629,0),(40607,11437,630,0),(40608,11437,633,45.05),(40609,11437,634,43.52),(40610,11437,631,18.53),(40611,11437,632,7.64),(40612,11438,624,5.92),(40613,11438,623,71.4),(40614,11438,625,216.1),(40615,11438,612,6.43),(40616,11438,626,1.22),(40617,11438,627,0.18),(40618,11438,628,0.13),(40619,11438,629,4.29),(40620,11438,630,10.77),(40621,11438,633,49.98),(40622,11438,634,32.24),(40623,11438,631,0),(40624,11438,632,1.36),(40625,11439,624,6.85),(40626,11439,623,82.9),(40627,11439,625,271.3),(40628,11439,612,6.52),(40629,11439,626,0.69),(40630,11439,627,0.28),(40631,11439,628,0.14),(40632,11439,629,4.7),(40633,11439,630,9.47),(40634,11439,633,30.08),(40635,11439,634,26.01),(40636,11439,631,5.3),(40637,11439,632,4.42),(40638,11440,624,9.81),(40639,11440,623,144.8),(40640,11440,625,2147),(40641,11440,612,8.11),(40642,11440,626,0.83),(40643,11440,627,0.44),(40644,11440,628,0.25),(40645,11440,629,0),(40646,11440,633,11.31),(40647,11440,634,11.04),(40648,11440,631,0),(40649,11440,632,5.18),(40650,11441,624,6.55),(40651,11441,623,96.5),(40652,11441,625,1547),(40653,11441,612,7.39),(40654,11441,626,3.37),(40655,11441,627,1.65),(40656,11441,628,1.38),(40657,11441,629,82.29),(40658,11441,630,1.02),(40659,11441,633,182.46),(40660,11441,634,153.17),(40661,11441,631,0),(40662,11441,632,4.93),(40663,11442,624,14.99),(40664,11442,623,212.4),(40665,11442,625,1081),(40666,11442,612,7.89),(40667,11442,626,0.24),(40668,11442,627,0.43),(40669,11442,628,0.23),(40670,11442,629,8.45),(40671,11442,630,4.07),(40672,11442,633,42.56),(40673,11442,634,40.06),(40674,11442,631,15.15),(40675,11442,632,1.18),(40676,11443,624,8.69),(40677,11443,623,101.8),(40678,11443,625,476.5),(40679,11443,612,6.82),(40680,11443,626,0.46),(40681,11443,627,2.03),(40682,11443,628,1.94),(40683,11443,629,9.64),(40684,11443,630,8.22),(40685,11443,633,55.27),(40686,11443,634,44.87),(40687,11443,631,8.2),(40688,11443,632,1.08),(40689,11444,624,8.1),(40690,11444,623,100.4),(40691,11444,625,265.4),(40692,11444,612,6.85),(40693,11444,626,0.32),(40694,11444,627,0.45),(40695,11444,628,0.3),(40696,11444,629,9.25),(40697,11444,630,3.9),(40698,11444,631,18.65),(40699,11444,632,4.67),(40700,11445,624,7.38),(40701,11445,623,90.6),(40702,11445,625,267.6),(40703,11445,612,6.59),(40704,11445,626,0.44),(40705,11445,627,0.28),(40706,11445,628,0.19),(40707,11445,629,4.66),(40708,11445,630,2.93),(40709,11445,633,75.91),(40710,11445,634,49.77),(40711,11445,631,33.65),(40712,11445,632,11.02),(40713,11446,624,6.32),(40714,11446,623,76.7),(40715,11446,625,-72.97),(40716,11446,612,4.33),(40717,11446,626,0.46),(40718,11446,627,0.31),(40719,11446,628,0.48),(40720,11446,629,1.41),(40721,11446,630,5.37),(40722,11446,633,86.1),(40723,11446,634,57.23),(40724,11446,631,64.9),(40725,11446,632,4.41),(40726,11447,624,10.39),(40727,11447,623,124.2),(40728,11447,625,479.3),(40729,11447,612,7.27),(40730,11447,626,0.45),(40731,11447,627,0.42),(40732,11447,628,0.44),(40733,11447,629,7.81),(40734,11447,630,2.8),(40735,11447,631,220.31),(40736,11447,632,0.37),(40737,11448,624,7.6),(40738,11448,623,94.7),(40739,11448,625,279.5),(40740,11448,612,6.2),(40741,11448,626,0.48),(40742,11448,627,0.24),(40743,11448,628,0.14),(40744,11448,629,4.61),(40745,11448,630,2.88),(40746,11448,631,98.05),(40747,11448,632,3.74),(40748,11449,624,5.3),(40749,11449,623,66.5),(40750,11449,625,195.5),(40751,11449,612,6.25),(40752,11449,626,0.48),(40753,11449,627,0.33),(40754,11449,628,0.16),(40755,11449,629,2.8),(40756,11449,630,2.98),(40757,11449,633,62.23),(40758,11449,634,61.48),(40759,11449,631,97.51),(40760,11449,632,4.53),(40761,11450,624,11),(40762,11450,623,133.2),(40763,11450,625,592.6),(40764,11450,612,8.25),(40765,11450,626,1.19),(40766,11450,627,0.46),(40767,11450,628,0.22),(40768,11450,629,2.02),(40769,11450,630,1.76),(40770,11450,633,62.04),(40771,11450,634,71.48),(40772,11450,631,49.56),(40773,11450,632,24.03),(40774,11451,624,6.02),(40775,11451,623,71.5),(40776,11451,625,232.2),(40777,11451,612,6.41),(40778,11451,626,1.71),(40779,11451,627,1.18),(40780,11451,628,0.6),(40781,11451,629,1.34),(40782,11451,630,6.74),(40783,11451,633,47.14),(40784,11451,634,30.87),(40785,11451,631,17.5),(40786,11451,632,4.85),(40787,11452,624,5.66),(40788,11452,623,66.3),(40789,11452,625,298.9),(40790,11452,612,6.4),(40791,11452,626,1.48),(40792,11452,627,0.92),(40793,11452,628,0.27),(40794,11452,629,4.74),(40795,11452,630,5.96),(40796,11452,633,50.28),(40797,11452,634,46.15),(40798,11452,631,20.65),(40799,11452,632,1.42),(40800,11453,621,1.8),(40801,11453,622,0.4),(40802,11453,635,0.7),(40803,11453,636,26),(40804,11454,621,1.2),(40805,11454,622,0.4),(40806,11454,635,3.4),(40807,11454,636,28.5),(40808,11455,621,1.2),(40809,11455,622,0.6),(40810,11455,635,3.4),(40811,11455,636,27.5),(40812,11456,621,1.4),(40813,11456,622,0.5),(40814,11456,635,2.2),(40815,11456,636,29),(40816,11457,621,2.2),(40817,11457,622,0.7),(40818,11457,635,1.4),(40819,11457,636,29),(40820,11458,621,2),(40821,11458,622,0.4),(40822,11458,635,3.4),(40823,11458,636,28.5),(40824,11459,621,0.5),(40825,11459,622,0.3),(40826,11459,635,2.7),(40827,11459,636,29),(40828,11460,621,3.7),(40829,11460,622,0.3),(40830,11460,635,3.4),(40831,11460,636,28),(40832,11461,621,1.3),(40833,11461,622,0.2),(40834,11461,635,3.6),(40835,11461,636,30),(40836,11462,621,0.3),(40837,11462,622,0.3),(40838,11462,635,3.9),(40839,11462,636,33),(40840,11463,621,1.5),(40841,11463,622,0.3),(40842,11463,635,2.5),(40843,11463,636,31.5),(40844,11464,621,0.5),(40845,11464,622,0.25),(40846,11464,635,1.9),(40847,11464,636,30),(40848,11465,621,2.9),(40849,11465,622,0.4),(40850,11465,635,1.1),(40851,11465,636,26),(40852,11466,621,2.7),(40853,11466,622,0.4),(40854,11466,635,1.6),(40855,11466,636,32),(40856,11467,621,0.7),(40857,11467,622,0.1),(40858,11467,635,4.1),(40859,11467,636,31),(40860,11468,621,0.75),(40861,11468,622,0.1),(40862,11468,635,1.4),(40863,11468,636,30),(40864,11469,621,3),(40865,11469,622,0.25),(40866,11469,635,2.9),(40867,11469,636,33.5),(40868,11470,621,2.1),(40869,11470,622,0.6),(40870,11470,635,4.7),(40871,11470,636,34.2),(40872,11471,621,3.4),(40873,11471,622,0.35),(40874,11471,635,2.8),(40875,11471,636,30),(40876,11472,621,1.2),(40877,11472,622,0.15),(40878,11472,635,2.7),(40879,11472,636,32),(40880,11473,621,0.3),(40881,11473,622,0.3),(40882,11473,635,3.6),(40883,11473,636,36),(40884,11474,621,1.7),(40885,11474,622,0.5),(40886,11474,635,3.5),(40887,11474,636,36),(40888,11475,621,0.6),(40889,11475,622,0.3),(40890,11475,635,3.2),(40891,11475,636,34),(40892,11476,621,2.8),(40893,11476,622,0.4),(40894,11476,635,1.5),(40895,11476,636,31.5),(40896,11477,621,2.2),(40897,11477,622,0.4),(40898,11477,635,1.1),(40899,11477,636,29.5),(40900,11478,621,1.2),(40901,11478,622,0.6),(40902,11478,635,3.9),(40903,11478,636,29),(40904,11479,621,0.8),(40905,11479,622,0.5),(40906,11479,635,3.4),(40907,11479,636,30.5),(40908,11480,621,1),(40909,11480,622,0.4),(40910,11480,635,3.4),(40911,11480,636,32.5),(40912,11481,621,1),(40913,11481,622,0.5),(40914,11481,635,4.4),(40915,11481,636,31.5),(40916,11482,621,1.6),(40917,11482,622,0.5),(40918,11482,635,2.3),(40919,11482,636,30),(40920,11483,621,2.4),(40921,11483,622,0.6),(40922,11483,635,4.8),(40923,11483,636,31),(40924,11484,621,1.4),(40925,11484,622,0.55),(40926,11484,635,1.3),(40927,11484,636,32),(40928,11485,621,3),(40929,11485,622,0.2),(40930,11485,635,3.7),(40931,11485,636,29),(40932,11486,621,1),(40933,11486,622,0.1),(40934,11486,635,1.4),(40935,11486,636,30),(40936,11487,621,1),(40937,11487,622,0.8),(40938,11487,635,2.1),(40939,11487,636,31.5),(40940,11488,621,2.4),(40941,11488,622,0.3),(40942,11488,635,4.6),(40943,11488,636,33),(40944,11489,621,1.4),(40945,11489,622,0.5),(40946,11489,635,3.7),(40947,11489,636,32),(40948,11490,621,2.4),(40949,11490,622,0.4),(40950,11490,635,2.3),(40951,11490,636,33.5),(40952,11491,621,2.2),(40953,11491,622,0.4),(40954,11491,635,2.5),(40955,11491,636,28.9),(40956,11492,621,1.6),(40957,11492,622,0.5),(40958,11492,635,2.5),(40959,11492,636,30),(40960,11493,621,1.2),(40961,11493,622,0.4),(40962,11493,635,1.9),(40963,11493,636,29.9),(40964,11494,621,1.2),(40965,11494,622,0.2),(40966,11494,635,2.9),(40967,11494,636,30),(40968,11495,621,1.4),(40969,11495,622,0.4),(40970,11495,635,2.7),(40971,11495,636,30.5),(40972,11496,621,2.3),(40973,11496,622,0.2),(40974,11496,635,0.3),(40975,11496,636,28),(40976,11497,621,3),(40977,11497,622,0.7),(40978,11497,635,3.5),(40979,11497,636,30.5),(40980,11498,621,1.7),(40981,11498,622,0.6),(40982,11498,635,4.1),(40983,11498,636,29),(40984,11499,621,2.7),(40985,11499,622,0.2),(40986,11499,635,3),(40987,11499,636,26.5),(40988,11500,621,1.4),(40989,11500,622,0.1),(40990,11500,635,5.4),(40991,11500,636,30),(40992,11501,621,1.6),(40993,11501,622,0.7),(40994,11501,635,6.5),(40995,11501,636,29),(40996,11502,621,3.2),(40997,11502,622,0.6),(40998,11502,635,4.5),(40999,11502,636,29.5),(41000,11503,621,2.1),(41001,11503,622,0.6),(41002,11503,635,4.5),(41003,11503,636,31),(41004,11504,621,2.7),(41005,11504,622,0.2),(41006,11504,635,3.5),(41007,11504,636,27.3),(41008,11505,621,2.5),(41009,11505,622,0.2),(41010,11505,635,3.6),(41011,11505,636,27),(41012,11506,621,1.4),(41013,11506,622,0.3),(41014,11506,635,1.7),(41015,11506,636,28),(41016,11507,621,1.1),(41017,11507,622,0.3),(41018,11507,635,1.3),(41019,11507,636,28),(41020,11508,621,1),(41021,11508,622,0.4),(41022,11508,635,1.1),(41023,11508,636,27),(41024,11509,621,1.3),(41025,11509,622,0.3),(41026,11509,635,1),(41027,11509,636,27),(41028,11510,621,1.5),(41029,11510,622,0.5),(41030,11510,635,1.5),(41031,11510,636,28),(41032,11511,621,3.1),(41033,11511,622,1.1),(41034,11511,635,7),(41035,11511,636,29.5),(41036,11512,621,2.1),(41037,11512,622,1.3),(41038,11512,635,2.5),(41039,11512,636,28),(41040,11513,621,2.9),(41041,11513,622,0.3),(41042,11513,635,2.8),(41043,11513,636,28),(41044,11514,621,1.1),(41045,11514,622,0.2),(41046,11514,635,6.7),(41047,11514,636,27),(41048,11515,621,2.1),(41049,11515,622,0.8),(41050,11515,635,4.9),(41051,11515,636,27),(41052,11516,621,4),(41053,11516,622,0.8),(41054,11516,635,7.7),(41055,11516,636,27.5),(41056,11517,621,2.6),(41057,11517,622,0.7),(41058,11517,635,5),(41059,11517,636,27.5),(41060,11518,621,2.1),(41061,11518,622,0.4),(41062,11518,635,0.9),(41063,11518,636,25),(41064,11519,621,2.4),(41065,11519,622,0.4),(41066,11519,635,1.2),(41067,11519,636,22),(41068,11520,621,1.5),(41069,11520,622,0.4),(41070,11520,635,3.7),(41071,11520,636,22.6),(41072,11521,621,1.1),(41073,11521,622,0.4),(41074,11521,635,3.4),(41075,11521,636,21.2),(41076,11522,621,1.1),(41077,11522,622,0.3),(41078,11522,635,2.6),(41079,11522,636,21),(41080,11523,621,1.3),(41081,11523,622,0.4),(41082,11523,635,3.4),(41083,11523,636,21.8),(41084,11524,621,2),(41085,11524,622,0.4),(41086,11524,635,1.3),(41087,11524,636,21),(41088,11525,621,3.1),(41089,11525,622,1.7),(41090,11525,635,3.2),(41091,11525,636,23.2),(41092,11526,621,2),(41093,11526,622,1.5),(41094,11526,635,2.2),(41095,11526,636,24),(41096,11527,621,2.5),(41097,11527,622,0.2),(41098,11527,635,1.3),(41099,11527,636,20),(41100,11528,621,1),(41101,11528,622,0.3),(41102,11528,635,7.8),(41103,11528,636,23),(41104,11529,621,1.9),(41105,11529,622,0.6),(41106,11529,635,8.5),(41107,11529,636,22.3),(41108,11530,621,3.8),(41109,11530,622,0.8),(41110,11530,635,8.2),(41111,11530,636,23),(41112,11531,621,2.5),(41113,11531,622,0.8),(41114,11531,635,8.2),(41115,11531,636,22),(41116,11532,621,2.3),(41117,11532,622,0.3),(41118,11532,635,2.9),(41119,11532,636,20),(41120,11533,621,2.3),(41121,11533,622,0.6),(41122,11533,635,1.3),(41123,11533,636,20),(41124,11534,621,1.8),(41125,11534,622,0.5),(41126,11534,635,0.3),(41127,11534,636,21.3),(41128,11535,621,1.2),(41129,11535,622,0.4),(41130,11535,635,0.4),(41131,11535,636,21.2),(41132,11536,621,1.3),(41133,11536,622,0.4),(41134,11536,635,1.3),(41135,11536,636,21),(41136,11537,621,1.1),(41137,11537,622,0.3),(41138,11537,635,0.7),(41139,11537,636,22),(41140,11538,621,2),(41141,11538,622,0.3),(41142,11538,635,1.2),(41143,11538,636,21),(41144,11539,621,3),(41145,11539,622,1.6),(41146,11539,635,3.5),(41147,11539,636,25),(41148,11540,621,1.9),(41149,11540,622,1.4),(41150,11540,635,1.3),(41151,11540,636,24),(41152,11541,621,1.7),(41153,11541,622,0.3),(41154,11541,635,2.5),(41155,11541,636,25),(41156,11542,621,1.2),(41157,11542,622,0.5),(41158,11542,635,0.8),(41159,11542,636,25),(41160,11543,621,1.5),(41161,11543,622,0.8),(41162,11543,635,3.2),(41163,11543,636,24),(41164,11544,621,3.3),(41165,11544,622,1.1),(41166,11544,635,3.5),(41167,11544,636,25),(41168,11545,621,2.1),(41169,11545,622,1.4),(41170,11545,635,1.3),(41171,11545,636,27),(41172,11546,621,1.5),(41173,11546,622,0.4),(41174,11546,635,0.9),(41175,11546,636,21),(41176,11547,621,1.7),(41177,11547,622,0.4),(41178,11547,635,2.3),(41179,11547,636,21),(41180,11548,621,1.7),(41181,11548,622,0.5),(41182,11548,635,3.5),(41183,11548,636,25),(41184,11549,621,1.3),(41185,11549,622,0.5),(41186,11549,635,3.1),(41187,11549,636,24.5),(41188,11550,621,1.3),(41189,11550,622,0.5),(41190,11550,635,1.3),(41191,11550,636,25.3),(41192,11551,621,1.4),(41193,11551,622,0.5),(41194,11551,635,2.1),(41195,11551,636,24.9),(41196,11552,621,1.8),(41197,11552,622,0.4),(41198,11552,635,2.5),(41199,11552,636,25),(41200,11553,621,3),(41201,11553,622,1.4),(41202,11553,635,5.4),(41203,11553,636,28),(41204,11554,621,1.8),(41205,11554,622,1),(41206,11554,635,3.1),(41207,11554,636,31),(41208,11555,621,3.1),(41209,11555,622,0.3),(41210,11555,635,4.7),(41211,11555,636,28),(41212,11556,621,1.3),(41213,11556,622,0.3),(41214,11556,635,5.9),(41215,11556,636,21),(41216,11557,621,2.5),(41217,11557,622,1.1),(41218,11557,635,5),(41219,11557,636,25.1),(41220,11558,621,3.5),(41221,11558,622,1.5),(41222,11558,635,4.8),(41223,11558,636,24),(41224,11559,621,2.1),(41225,11559,622,0.7),(41226,11559,635,4.4),(41227,11559,636,23.5),(41228,11560,621,2),(41229,11560,622,1),(41230,11560,635,2.3),(41231,11560,636,26),(41232,11561,621,2.1),(41233,11561,622,1),(41234,11561,635,3.4),(41235,11561,636,25),(41236,11562,621,1.9),(41237,11562,622,0.3),(41238,11562,635,7.8),(41239,11562,636,27.3),(41240,11563,621,1.4),(41241,11563,622,0.3),(41242,11563,635,5.65),(41243,11563,636,28.2),(41244,11564,621,1.3),(41245,11564,622,0.5),(41246,11564,635,9.6),(41247,11564,636,28.5),(41248,11565,621,1.6),(41249,11565,622,0.3),(41250,11565,635,6.8),(41251,11565,636,29.5),(41252,11566,621,2.3),(41253,11566,622,0.5),(41254,11566,635,2.6),(41255,11566,636,28),(41256,11567,621,2.6),(41257,11567,622,1.7),(41258,11567,635,3.7),(41259,11567,636,31.5),(41260,11568,621,1.7),(41261,11568,622,1),(41262,11568,635,25.4),(41263,11568,636,28.5),(41264,11569,621,2.9),(41265,11569,622,0.2),(41266,11569,635,3.4),(41267,11569,636,29.5),(41268,11570,621,1.2),(41269,11570,622,0.4),(41270,11570,635,4.1),(41271,11570,636,24.5),(41272,11571,621,1.7),(41273,11571,622,1.1),(41274,11571,635,2.7),(41275,11571,636,28),(41276,11572,621,3.2),(41277,11572,622,1.2),(41278,11572,635,4.5),(41279,11572,636,27.3),(41280,11573,621,2.3),(41281,11573,622,0.8),(41282,11573,635,1.5),(41283,11573,636,27),(41284,11574,621,2.1),(41285,11574,622,0.5),(41286,11574,635,2.6),(41287,11574,636,23.8),(41288,11575,621,2.3),(41289,11575,622,0.3),(41290,11575,635,2.4),(41291,11575,636,24),(41292,11576,621,1.4),(41293,11576,622,0.3),(41294,11576,635,3.8),(41295,11576,636,24.9),(41296,11577,621,1),(41297,11577,622,0.2),(41298,11577,635,3),(41299,11577,636,24),(41300,11578,621,0.9),(41301,11578,622,0.3),(41302,11578,635,1.6),(41303,11578,636,24),(41304,11579,621,1.3),(41305,11579,622,0.2),(41306,11579,635,2.7),(41307,11579,636,24.5),(41308,11580,621,1.8),(41309,11580,622,0.2),(41310,11580,635,1.3),(41311,11580,636,26),(41312,11581,621,2.4),(41313,11581,622,1.5),(41314,11581,635,0.9),(41315,11581,636,23),(41316,11582,621,1.5),(41317,11582,622,1.2),(41318,11582,635,1.4),(41319,11582,636,22.7),(41320,11583,621,2.2),(41321,11583,622,0.3),(41322,11583,635,0.5),(41323,11583,636,22.5),(41324,11584,621,1.2),(41325,11584,622,0.5),(41326,11584,635,2.7),(41327,11584,636,24),(41328,11585,621,2.3),(41329,11585,622,1.7),(41330,11585,635,3.1),(41331,11585,636,23),(41332,11586,621,3.3),(41333,11586,622,1.3),(41334,11586,635,1.4),(41335,11586,636,23.5),(41336,11587,621,2.2),(41337,11587,622,1),(41338,11587,635,1.7),(41339,11587,636,23.3),(41340,11588,621,1.5),(41341,11588,622,0.3),(41342,11588,635,0.6),(41343,11588,636,21.5),(41344,11589,621,1.9),(41345,11589,622,0.4),(41346,11589,635,1.1),(41347,11589,636,22),(41348,11590,621,1.5),(41349,11590,622,0.4),(41350,11590,635,2.3),(41351,11590,636,26),(41352,11591,621,1.3),(41353,11591,622,0.3),(41354,11591,635,3.6),(41355,11591,636,23.5),(41356,11592,621,1.1),(41357,11592,622,0.3),(41358,11592,635,1.7),(41359,11592,636,26),(41360,11593,621,1.4),(41361,11593,622,0.3),(41362,11593,635,2.8),(41363,11593,636,26),(41364,11594,621,2.1),(41365,11594,622,0.5),(41366,11594,635,2.6),(41367,11594,636,28),(41368,11595,621,3.3),(41369,11595,622,1.2),(41370,11595,635,4.6),(41371,11595,636,25.5),(41372,11596,621,2.2),(41373,11596,622,1.5),(41374,11596,635,4.9),(41375,11596,636,24.5),(41376,11597,621,2.4),(41377,11597,622,0.3),(41378,11597,635,1.8),(41379,11597,636,22.1),(41380,11598,621,1.1),(41381,11598,622,1),(41382,11598,635,2.9),(41383,11598,636,24),(41384,11599,621,1.9),(41385,11599,622,1.5),(41386,11599,635,5.7),(41387,11599,636,23.2),(41388,11600,621,3.3),(41389,11600,622,1.5),(41390,11600,635,5.9),(41391,11600,636,23.3),(41392,11601,621,2.2),(41393,11601,622,0.9),(41394,11601,635,4.8),(41395,11601,636,23.3),(41396,11602,621,2),(41397,11602,622,0.2),(41398,11602,635,2.1),(41399,11602,636,23),(41400,11603,621,2.8),(41401,11603,622,0.3),(41402,11603,635,1.8),(41403,11603,636,23),(41404,11604,621,1.45),(41405,11604,622,0.3),(41406,11604,635,5),(41407,11604,636,29.7),(41408,11605,621,0.9),(41409,11605,622,0.3),(41410,11605,635,3),(41411,11605,636,29.5),(41412,11606,621,0.85),(41413,11606,622,0.3),(41414,11606,635,1.7),(41415,11606,636,33),(41416,11607,621,1.1),(41417,11607,622,0.3),(41418,11607,635,1.8),(41419,11607,636,30),(41420,11608,621,1.8),(41421,11608,622,0.3),(41422,11608,635,1.1),(41423,11608,636,33),(41424,11609,621,2.9),(41425,11609,622,1.5),(41426,11609,635,7.4),(41427,11609,636,35.8),(41428,11610,621,2.1),(41429,11610,622,1.2),(41430,11610,635,3),(41431,11610,636,36.3),(41432,11611,621,2.15),(41433,11611,622,0.25),(41434,11611,635,6.4),(41435,11611,636,30),(41436,11612,621,1),(41437,11612,622,0.8),(41438,11612,635,6.2),(41439,11612,636,28.3),(41440,11613,621,2.5),(41441,11613,622,1.7),(41442,11613,635,7.5),(41443,11613,636,31),(41444,11614,621,3.4),(41445,11614,622,0.9),(41446,11614,635,8.1),(41447,11614,636,30.3),(41448,11615,621,2.2),(41449,11615,622,0.9),(41450,11615,635,6.6),(41451,11615,636,29.5),(41452,11616,621,1.9),(41453,11616,622,0.5),(41454,11616,635,4.8),(41455,11616,636,34),(41456,11617,621,2.3),(41457,11617,622,0.6),(41458,11617,635,3.4),(41459,11617,636,30),(41460,11618,624,6.78),(41461,11618,623,87),(41462,11618,625,450.6),(41463,11618,612,7.01),(41464,11618,626,0.99),(41465,11618,627,0.37),(41466,11618,628,0.15),(41467,11618,629,17.93),(41468,11618,630,5.24),(41469,11618,633,129.89),(41470,11618,634,98.82),(41471,11618,631,44.2),(41472,11618,632,6.96),(41473,11619,624,6.28),(41474,11619,623,80),(41475,11619,625,760.8),(41476,11619,612,7.06),(41477,11619,626,4.84),(41478,11619,627,1.55),(41479,11619,628,0.51),(41480,11619,629,74.28),(41481,11619,630,1.97),(41482,11619,633,51),(41483,11619,634,38.31),(41484,11619,631,58.2),(41485,11619,632,10.19),(41486,11620,624,6.85),(41487,11620,623,86.7),(41488,11620,625,445.4),(41489,11620,612,6.79),(41490,11620,626,1.08),(41491,11620,627,0.66),(41492,11620,628,0.03),(41493,11620,629,9.7),(41494,11620,630,1.4),(41495,11620,633,52.02),(41496,11620,634,42.92),(41497,11620,631,32.5),(41498,11620,632,9.47),(41499,11621,624,5.04),(41500,11621,623,62.8),(41501,11621,625,477.9),(41502,11621,612,7.24),(41503,11621,626,1.92),(41504,11621,627,0.69),(41505,11621,628,0.09),(41506,11621,629,7.79),(41507,11621,630,1.57),(41508,11621,633,66.79),(41509,11621,634,45.52),(41510,11621,631,45.82),(41511,11621,632,27.08),(41512,11622,624,5.04),(41513,11622,623,60.6),(41514,11622,625,293.9),(41515,11622,612,6.41),(41516,11622,626,0.64),(41517,11622,627,0.31),(41518,11622,628,0.1),(41519,11622,629,8.79),(41520,11622,630,6.59),(41521,11622,633,36.09),(41522,11622,634,36.27),(41523,11622,631,50.83),(41524,11622,632,1.17),(41525,11623,624,6.44),(41526,11623,623,85.3),(41527,11623,625,317.3),(41528,11623,612,6.72),(41529,11623,626,0.69),(41530,11623,627,0.25),(41531,11623,628,0.01),(41532,11623,629,19.93),(41533,11623,630,1.46),(41534,11623,633,78.85),(41535,11623,634,71.36),(41536,11623,631,78.82),(41537,11623,632,3.58),(41538,11624,624,3.78),(41539,11624,623,48),(41540,11624,625,177.7),(41541,11624,612,6.34),(41542,11624,626,0.1),(41543,11624,627,0.02),(41544,11624,628,0),(41545,11624,629,7.58),(41546,11624,630,0),(41547,11624,633,95.65),(41548,11624,634,38.66),(41549,11624,631,108.52),(41550,11624,632,2.75),(41551,11625,624,2.8),(41552,11625,623,35),(41553,11625,625,16.1),(41554,11625,612,4.39),(41555,11625,626,0.79),(41556,11625,627,0.73),(41557,11625,628,0.33),(41558,11625,629,4.9),(41559,11625,630,2.72),(41560,11625,633,62.58),(41561,11625,634,49.45),(41562,11625,631,241.12),(41563,11625,632,4.14),(41564,11626,624,6.25),(41565,11626,623,82.4),(41566,11626,625,284.2),(41567,11626,612,6.17),(41568,11626,626,1.03),(41569,11626,627,0.71),(41570,11626,628,0.57),(41571,11626,629,13.65),(41572,11626,630,4.08),(41573,11626,633,124.84),(41574,11626,634,98.82),(41575,11626,631,269.09),(41576,11626,632,0.95),(41577,11627,624,7.71),(41578,11627,623,102.8),(41579,11627,625,471),(41580,11627,612,7.2),(41581,11627,626,0.9),(41582,11627,627,0.4),(41583,11627,628,0),(41584,11627,629,4.84),(41585,11627,630,0),(41586,11627,633,73.92),(41587,11627,634,49.7),(41588,11627,631,53.42),(41589,11627,632,12.84),(41590,11628,624,7.9),(41591,11628,623,104.1),(41592,11628,625,406.8),(41593,11628,612,8.31),(41594,11628,626,1.02),(41595,11628,627,0.55),(41596,11628,628,0.08),(41597,11628,629,5.55),(41598,11628,630,0),(41599,11628,633,107.6),(41600,11628,634,82.39),(41601,11628,631,56.83),(41602,11628,632,24.17),(41603,11629,624,4.4),(41604,11629,623,57.5),(41605,11629,625,511.4),(41606,11629,612,6.97),(41607,11629,626,0.97),(41608,11629,627,0.8),(41609,11629,628,0.08),(41610,11629,629,24.68),(41611,11629,630,7.46),(41612,11629,633,117.51),(41613,11629,634,109.27),(41614,11629,631,40.01),(41615,11629,632,15.66),(41616,11630,624,5.66),(41617,11630,623,70.9),(41618,11630,625,150.6),(41619,11630,612,6.3),(41620,11630,626,1.98),(41621,11630,627,0.61),(41622,11630,628,0.3),(41623,11630,629,6.04),(41624,11630,630,8.86),(41625,11630,633,44.08),(41626,11630,634,32.29),(41627,11630,631,20.25),(41628,11630,632,2.11),(41629,11631,624,6.43),(41630,11631,623,78),(41631,11631,625,152.6),(41632,11631,612,6.5),(41633,11631,626,1.5),(41634,11631,627,0.45),(41635,11631,628,0.29),(41636,11631,629,5.97),(41637,11631,630,9.43),(41638,11631,633,158.23),(41639,11631,634,135.5),(41640,11631,631,25.04),(41641,11631,632,3.06),(41642,11632,624,5.82),(41643,11632,623,85.1),(41644,11632,625,1399),(41645,11632,612,7.27),(41646,11632,626,1.58),(41647,11632,627,0.57),(41648,11632,628,0.02),(41649,11632,629,31.68),(41650,11632,630,2.47),(41651,11632,633,67.58),(41652,11632,634,48.85),(41653,11632,631,12.96),(41654,11632,632,5.84),(41655,11633,624,5.7),(41656,11633,623,71),(41657,11633,625,440.8),(41658,11633,612,5.41),(41659,11633,626,0.67),(41660,11633,627,0.41),(41661,11633,628,0.03),(41662,11633,629,11.18),(41663,11633,630,4.93),(41664,11633,633,66.79),(41665,11633,634,85.51),(41666,11633,631,14.45),(41667,11633,632,2.78),(41668,11634,624,5.55),(41669,11634,623,75.6),(41670,11634,625,300.3),(41671,11634,612,6.63),(41672,11634,626,0.48),(41673,11634,627,0.27),(41674,11634,628,0.01),(41675,11634,629,21.82),(41676,11634,630,2.6),(41677,11634,633,99.19),(41678,11634,634,98.16),(41679,11634,631,61.05),(41680,11634,632,5.49),(41681,11635,624,6.7),(41682,11635,623,93.5),(41683,11635,625,264.3),(41684,11635,612,6.46),(41685,11635,626,0.71),(41686,11635,627,0.41),(41687,11635,628,0.01),(41688,11635,629,14.87),(41689,11635,630,1.97),(41690,11635,633,95.66),(41691,11635,634,94.9),(41692,11635,631,69.96),(41693,11635,632,9.66),(41694,11636,624,4.27),(41695,11636,623,55.5),(41696,11636,625,-17),(41697,11636,612,4.39),(41698,11636,626,0.87),(41699,11636,627,0.72),(41700,11636,628,0.71),(41701,11636,629,8.51),(41702,11636,630,1.85),(41703,11636,633,117.51),(41704,11636,634,119.27),(41705,11636,631,269.07),(41706,11636,632,1.43),(41707,11637,624,6.7),(41708,11637,623,77),(41709,11637,625,265.7),(41710,11637,612,5.88),(41711,11637,626,1.04),(41712,11637,627,0.91),(41713,11637,628,0.91),(41714,11637,629,11.6),(41715,11637,630,10.42),(41716,11637,633,158.23),(41717,11637,634,131.5),(41718,11637,631,305.52),(41719,11638,624,8.02),(41720,11638,623,121.7),(41721,11638,625,753.6),(41722,11638,612,8.7),(41723,11638,626,1.07),(41724,11638,627,0.26),(41725,11638,628,0),(41726,11638,629,0),(41727,11638,630,0),(41728,11638,633,58.66),(41729,11638,634,49.56),(41730,11638,631,32.15),(41731,11638,632,11.35),(41732,11639,624,6.03),(41733,11639,623,94.1),(41734,11639,625,1419),(41735,11639,612,8.25),(41736,11639,626,1.58),(41737,11639,627,0.48),(41738,11639,628,0),(41739,11639,629,0),(41740,11639,630,0),(41741,11639,633,73.91),(41742,11639,634,44.7),(41743,11639,631,5.3),(41744,11639,632,14.66),(41745,11640,624,6.98),(41746,11640,623,106.4),(41747,11640,625,1409),(41748,11640,612,7.81),(41749,11640,626,1.14),(41750,11640,627,0.41),(41751,11640,628,0),(41752,11640,629,0),(41753,11640,630,0),(41754,11640,633,107.6),(41755,11640,634,82.39),(41756,11640,631,2.39),(41757,11640,632,12.23),(41758,11641,624,7.7),(41759,11641,623,79.5),(41760,11641,625,159.5),(41761,11641,612,6.4),(41762,11641,626,0.86),(41763,11641,627,0.32),(41764,11641,628,0),(41765,11641,629,4.47),(41766,11641,630,6.93),(41767,11641,633,44.09),(41768,11641,634,32.3),(41769,11641,631,7.12),(41770,11641,632,4.45),(41771,11642,624,5.94),(41772,11642,623,78.3),(41773,11642,625,229.7),(41774,11642,612,6.4),(41775,11642,626,1.12),(41776,11642,627,0.64),(41777,11642,628,0.12),(41778,11642,629,11.02),(41779,11642,630,5.32),(41780,11642,633,36.09),(41781,11642,634,36.24),(41782,11642,631,6.28),(41783,11642,632,2.58),(41784,11643,624,7.15),(41785,11643,623,95.3),(41786,11643,625,693.2),(41787,11643,612,8.25),(41788,11643,626,1.29),(41789,11643,627,0.46),(41790,11643,628,0.07),(41791,11643,629,3.05),(41792,11643,630,0),(41793,11643,633,24.27),(41794,11643,634,22.16),(41795,11643,631,0.11),(41796,11643,632,15.33),(41797,11644,624,5.74),(41798,11644,623,77),(41799,11644,625,811.1),(41800,11644,612,7.81),(41801,11644,626,5.58),(41802,11644,627,0.7),(41803,11644,628,0),(41804,11644,629,68.97),(41805,11644,630,0),(41806,11644,633,203.7),(41807,11644,634,180.3),(41808,11644,631,0.57),(41809,11644,632,38.91),(41810,11645,624,6.57),(41811,11645,623,88.1),(41812,11645,625,479.6),(41813,11645,612,7.33),(41814,11645,626,1.14),(41815,11645,627,0.29),(41816,11645,628,0),(41817,11645,629,5.38),(41818,11645,630,0),(41819,11645,633,132.67),(41820,11645,634,118.96),(41821,11645,631,3.12),(41822,11645,632,20.15),(41823,11646,624,7.31),(41824,11646,623,97.8),(41825,11646,625,604.8),(41826,11646,612,8.2),(41827,11646,626,1.32),(41828,11646,627,0.25),(41829,11646,628,0),(41830,11646,629,4.1),(41831,11646,630,0),(41832,11646,633,119.35),(41833,11646,634,122.6),(41834,11646,631,1.35),(41835,11646,632,18.22),(41836,11647,624,4.85),(41837,11647,623,61.9),(41838,11647,625,508.6),(41839,11647,612,6.82),(41840,11647,626,0.39),(41841,11647,627,0.2),(41842,11647,628,0),(41843,11647,629,14.07),(41844,11647,630,6.79),(41845,11647,633,131.87),(41846,11647,634,124.42),(41847,11647,631,9.44),(41848,11647,632,3.24),(41849,11648,624,6.05),(41850,11648,623,83.5),(41851,11648,625,316.5),(41852,11648,612,6.83),(41853,11648,626,0.47),(41854,11648,627,0.19),(41855,11648,628,0),(41856,11648,629,17.52),(41857,11648,630,5.81),(41858,11648,633,19.84),(41859,11648,634,18.63),(41860,11648,631,57.95),(41861,11648,632,3.95),(41862,11649,624,6.16),(41863,11649,623,86.4),(41864,11649,625,366.2),(41865,11649,612,6.81),(41866,11649,626,0.35),(41867,11649,627,0.22),(41868,11649,628,0.02),(41869,11649,629,16.48),(41870,11649,630,5.18),(41871,11649,633,52.76),(41872,11649,634,50.43),(41873,11649,631,61.34),(41874,11649,632,7.08),(41875,11650,624,2.69),(41876,11650,623,36),(41877,11650,625,-17.02),(41878,11650,612,4.33),(41879,11650,626,0.7),(41880,11650,627,0.58),(41881,11650,628,0.47),(41882,11650,629,9.86),(41883,11650,630,1.72),(41884,11650,633,171.87),(41885,11650,634,162.8),(41886,11650,631,267.92),(41887,11650,632,2.24),(41888,11651,624,6.32),(41889,11651,623,83.3),(41890,11651,625,336),(41891,11651,612,5.95),(41892,11651,626,1),(41893,11651,627,0.92),(41894,11651,628,0.53),(41895,11651,629,10.92),(41896,11651,630,12.73),(41897,11651,633,95.6),(41898,11651,634,90.45),(41899,11651,631,328.52),(41900,11651,632,1.24),(41901,11652,624,6.87),(41902,11652,623,98.5),(41903,11652,625,659.9),(41904,11652,612,7.33),(41905,11652,626,0.87),(41906,11652,627,0.28),(41907,11652,628,0),(41908,11652,629,4.69),(41909,11652,630,0),(41910,11652,633,31.8),(41911,11652,634,18.05),(41912,11652,631,39.12),(41913,11652,632,7.88),(41914,11653,624,9.27),(41915,11653,623,125.5),(41916,11653,625,620.5),(41917,11653,612,7.52),(41918,11653,626,3.59),(41919,11653,627,0.53),(41920,11653,628,0.17),(41921,11653,629,4.87),(41922,11653,630,0),(41923,11653,633,57.38),(41924,11653,634,26.39),(41925,11653,631,43.74),(41926,11653,632,236.43),(41927,11654,624,8.91),(41928,11654,623,126.5),(41929,11654,625,629.7),(41930,11654,612,7.84),(41931,11654,626,1.62),(41932,11654,627,0.21),(41933,11654,628,0),(41934,11654,629,4.85),(41935,11654,630,0),(41936,11654,633,40.23),(41937,11654,634,30.57),(41938,11654,631,34.98),(41939,11654,632,46.29),(41940,11655,624,6.7),(41941,11655,623,85.4),(41942,11655,625,118.8),(41943,11655,612,6.66),(41944,11655,626,0.23),(41945,11655,627,0.09),(41946,11655,628,0),(41947,11655,629,11.23),(41948,11655,630,7.43),(41949,11655,633,113.2),(41950,11655,634,111.04),(41951,11655,631,6.48),(41952,11655,632,1.76),(41953,11656,624,6.2),(41954,11656,623,81.5),(41955,11656,625,201.6),(41956,11656,612,6.79),(41957,11656,626,0.76),(41958,11656,627,0.06),(41959,11656,628,0),(41960,11656,629,16.41),(41961,11656,630,6.87),(41962,11656,633,127.07),(41963,11656,634,126.96),(41964,11656,631,2.12),(41965,11656,632,3.67),(41966,11657,624,7.68),(41967,11657,623,100.9),(41968,11657,625,834.4),(41969,11657,612,5.94),(41970,11657,626,1.46),(41971,11657,627,0.58),(41972,11657,628,0),(41973,11657,629,14.47),(41974,11657,630,0),(41975,11657,633,166.29),(41976,11657,634,126.35),(41977,11657,631,3.12),(41978,11657,632,24.31),(41979,11658,624,5.98),(41980,11658,623,77),(41981,11658,625,897),(41982,11658,612,5.95),(41983,11658,626,2.73),(41984,11658,627,0.82),(41985,11658,628,0.02),(41986,11658,629,37.51),(41987,11658,630,1.56),(41988,11658,633,158.57),(41989,11658,634,135.6),(41990,11658,631,15.27),(41991,11658,632,35.93),(41992,11659,624,5.14),(41993,11659,623,64.6),(41994,11659,625,609.4),(41995,11659,612,6.56),(41996,11659,626,1.02),(41997,11659,627,0.49),(41998,11659,628,0.08),(41999,11659,629,18.94),(42000,11659,630,2.08),(42001,11659,633,142.15),(42002,11659,634,124.15),(42003,11659,631,24.75),(42004,11659,632,18.52),(42005,11660,624,7.3),(42006,11660,623,95),(42007,11660,625,762.3),(42008,11660,612,7.68),(42009,11660,626,1.55),(42010,11660,627,0.64),(42011,11660,628,0),(42012,11660,629,20.83),(42013,11660,630,0),(42014,11660,633,131.25),(42015,11660,634,116.05),(42016,11660,631,19.94),(42017,11660,632,13.87),(42018,11661,624,2.03),(42019,11661,623,60.6),(42020,11661,625,139.1),(42021,11661,612,6.2),(42022,11661,626,0.9),(42023,11661,627,0.62),(42024,11661,628,0.11),(42025,11661,629,17.35),(42026,11661,630,2.03),(42027,11661,633,136.5),(42028,11661,634,138.73),(42029,11661,631,48.49),(42030,11661,632,0.85),(42031,11662,624,6.27),(42032,11662,623,81.5),(42033,11662,625,2546),(42034,11662,612,6.9),(42035,11662,626,0.6),(42036,11662,627,0.51),(42037,11662,628,0),(42038,11662,629,22.25),(42039,11662,630,6.38),(42040,11662,633,13.45),(42041,11662,634,12.37),(42042,11662,631,60.9),(42043,11662,632,0.89),(42044,11663,624,6.3),(42045,11663,623,80.5),(42046,11663,625,2425),(42047,11663,612,6.9),(42048,11663,626,1.7),(42049,11663,627,0.56),(42050,11663,628,0),(42051,11663,629,22.17),(42052,11663,630,5.33),(42053,11663,633,38.74),(42054,11663,634,14.87),(42055,11663,631,30.74),(42056,11663,632,2.35),(42057,11664,624,3.54),(42058,11664,623,44.6),(42059,11664,625,-34.46),(42060,11664,612,4.26),(42061,11664,626,1.03),(42062,11664,627,0.67),(42063,11664,628,0.3),(42064,11664,629,18.91),(42065,11664,630,5.36),(42066,11664,633,74.67),(42067,11664,634,59.79),(42068,11664,631,273.66),(42069,11664,632,0),(42070,11665,624,6.91),(42071,11665,623,88.4),(42072,11665,625,268.4),(42073,11665,612,6.59),(42074,11665,626,1.83),(42075,11665,627,1.54),(42076,11665,628,0.56),(42077,11665,629,22.43),(42078,11665,630,17.28),(42079,11665,633,131.13),(42080,11665,634,131.13),(42081,11665,631,251.11),(42082,11665,632,0),(42083,11666,624,5.42),(42084,11666,623,72),(42085,11666,625,524.9),(42086,11666,612,7.17),(42087,11666,626,0.95),(42088,11666,627,0.65),(42089,11666,628,0.01),(42090,11666,629,32.49),(42091,11666,630,4.41),(42092,11666,633,38.03),(42093,11666,634,32.28),(42094,11666,631,38.2),(42095,11666,632,2.69),(42096,11667,624,4.63),(42097,11667,623,60.4),(42098,11667,625,559.2),(42099,11667,612,6.93),(42100,11667,626,1.17),(42101,11667,627,0.69),(42102,11667,628,0.02),(42103,11667,629,39.82),(42104,11667,630,3.59),(42105,11667,633,41.64),(42106,11667,634,38.03),(42107,11667,631,39.37),(42108,11667,632,1.28),(42109,11668,624,5.11),(42110,11668,623,68),(42111,11668,625,509.6),(42112,11668,612,7.02),(42113,11668,626,1.17),(42114,11668,627,0.95),(42115,11668,628,0.11),(42116,11668,629,40.99),(42117,11668,630,3.36),(42118,11668,633,37.87),(42119,11668,634,35.68),(42120,11668,631,38.42),(42121,11668,632,5.28),(42122,11669,624,6.78),(42123,11669,623,81.4),(42124,11669,625,123.8),(42125,11669,612,6.48),(42126,11669,626,0.95),(42127,11669,627,0.83),(42128,11669,628,0.01),(42129,11669,629,29.06),(42130,11669,630,9.62),(42131,11669,633,173.15),(42132,11669,634,174),(42133,11669,631,4.04),(42134,11669,632,0),(42135,11670,624,6.6),(42136,11670,623,79.8),(42137,11670,625,165.6),(42138,11670,612,6.49),(42139,11670,626,1.91),(42140,11670,627,0.77),(42141,11670,628,0.15),(42142,11670,629,44.29),(42143,11670,630,8.73),(42144,11670,633,127.3),(42145,11670,634,128.3),(42146,11670,631,3.31),(42147,11670,632,1.48),(42148,11671,624,8.51),(42149,11671,623,104.3),(42150,11671,625,751.8),(42151,11671,612,7.91),(42152,11671,626,1.2),(42153,11671,627,0.4),(42154,11671,628,0),(42155,11671,629,25.93),(42156,11671,630,0),(42157,11671,633,133.11),(42158,11671,634,128.37),(42159,11671,631,113.02),(42160,11671,632,34.36),(42161,11672,624,6.14),(42162,11672,623,76.9),(42163,11672,625,881.6),(42164,11672,612,7.42),(42165,11672,626,3.72),(42166,11672,627,0.9),(42167,11672,628,0.4),(42168,11672,629,92.3),(42169,11672,630,1.09),(42170,11672,633,145.16),(42171,11672,634,141.18),(42172,11672,631,91.91),(42173,11672,632,53.45),(42174,11673,624,7.24),(42175,11673,623,36.7),(42176,11673,625,412.5),(42177,11673,612,7.2),(42178,11673,626,1.02),(42179,11673,627,0.38),(42180,11673,628,0.17),(42181,11673,629,22.73),(42182,11673,630,3.88),(42183,11673,633,218.74),(42184,11673,634,205.16),(42185,11673,631,156.65),(42186,11673,632,17.35),(42187,11674,624,8.16),(42188,11674,623,100),(42189,11674,625,672.2),(42190,11674,612,7.87),(42191,11674,626,1.24),(42192,11674,627,0.6),(42193,11674,628,0.21),(42194,11674,629,29.6),(42195,11674,630,0),(42196,11674,633,136),(42197,11674,634,130.04),(42198,11674,631,101.64),(42199,11674,632,18.65),(42200,11675,624,5.5),(42201,11675,623,63.2),(42202,11675,625,343.8),(42203,11675,612,6.73),(42204,11675,626,0.68),(42205,11675,627,0.5),(42206,11675,628,0.2),(42207,11675,629,33.9),(42208,11675,630,3.35),(42209,11675,633,129.81),(42210,11675,634,133.08),(42211,11675,631,172.16),(42212,11675,632,0.65),(42213,11676,624,8.49),(42214,11676,623,104.2),(42215,11676,625,256.4),(42216,11676,612,6.81),(42217,11676,626,0.43),(42218,11676,627,0.22),(42219,11676,628,0),(42220,11676,629,21.24),(42221,11676,630,5.91),(42222,11676,633,127.47),(42223,11676,634,120.73),(42224,11676,631,67.69),(42225,11676,632,1.48),(42226,11677,624,8.5),(42227,11677,623,103.2),(42228,11677,625,246.8),(42229,11677,612,6.64),(42230,11677,626,0.58),(42231,11677,627,0.49),(42232,11677,628,0),(42233,11677,629,20.38),(42234,11677,630,4.94),(42235,11677,633,149.39),(42236,11677,634,155.31),(42237,11677,631,48.74),(42238,11677,632,1.9),(42239,11678,624,4.58),(42240,11678,623,54.5),(42241,11678,625,-77.59),(42242,11678,612,3.82),(42243,11678,626,0.86),(42244,11678,627,0.4),(42245,11678,628,0.19),(42246,11678,629,20.51),(42247,11678,630,3.73),(42248,11678,633,217.55),(42249,11678,634,211.97),(42250,11678,631,215.84),(42251,11678,632,0.76),(42252,11679,624,7.6),(42253,11679,623,90.7),(42254,11679,625,872.2),(42255,11679,612,7.24),(42256,11679,626,1.09),(42257,11679,627,0.9),(42258,11679,628,0.41),(42259,11679,629,22.85),(42260,11679,630,18.52),(42261,11679,633,228.82),(42262,11679,634,211.36),(42263,11679,631,94.49),(42264,11679,632,1.86),(42265,11680,624,6.87),(42266,11680,623,86.8),(42267,11680,625,580),(42268,11680,612,7.11),(42269,11680,626,0.92),(42270,11680,627,0.39),(42271,11680,628,0.03),(42272,11680,629,19.24),(42273,11680,630,3.6),(42274,11680,633,186.49),(42275,11680,634,191.35),(42276,11680,631,80.59),(42277,11680,632,1.11),(42278,11681,624,6.21),(42279,11681,623,78.1),(42280,11681,625,706.6),(42281,11681,612,7.14),(42282,11681,626,1.11),(42283,11681,627,0.62),(42284,11681,628,0.09),(42285,11681,629,21.04),(42286,11681,630,2.98),(42287,11681,633,188.51),(42288,11681,634,189.83),(42289,11681,631,75.76),(42290,11681,632,4.23),(42291,11682,624,5.54),(42292,11682,623,68.9),(42293,11682,625,713.2),(42294,11682,612,6.98),(42295,11682,626,1.19),(42296,11682,627,0.73),(42297,11682,628,0.13),(42298,11682,629,26.01),(42299,11682,630,2.77),(42300,11682,633,203.15),(42301,11682,634,197.21),(42302,11682,631,79.63),(42303,11682,632,6.63),(42304,11683,624,7.17),(42305,11683,623,81.2),(42306,11683,625,167.7),(42307,11683,612,6.67),(42308,11683,626,0.99),(42309,11683,627,0.7),(42310,11683,628,0.27),(42311,11683,629,28.79),(42312,11683,630,9.21),(42313,11683,633,150.94),(42314,11683,634,161.51),(42315,11683,631,115.97),(42316,11683,632,0),(42317,11684,624,7.21),(42318,11684,623,85.5),(42319,11684,625,230.2),(42320,11684,612,6.68),(42321,11684,626,0.86),(42322,11684,627,0.28),(42323,11684,628,0.08),(42324,11684,629,38.35),(42325,11684,630,7.82),(42326,11684,633,173.63),(42327,11684,634,173.58),(42328,11684,631,117.15),(42329,11684,632,1.43),(42330,11685,624,7.32),(42331,11685,623,84.7),(42332,11685,625,771),(42333,11685,612,7.37),(42334,11685,626,2.85),(42335,11685,627,1.17),(42336,11685,628,0.23),(42337,11685,629,26.38),(42338,11685,630,17.19),(42339,11685,633,110.35),(42340,11685,634,94.97),(42341,11685,631,214.7),(42342,11685,632,5.33),(42343,11686,624,6.72),(42344,11686,623,77.1),(42345,11686,625,762),(42346,11686,612,7.15),(42347,11686,626,3.55),(42348,11686,627,1.65),(42349,11686,628,0.36),(42350,11686,629,34.07),(42351,11686,630,21.51),(42352,11686,633,100.04),(42353,11686,634,63.54),(42354,11686,631,223.26),(42355,11686,632,8.8),(42356,11687,624,6.28),(42357,11687,623,71.4),(42358,11687,625,506.4),(42359,11687,612,7.1),(42360,11687,626,2.5),(42361,11687,627,0.87),(42362,11687,628,0.1),(42363,11687,629,29.84),(42364,11687,630,13.79),(42365,11687,633,67.51),(42366,11687,634,65.04),(42367,11687,631,201.43),(42368,11687,632,9.69),(42369,11688,624,7),(42370,11688,623,81),(42371,11688,625,883),(42372,11688,612,7.59),(42373,11688,626,2.84),(42374,11688,627,0.93),(42375,11688,628,0.11),(42376,11688,629,30.32),(42377,11688,630,21.11),(42378,11688,633,79.05),(42379,11688,634,80.68),(42380,11688,631,235.22),(42381,11688,632,12.19),(42382,11689,624,5.57),(42383,11689,623,63.1),(42384,11689,625,331.5),(42385,11689,612,6.58),(42386,11689,626,2.03),(42387,11689,627,0.62),(42388,11689,628,0.11),(42389,11689,629,26.94),(42390,11689,630,14.59),(42391,11689,633,106.18),(42392,11689,634,58.56),(42393,11689,631,276.64),(42394,11689,632,0.9),(42395,11690,624,7.92),(42396,11690,623,90.4),(42397,11690,625,383.3),(42398,11690,612,6.88),(42399,11690,626,0.24),(42400,11690,627,0.16),(42401,11690,628,0.07),(42402,11690,629,17.93),(42403,11690,630,0),(42404,11690,633,47.17),(42405,11690,634,49.55),(42406,11690,631,90.42),(42407,11690,632,1.89),(42408,11691,624,8.05),(42409,11691,623,93.9),(42410,11691,625,278.3),(42411,11691,612,6.7),(42412,11691,626,0.26),(42413,11691,627,0.19),(42414,11691,628,0.08),(42415,11691,629,19.57),(42416,11691,630,0),(42417,11691,633,45.06),(42418,11691,634,33.09),(42419,11691,631,69.3),(42420,11691,632,1.67),(42421,11692,624,6.88),(42422,11692,623,77.7),(42423,11692,625,-33.3),(42424,11692,612,4.22),(42425,11692,626,1.52),(42426,11692,627,0.46),(42427,11692,628,0.73),(42428,11692,629,19.21),(42429,11692,630,6.86),(42430,11692,633,143.8),(42431,11692,634,148.88),(42432,11692,631,219.82),(42433,11692,632,1.17),(42434,11693,624,9.94),(42435,11693,623,115.2),(42436,11693,625,946.1),(42437,11693,612,7.36),(42438,11693,626,2.04),(42439,11693,627,0.65),(42440,11693,628,0.17),(42441,11693,629,15.14),(42442,11693,630,10.2),(42443,11693,633,99.63),(42444,11693,634,102.95),(42445,11693,631,133.84),(42446,11693,632,1.36),(42447,11694,624,7.86),(42448,11694,623,91.5),(42449,11694,625,744.8),(42450,11694,612,7.31),(42451,11694,626,0.76),(42452,11694,627,0.55),(42453,11694,628,0.12),(42454,11694,629,17.34),(42455,11694,630,0),(42456,11694,633,109.65),(42457,11694,634,66.86),(42458,11694,631,60.7),(42459,11694,632,15.84),(42460,11695,624,8.6),(42461,11695,623,101),(42462,11695,625,836.1),(42463,11695,612,7.25),(42464,11695,626,0.73),(42465,11695,627,0.34),(42466,11695,628,0.15),(42467,11695,629,18.17),(42468,11695,630,0),(42469,11695,633,74.68),(42470,11695,634,58.22),(42471,11695,631,71.85),(42472,11695,632,6.86),(42473,11696,624,9.06),(42474,11696,623,105.6),(42475,11696,625,863.4),(42476,11696,612,7.3),(42477,11696,626,1.19),(42478,11696,627,0.55),(42479,11696,628,0.07),(42480,11696,629,18.52),(42481,11696,630,0),(42482,11696,633,121.8),(42483,11696,634,65.83),(42484,11696,631,82.77),(42485,11696,632,9.93),(42486,11697,624,8.66),(42487,11697,623,97.6),(42488,11697,625,238.8),(42489,11697,612,7.73),(42490,11697,626,1.8),(42491,11697,627,1.45),(42492,11697,628,0.14),(42493,11697,629,19.7),(42494,11697,630,13.16),(42495,11697,633,59.97),(42496,11697,634,57.99),(42497,11697,631,239.34),(42498,11697,632,1.56),(42499,11698,624,7.12),(42500,11698,623,81.2),(42501,11698,625,281.6),(42502,11698,612,6.53),(42503,11698,626,0.96),(42504,11698,627,0.77),(42505,11698,628,0.22),(42506,11698,629,36.26),(42507,11698,630,12.1),(42508,11698,633,97.33),(42509,11698,634,95.17),(42510,11698,631,229.1),(42511,11698,632,9.66),(42512,11699,624,7.29),(42513,11699,623,87.1),(42514,11699,625,864),(42515,11699,612,8.07),(42516,11699,626,2.46),(42517,11699,627,1.09),(42518,11699,628,0.37),(42519,11699,629,24.69),(42520,11699,630,7.48),(42521,11699,633,88.17),(42522,11699,634,86.18),(42523,11699,631,181.45),(42524,11699,632,12.55),(42525,11700,624,6.54),(42526,11700,623,77),(42527,11700,625,833.1),(42528,11700,612,7.63),(42529,11700,626,3.26),(42530,11700,627,1.46),(42531,11700,628,0.5),(42532,11700,629,33.18),(42533,11700,630,6.39),(42534,11700,633,131.09),(42535,11700,634,108),(42536,11700,631,213.55),(42537,11700,632,10.82),(42538,11701,624,6.42),(42539,11701,623,75.2),(42540,11701,625,408),(42541,11701,612,7.06),(42542,11701,626,1.64),(42543,11701,627,0.53),(42544,11701,628,0),(42545,11701,629,29.97),(42546,11701,630,12.4),(42547,11701,633,88.67),(42548,11701,634,90.77),(42549,11701,631,219.1),(42550,11701,632,11.07),(42551,11702,624,7.07),(42552,11702,623,87),(42553,11702,625,854.1),(42554,11702,612,7.64),(42555,11702,626,3.22),(42556,11702,627,1.05),(42557,11702,628,0.33),(42558,11702,629,23.3),(42559,11702,630,5.16),(42560,11702,633,105.5),(42561,11702,634,75.53),(42562,11702,631,214.85),(42563,11702,632,19.55),(42564,11703,624,5.05),(42565,11703,623,57.5),(42566,11703,625,364.1),(42567,11703,612,6.8),(42568,11703,626,2.74),(42569,11703,627,1.18),(42570,11703,628,0.3),(42571,11703,629,36.54),(42572,11703,630,29.73),(42573,11703,633,143.13),(42574,11703,634,129.85),(42575,11703,631,267.57),(42576,11703,632,0.62),(42577,11704,624,7.25),(42578,11704,623,87.7),(42579,11704,625,252.3),(42580,11704,612,7.05),(42581,11704,626,0),(42582,11704,627,0),(42583,11704,628,0),(42584,11704,629,21.65),(42585,11704,630,0),(42586,11704,633,48.96),(42587,11704,634,47.05),(42588,11704,631,26.23),(42589,11704,632,1.14),(42590,11705,624,7.48),(42591,11705,623,91.7),(42592,11705,625,237.4),(42593,11705,612,6.87),(42594,11705,626,0),(42595,11705,627,0),(42596,11705,628,0),(42597,11705,629,22.01),(42598,11705,630,0),(42599,11705,633,43.21),(42600,11705,634,37.46),(42601,11705,631,16.63),(42602,11705,632,1.74),(42603,11706,624,5.6),(42604,11706,623,67.1),(42605,11706,625,-46.57),(42606,11706,612,4.27),(42607,11706,626,0.94),(42608,11706,627,0.84),(42609,11706,628,0),(42610,11706,629,21.09),(42611,11706,630,4.77),(42612,11706,633,123.19),(42613,11706,634,120.93),(42614,11706,631,222.19),(42615,11706,632,1.8),(42616,11707,624,7.11),(42617,11707,623,89.6),(42618,11707,625,917.9),(42619,11707,612,7.47),(42620,11707,626,0.39),(42621,11707,627,0),(42622,11707,628,0),(42623,11707,629,20.9),(42624,11707,630,4.11),(42625,11707,633,82.54),(42626,11707,634,81.9),(42627,11707,631,100.46),(42628,11707,632,1.3),(42629,11708,624,7.1),(42630,11708,623,86.7),(42631,11708,625,820),(42632,11708,612,7.45),(42633,11708,626,0.65),(42634,11708,627,0),(42635,11708,628,0),(42636,11708,629,19.4),(42637,11708,630,1.47),(42638,11708,633,69.63),(42639,11708,634,73.98),(42640,11708,631,98.03),(42641,11708,632,0),(42642,11709,624,6.84),(42643,11709,623,85),(42644,11709,625,874.4),(42645,11709,612,7.33),(42646,11709,626,0.44),(42647,11709,627,0),(42648,11709,628,0),(42649,11709,629,17.19),(42650,11709,630,0),(42651,11709,633,106.32),(42652,11709,634,71.12),(42653,11709,631,69.8),(42654,11709,632,6.52),(42655,11710,624,6.2),(42656,11710,623,76.2),(42657,11710,625,946.6),(42658,11710,612,7.18),(42659,11710,626,2),(42660,11710,627,0.39),(42661,11710,628,0),(42662,11710,629,21.09),(42663,11710,630,0),(42664,11710,633,82.1),(42665,11710,634,62.32),(42666,11710,631,63.4),(42667,11710,632,5.51),(42668,11711,624,6.78),(42669,11711,623,77.7),(42670,11711,625,217.3),(42671,11711,612,6.64),(42672,11711,626,1.03),(42673,11711,627,0),(42674,11711,628,0),(42675,11711,629,24.39),(42676,11711,630,14.45),(42677,11711,633,25.77),(42678,11711,634,15.12),(42679,11711,631,242.81),(42680,11711,632,1.24),(42681,11712,624,5.4),(42682,11712,623,61.8),(42683,11712,625,438.5),(42684,11712,612,6.75),(42685,11712,626,4.71),(42686,11712,627,1.67),(42687,11712,628,0.6),(42688,11712,629,78.72),(42689,11712,630,9.97),(42690,11712,633,128.58),(42691,11712,634,78.27),(42692,11712,631,240.06),(42693,11712,632,3.59),(42694,11713,624,9.34),(42695,11713,623,111.8),(42696,11713,625,875),(42697,11713,612,8.63),(42698,11713,626,2.31),(42699,11713,627,1.1),(42700,11713,628,0),(42701,11713,629,4.89),(42702,11713,630,0),(42703,11713,633,83.81),(42704,11713,634,53.76),(42705,11713,631,207.33),(42706,11713,632,24.65),(42707,11714,624,8.9),(42708,11714,623,106.6),(42709,11714,625,862.4),(42710,11714,612,8.6),(42711,11714,626,2.57),(42712,11714,627,1.18),(42713,11714,628,0.34),(42714,11714,629,11.02),(42715,11714,630,0),(42716,11714,633,84.86),(42717,11714,634,56.75),(42718,11714,631,205.14),(42719,11714,632,21.25),(42720,11715,624,6.6),(42721,11715,623,78.7),(42722,11715,625,593),(42723,11715,612,7.26),(42724,11715,626,1.75),(42725,11715,627,1.05),(42726,11715,628,0),(42727,11715,629,2.79),(42728,11715,630,7.03),(42729,11715,633,71.17),(42730,11715,634,59.25),(42731,11715,631,205.3),(42732,11715,632,10.97),(42733,11716,624,8.86),(42734,11716,623,106),(42735,11716,625,842.9),(42736,11716,612,8.31),(42737,11716,626,2.24),(42738,11716,627,1.04),(42739,11716,628,0),(42740,11716,629,0.34),(42741,11716,630,0),(42742,11716,633,76.12),(42743,11716,634,16.48),(42744,11716,631,205.68),(42745,11716,632,13),(42746,11717,624,4.27),(42747,11717,623,50.6),(42748,11717,625,360.5),(42749,11717,612,6.77),(42750,11717,626,5.79),(42751,11717,627,3.73),(42752,11717,628,1.66),(42753,11717,629,74.26),(42754,11717,630,42.45),(42755,11717,633,245.48),(42756,11717,634,253.1),(42757,11717,631,342.37),(42758,11717,632,9.05),(42759,11718,624,7.99),(42760,11718,623,96.8),(42761,11718,625,257.4),(42762,11718,612,7.03),(42763,11718,626,0.48),(42764,11718,627,0.34),(42765,11718,628,0),(42766,11718,629,0),(42767,11718,630,0),(42768,11718,633,67.63),(42769,11718,634,58.22),(42770,11718,631,5.72),(42771,11718,632,2.48),(42772,11719,624,7.67),(42773,11719,623,92.3),(42774,11719,625,230.1),(42775,11719,612,6.92),(42776,11719,626,0.89),(42777,11719,627,0.47),(42778,11719,628,0),(42779,11719,629,0),(42780,11719,630,0),(42781,11719,633,43.27),(42782,11719,634,39.88),(42783,11719,631,0),(42784,11719,632,2.33),(42785,11720,624,6.76),(42786,11720,623,80),(42787,11720,625,-28.26),(42788,11720,612,3.93),(42789,11720,626,1.14),(42790,11720,627,1.46),(42791,11720,628,1.29),(42792,11720,629,0),(42793,11720,630,4.36),(42794,11720,633,292.63),(42795,11720,634,113.93),(42796,11720,631,223.68),(42797,11720,632,0.2),(42798,11721,624,7.53),(42799,11721,623,96.1),(42800,11721,625,800.6),(42801,11721,612,7.31),(42802,11721,626,1.62),(42803,11721,627,0.67),(42804,11721,628,0.54),(42805,11721,629,0),(42806,11721,630,1.73),(42807,11721,633,113.21),(42808,11721,634,70.26),(42809,11721,631,65.51),(42810,11721,632,6.15),(42811,11722,624,7.24),(42812,11722,623,86.9),(42813,11722,625,839.9),(42814,11722,612,7.83),(42815,11722,626,0.48),(42816,11722,627,0.73),(42817,11722,628,0),(42818,11722,629,0),(42819,11722,630,0),(42820,11722,633,68.89),(42821,11722,634,70.64),(42822,11722,631,68.15),(42823,11722,632,4.66),(42824,11723,624,7.28),(42825,11723,623,88),(42826,11723,625,886.9),(42827,11723,612,7.43),(42828,11723,626,0.88),(42829,11723,627,0.87),(42830,11723,628,0),(42831,11723,629,0),(42832,11723,630,0),(42833,11723,633,65.91),(42834,11723,634,61.8),(42835,11723,631,70.55),(42836,11723,632,8.65),(42837,11724,624,7.03),(42838,11724,623,84.4),(42839,11724,625,910.6),(42840,11724,612,7.69),(42841,11724,626,1.16),(42842,11724,627,1.28),(42843,11724,628,0),(42844,11724,629,0),(42845,11724,630,0),(42846,11724,633,73.46),(42847,11724,634,61.11),(42848,11724,631,80.51),(42849,11724,632,0),(42850,11725,624,7.22),(42851,11725,623,88.1),(42852,11725,625,177.2),(42853,11725,612,6.71),(42854,11725,626,2.27),(42855,11725,627,0.76),(42856,11725,628,0.33),(42857,11725,629,1.41),(42858,11725,630,3.14),(42859,11725,633,22.37),(42860,11725,634,13.44),(42861,11725,631,300.75),(42862,11725,632,0.68),(42863,11726,624,6.99),(42864,11726,623,84.8),(42865,11726,625,363.6),(42866,11726,612,7.02),(42867,11726,626,1.09),(42868,11726,627,0.9),(42869,11726,628,0.67),(42870,11726,629,19.82),(42871,11726,630,11.24),(42872,11726,633,30.27),(42873,11726,634,33.43),(42874,11726,631,283.32),(42875,11726,632,1.18),(42876,11727,624,7.51),(42877,11727,623,90.7),(42878,11727,625,973.5),(42879,11727,612,8.18),(42880,11727,626,2.2),(42881,11727,627,1.26),(42882,11727,628,0),(42883,11727,629,6.53),(42884,11727,630,0),(42885,11727,633,38.45),(42886,11727,634,18.29),(42887,11727,631,107.82),(42888,11727,632,34.09),(42889,11728,624,7.43),(42890,11728,623,89.5),(42891,11728,625,882.6),(42892,11728,612,7.98),(42893,11728,626,4.1),(42894,11728,627,1.43),(42895,11728,628,0.31),(42896,11728,629,1.29),(42897,11728,630,0),(42898,11728,633,60.09),(42899,11728,634,27.78),(42900,11728,631,116.8),(42901,11728,632,33.15),(42902,11729,624,6.65),(42903,11729,623,80),(42904,11729,625,650.1),(42905,11729,612,7.19),(42906,11729,626,1.46),(42907,11729,627,1.04),(42908,11729,628,0),(42909,11729,629,2.01),(42910,11729,630,0),(42911,11729,633,21.41),(42912,11729,634,14.4),(42913,11729,631,149.32),(42914,11729,632,17.73),(42915,11730,624,7.04),(42916,11730,623,84.8),(42917,11730,625,831.7),(42918,11730,612,7.9),(42919,11730,626,2.07),(42920,11730,627,1.27),(42921,11730,628,0),(42922,11730,629,0.56),(42923,11730,630,0),(42924,11730,633,64.57),(42925,11730,634,22.64),(42926,11730,631,150.33),(42927,11730,632,29.03),(42928,11731,624,3.68),(42929,11731,623,43.1),(42930,11731,625,342.5),(42931,11731,612,6.64),(42932,11731,626,2.44),(42933,11731,627,1.26),(42934,11731,628,0.3),(42935,11731,629,12.14),(42936,11731,630,8.67),(42937,11731,633,63.02),(42938,11731,634,29.4),(42939,11731,631,244.59),(42940,11731,632,3.9),(42941,11732,624,6.61),(42942,11732,623,81.5),(42943,11732,625,207.7),(42944,11732,612,6.88),(42945,11732,626,0.56),(42946,11732,627,0.58),(42947,11732,628,0),(42948,11732,629,1.55),(42949,11732,630,0),(42950,11732,633,34.15),(42951,11732,634,10.93),(42952,11732,631,14.02),(42953,11732,632,1.33),(42954,11733,624,6.89),(42955,11733,623,85),(42956,11733,625,166.2),(42957,11733,612,6.85),(42958,11733,626,0.76),(42959,11733,627,0.67),(42960,11733,628,0),(42961,11733,629,3.16),(42962,11733,630,0),(42963,11733,633,41.32),(42964,11733,634,35.82),(42965,11733,631,20.51),(42966,11733,632,1.23),(42967,11734,624,6.17),(42968,11734,623,74.8),(42969,11734,625,-65.4),(42970,11734,612,4.23),(42971,11734,626,1.29),(42972,11734,627,1.04),(42973,11734,628,0.72),(42974,11734,629,0.79),(42975,11734,630,2.01),(42976,11734,633,115.25),(42977,11734,634,93.96),(42978,11734,631,198.15),(42979,11734,632,3.04),(42980,11735,624,6.09),(42981,11735,623,79.6),(42982,11735,625,850.3),(42983,11735,612,7.64),(42984,11735,626,1.39),(42985,11735,627,0.6),(42986,11735,628,0.3),(42987,11735,629,2.29),(42988,11735,630,0),(42989,11735,633,27.84),(42990,11735,634,32.59),(42991,11735,631,60.62),(42992,11735,632,0.8),(42993,11736,624,6.6),(42994,11736,623,80.5),(42995,11736,625,816),(42996,11736,612,7.53),(42997,11736,626,1.17),(42998,11736,627,0.54),(42999,11736,628,0),(43000,11736,629,2.07),(43001,11736,630,0),(43002,11736,633,109.12),(43003,11736,634,66.39),(43004,11736,631,57.18),(43005,11736,632,0.71),(43006,11737,624,6.36),(43007,11737,623,77.8),(43008,11737,625,838),(43009,11737,612,7.47),(43010,11737,626,1.39),(43011,11737,627,0.92),(43012,11737,628,0),(43013,11737,629,2.29),(43014,11737,630,0),(43015,11737,633,67.96),(43016,11737,634,55.5),(43017,11737,631,63.85),(43018,11737,632,0),(43019,11738,624,6.25),(43020,11738,623,76.8),(43021,11738,625,911.1),(43022,11738,612,7.37),(43023,11738,626,1.92),(43024,11738,627,0.87),(43025,11738,628,0),(43026,11738,629,0.98),(43027,11738,630,0),(43028,11738,633,65.63),(43029,11738,634,81.08),(43030,11738,631,65.51),(43031,11738,632,0),(43032,11739,624,6.67),(43033,11739,623,80.8),(43034,11739,625,222.3),(43035,11739,612,6.95),(43036,11739,626,1.55),(43037,11739,627,0.81),(43038,11739,628,0),(43039,11739,629,6.55),(43040,11739,630,5.39),(43041,11739,633,15.65),(43042,11739,634,15.22),(43043,11739,631,182.25),(43044,11739,632,0),(43045,11740,624,5.39),(43046,11740,623,68.1),(43047,11740,625,810.7),(43048,11740,612,7.29),(43049,11740,626,2.75),(43050,11740,627,1.25),(43051,11740,628,0.69),(43052,11740,629,94.06),(43053,11740,630,24.15),(43054,11740,633,179.95),(43055,11740,634,154.08),(43056,11740,631,253.72),(43057,11740,632,0),(43058,11741,624,6.97),(43059,11741,623,85.8),(43060,11741,625,1145),(43061,11741,612,8.15),(43062,11741,626,2.1),(43063,11741,627,1.25),(43064,11741,628,0.62),(43065,11741,629,15.57),(43066,11741,630,0),(43067,11741,633,66.3),(43068,11741,634,58.59),(43069,11741,631,40.14),(43070,11741,632,58.87),(43071,11742,624,5.67),(43072,11742,623,69.9),(43073,11742,625,1050),(43074,11742,612,7.38),(43075,11742,626,5.03),(43076,11742,627,2.05),(43077,11742,628,0.78),(43078,11742,629,49.82),(43079,11742,630,1.51),(43080,11742,633,146.33),(43081,11742,634,83.4),(43082,11742,631,39.52),(43083,11742,632,30.48),(43084,11743,624,6),(43085,11743,623,72),(43086,11743,625,790.8),(43087,11743,612,7.31),(43088,11743,626,2.75),(43089,11743,627,1.14),(43090,11743,628,0.42),(43091,11743,629,18.64),(43092,11743,630,4.66),(43093,11743,633,69.93),(43094,11743,634,48.77),(43095,11743,631,114.9),(43096,11743,632,26.72),(43097,11744,624,6.09),(43098,11744,623,74.3),(43099,11744,625,1085),(43100,11744,612,7.51),(43101,11744,626,2.21),(43102,11744,627,1.55),(43103,11744,628,0.35),(43104,11744,629,27.83),(43105,11744,630,0),(43106,11744,633,92.05),(43107,11744,634,43.44),(43108,11744,631,30.49),(43109,11744,632,26.87),(43110,11745,624,3.19),(43111,11745,623,38.9),(43112,11745,625,727.8),(43113,11745,612,6.64),(43114,11745,626,4.15),(43115,11745,627,1.99),(43116,11745,628,0.99),(43117,11745,629,57.51),(43118,11745,630,33.45),(43119,11745,633,135.18),(43120,11745,634,106.49),(43121,11745,631,253.39),(43122,11745,632,6.92),(43123,11746,624,6.56),(43124,11746,623,80.8),(43125,11746,625,230.3),(43126,11746,612,6.9),(43127,11746,626,0.72),(43128,11746,627,0.66),(43129,11746,628,0),(43130,11746,629,19.99),(43131,11746,630,0),(43132,11746,633,47.67),(43133,11746,634,34.32),(43134,11746,631,27.69),(43135,11746,632,2.72),(43136,11747,624,6.06),(43137,11747,623,72.2),(43138,11747,625,230.5),(43139,11747,612,6.49),(43140,11747,626,0.7),(43141,11747,627,0.49),(43142,11747,628,0),(43143,11747,629,15.4),(43144,11747,630,0),(43145,11747,633,47.46),(43146,11747,634,51.38),(43147,11747,631,29.76),(43148,11747,632,2.2),(43149,11748,624,5.93),(43150,11748,623,73.4),(43151,11748,625,110.4),(43152,11748,612,4.46),(43153,11748,626,1.44),(43154,11748,627,0.87),(43155,11748,628,0.4),(43156,11748,629,12.8),(43157,11748,630,5.97),(43158,11748,633,108.1),(43159,11748,634,115.79),(43160,11748,631,213.14),(43161,11748,632,2.1),(43162,11749,624,6.63),(43163,11749,623,89.8),(43164,11749,625,909.5),(43165,11749,612,7.71),(43166,11749,626,1.09),(43167,11749,627,0.62),(43168,11749,628,0.31),(43169,11749,629,16.3),(43170,11749,630,0),(43171,11749,633,103.33),(43172,11749,634,60.9),(43173,11749,631,52.45),(43174,11749,632,0.51),(43175,11750,624,7.49),(43176,11750,623,94.4),(43177,11750,625,912.4),(43178,11750,612,7.49),(43179,11750,626,0.7),(43180,11750,627,0.44),(43181,11750,628,0),(43182,11750,629,15.05),(43183,11750,630,0),(43184,11750,633,56.41),(43185,11750,634,44.95),(43186,11750,631,52.62),(43187,11750,632,0.07),(43188,11751,624,6.73),(43189,11751,623,84.4),(43190,11751,625,912.7),(43191,11751,612,7.24),(43192,11751,626,1.36),(43193,11751,627,1.1),(43194,11751,628,0.3),(43195,11751,629,20.15),(43196,11751,630,0),(43197,11751,633,49.93),(43198,11751,634,44.19),(43199,11751,631,69.49),(43200,11751,632,3.67),(43201,11752,624,5.79),(43202,11752,623,78),(43203,11752,625,1124),(43204,11752,612,7.55),(43205,11752,626,1.73),(43206,11752,627,1.38),(43207,11752,628,0.37),(43208,11752,629,15.5),(43209,11752,630,0),(43210,11752,633,49.46),(43211,11752,634,57.48),(43212,11752,631,62.25),(43213,11752,632,7.52),(43214,11753,624,6.84),(43215,11753,623,81.96),(43216,11753,625,250.3),(43217,11753,612,6.66),(43218,11753,626,1.5),(43219,11753,627,1.24),(43220,11753,628,0.37),(43221,11753,629,17.06),(43222,11753,630,13.22),(43223,11753,633,19.12),(43224,11753,634,16.94),(43225,11753,631,89.84),(43226,11753,632,2.24),(43227,11754,624,5.1),(43228,11754,623,62),(43229,11754,625,538.5),(43230,11754,612,6.83),(43231,11754,626,3.94),(43232,11754,627,2.04),(43233,11754,628,0.9),(43234,11754,629,76.29),(43235,11754,630,10.76),(43236,11754,633,90.38),(43237,11754,634,82.39),(43238,11754,631,187.25),(43239,11754,632,7.41),(43240,11755,624,7.8),(43241,11755,623,90.3),(43242,11755,625,1015),(43243,11755,612,8.22),(43244,11755,626,3.06),(43245,11755,627,1.04),(43246,11755,628,0),(43247,11755,629,2.09),(43248,11755,630,0),(43249,11755,633,71.47),(43250,11755,634,33.94),(43251,11755,631,75.13),(43252,11755,632,52.95),(43253,11756,624,6.68),(43254,11756,623,85.3),(43255,11756,625,1015),(43256,11756,612,7.43),(43257,11756,626,3.27),(43258,11756,627,1.27),(43259,11756,629,7.02),(43260,11756,630,0),(43261,11756,633,75.94),(43262,11756,634,33.54),(43263,11756,631,77.51),(43264,11756,632,54.93),(43265,11757,624,4.33),(43266,11757,623,54.8),(43267,11757,625,722.5),(43268,11757,612,6.67),(43269,11757,626,2.32),(43270,11757,627,2.05),(43271,11757,628,0.4),(43272,11757,629,0),(43273,11757,630,0),(43274,11757,633,45.93),(43275,11757,634,28.98),(43276,11757,631,138.76),(43277,11757,632,18.47),(43278,11758,624,6.6),(43279,11758,623,83.8),(43280,11758,625,962.8),(43281,11758,612,7.51),(43282,11758,626,3.32),(43283,11758,627,0.88),(43284,11758,628,0),(43285,11758,629,1.44),(43286,11758,630,0),(43287,11758,633,61.55),(43288,11758,634,40.71),(43289,11758,631,84.65),(43290,11758,632,49.22),(43291,11759,624,0.97),(43292,11759,623,12),(43293,11759,625,513.7),(43294,11759,612,6.05),(43295,11759,626,3.64),(43296,11759,627,1.16),(43297,11759,628,1.3),(43298,11759,629,33.08),(43299,11759,630,21.29),(43300,11759,633,146.73),(43301,11759,634,120.95),(43302,11759,631,408.98),(43303,11759,632,0.52),(43304,11760,624,7.26),(43305,11760,623,91.5),(43306,11760,625,256),(43307,11760,612,6.6),(43308,11760,626,0.5),(43309,11760,627,0),(43310,11760,628,0),(43311,11760,629,3.37),(43312,11760,630,0),(43313,11760,633,66.05),(43314,11760,634,30.63),(43315,11760,631,142.28),(43316,11760,632,4.66),(43317,11761,624,7.23),(43318,11761,623,89.2),(43319,11761,625,230),(43320,11761,612,6.65),(43321,11761,626,0.42),(43322,11761,627,0),(43323,11761,628,0),(43324,11761,629,4.95),(43325,11761,630,0),(43326,11761,633,33.16),(43327,11761,634,28.33),(43328,11761,631,159.71),(43329,11761,632,4.91),(43330,11762,624,6.8),(43331,11762,623,83.5),(43332,11762,625,-77.05),(43333,11762,612,4.01),(43334,11762,626,1.51),(43335,11762,627,0.79),(43336,11762,628,0.72),(43337,11762,629,5.5),(43338,11762,630,3.6),(43339,11762,633,103.02),(43340,11762,634,102.02),(43341,11762,631,272.04),(43342,11762,632,5.61),(43343,11763,624,6.6),(43344,11763,623,92.1),(43345,11763,625,1078),(43346,11763,612,7.55),(43347,11763,626,2.08),(43348,11763,627,1.62),(43349,11763,628,0.56),(43350,11763,629,0),(43351,11763,630,0),(43352,11763,633,82.25),(43353,11763,634,126.31),(43354,11763,631,66.49),(43355,11763,632,2.66),(43356,11764,624,7.37),(43357,11764,623,94.8),(43358,11764,625,844.3),(43359,11764,612,7.34),(43360,11764,626,0.89),(43361,11764,627,0.61),(43362,11764,628,0),(43363,11764,629,0.94),(43364,11764,630,0),(43365,11764,633,55.71),(43366,11764,634,53.55),(43367,11764,631,151.79),(43368,11764,632,0),(43369,11765,624,6.01),(43370,11765,623,78.5),(43371,11765,625,835.4),(43372,11765,612,7.15),(43373,11765,626,0.89),(43374,11765,627,0.79),(43375,11765,628,0),(43376,11765,629,2.05),(43377,11765,630,0),(43378,11765,633,70.73),(43379,11765,634,54.74),(43380,11765,631,139.65),(43381,11765,632,4.82),(43382,11766,624,8.61),(43383,11766,623,85.1),(43384,11766,625,955.4),(43385,11766,612,7.21),(43386,11766,626,2.09),(43387,11766,627,0.59),(43388,11766,628,0),(43389,11766,629,6.59),(43390,11766,630,0),(43391,11766,633,68.34),(43392,11766,634,53.84),(43393,11766,631,145.95),(43394,11766,632,18.64),(43395,11767,624,7.15),(43396,11767,623,87.5),(43397,11767,625,78.87),(43398,11767,612,6.18),(43399,11767,626,2.09),(43400,11767,627,0.98),(43401,11767,628,0.3),(43402,11767,629,0),(43403,11767,630,7.2),(43404,11767,633,54.64),(43405,11767,634,22.32),(43406,11767,631,292.6),(43407,11767,632,1.5),(43408,11768,624,4.1),(43409,11768,623,58),(43410,11768,625,237.6),(43411,11768,612,6.37),(43412,11768,626,1.98),(43413,11768,627,0.93),(43414,11768,628,0.36),(43415,11768,629,1.13),(43416,11768,630,6.83),(43417,11768,633,55.73),(43418,11768,634,36.79),(43419,11768,631,292.02),(43420,11768,632,0.71),(43421,11769,624,7),(43422,11769,623,92.9),(43423,11769,625,872.9),(43424,11769,612,8.42),(43425,11769,626,4.55),(43426,11769,627,1.24),(43427,11769,628,0.57),(43428,11769,629,14.69),(43429,11769,630,0),(43430,11769,633,80.69),(43431,11769,634,42.3),(43432,11769,631,27.46),(43433,11769,632,51.56),(43434,11770,624,6.26),(43435,11770,623,82.9),(43436,11770,625,906.6),(43437,11770,612,7.46),(43438,11770,626,4.02),(43439,11770,627,1.98),(43440,11770,628,0.68),(43441,11770,629,14.54),(43442,11770,630,0),(43443,11770,633,134.38),(43444,11770,634,51.12),(43445,11770,631,9.96),(43446,11770,632,57.02),(43447,11771,624,6.62),(43448,11771,623,89.5),(43449,11771,625,921.4),(43450,11771,612,7.22),(43451,11771,626,3.04),(43452,11771,627,1.53),(43453,11771,628,0.7),(43454,11771,629,15.76),(43455,11771,630,1.13),(43456,11771,633,70.94),(43457,11771,634,35.15),(43458,11771,631,79.39),(43459,11771,632,34.78),(43460,11772,624,6.48),(43461,11772,623,86.4),(43462,11772,625,791.1),(43463,11772,612,8.11),(43464,11772,626,3.2),(43465,11772,627,1.4),(43466,11772,628,0.71),(43467,11772,629,18.51),(43468,11772,630,0),(43469,11772,633,102.07),(43470,11772,634,54.05),(43471,11772,631,28.96),(43472,11772,632,61.59),(43473,11773,624,6.15),(43474,11773,623,2.2),(43475,11773,625,516.6),(43476,11773,612,6.37),(43477,11773,626,5.92),(43478,11773,627,3.35),(43479,11773,628,1.02),(43480,11773,629,57.31),(43481,11773,630,10.35),(43482,11773,633,168.24),(43483,11773,634,127.7),(43484,11773,631,343.32),(43485,11773,632,6.57),(43486,11774,624,6.42),(43487,11774,623,85.3),(43488,11774,625,221),(43489,11774,612,6.56),(43490,11774,626,0.66),(43491,11774,627,0.52),(43492,11774,628,0),(43493,11774,629,0),(43494,11774,630,0),(43495,11774,633,44.16),(43496,11774,634,15),(43497,11774,631,96.84),(43498,11774,632,1.45),(43499,11775,624,6.3),(43500,11775,623,85.6),(43501,11775,625,218.4),(43502,11775,612,6.51),(43503,11775,626,0.65),(43504,11775,627,0.48),(43505,11775,628,0),(43506,11775,629,6.58),(43507,11775,630,0),(43508,11775,633,49.42),(43509,11775,634,31.51),(43510,11775,631,93.97),(43511,11775,632,1.21),(43512,11776,624,6.09),(43513,11776,623,79.2),(43514,11776,625,-88.39),(43515,11776,612,3.91),(43516,11776,626,1.86),(43517,11776,627,0.94),(43518,11776,628,0.4),(43519,11776,629,1.14),(43520,11776,630,4.04),(43521,11776,633,138.9),(43522,11776,634,113.17),(43523,11776,631,199.6),(43524,11776,632,0.59),(43525,11777,624,5.73),(43526,11777,623,84.5),(43527,11777,625,110.2),(43528,11777,612,7.44),(43529,11777,626,1.74),(43530,11777,627,0.91),(43531,11777,628,0.32),(43532,11777,629,0),(43533,11777,630,0),(43534,11777,633,86.72),(43535,11777,634,80.06),(43536,11777,631,23.32),(43537,11777,632,3.52),(43538,11778,624,6.89),(43539,11778,623,91.9),(43540,11778,625,688),(43541,11778,612,7.32),(43542,11778,626,1.06),(43543,11778,627,0.9),(43544,11778,628,0),(43545,11778,629,5.08),(43546,11778,630,0),(43547,11778,633,75.55),(43548,11778,634,52.45),(43549,11778,631,83.28),(43550,11778,632,4.35),(43551,11779,624,5.42),(43552,11779,623,73.1),(43553,11779,625,633.8),(43554,11779,612,7.21),(43555,11779,626,1.17),(43556,11779,627,0.92),(43557,11779,628,0.31),(43558,11779,629,4.54),(43559,11779,630,0),(43560,11779,633,84.58),(43561,11779,634,88.58),(43562,11779,631,80.97),(43563,11779,632,2.64),(43564,11780,624,5.95),(43565,11780,623,80.1),(43566,11780,625,796.6),(43567,11780,612,7.21),(43568,11780,626,2.13),(43569,11780,627,1.09),(43570,11780,628,0.45),(43571,11780,629,2.5),(43572,11780,630,0),(43573,11780,633,70.98),(43574,11780,634,53.37),(43575,11780,631,93.17),(43576,11780,632,1.21),(43577,11781,624,7.03),(43578,11781,623,92),(43579,11781,625,58.16),(43580,11781,612,6.36),(43581,11781,626,2.66),(43582,11781,627,2.04),(43583,11781,628,0.9),(43584,11781,629,1.91),(43585,11781,630,0),(43586,11781,633,12.84),(43587,11781,634,17.38),(43588,11781,631,227.8),(43589,11781,632,0),(43590,11782,624,6.55),(43591,11782,623,87),(43592,11782,625,137),(43593,11782,612,6.32),(43594,11782,626,3.17),(43595,11782,627,2.74),(43596,11782,628,0.88),(43597,11782,629,6.64),(43598,11782,630,0),(43599,11782,633,35.47),(43600,11782,634,12.59),(43601,11782,631,223.43),(43602,11782,632,1.5),(43603,11783,620,3),(43604,11783,637,2),(43605,11784,620,1),(43606,11784,637,2),(43607,11785,637,1),(43608,11786,620,1),(43609,11787,620,2),(43610,11788,620,2),(43611,11788,637,2),(43612,11783,618,23.9),(43613,11783,619,0.9),(43614,11784,621,3),(43615,11784,622,2.5),(43616,11784,623,80.5),(43617,11784,612,3.96),(43618,11785,621,3),(43619,11785,622,0.7),(43620,11785,618,22.7),(43621,11785,619,3.1),(43622,11785,623,86.9),(43623,11785,612,7.69),(43624,11786,621,1),(43625,11786,622,0.2),(43626,11786,618,23.4),(43627,11786,619,3),(43628,11786,623,87.5),(43629,11786,612,3.8),(43630,11787,621,2.8),(43631,11787,622,0.25),(43632,11787,618,23.7),(43633,11787,619,4.1),(43634,11787,623,89.8),(43635,11787,612,3.79),(43636,11788,621,0.8),(43637,11788,622,0.1),(43638,11788,618,21.6),(43639,11788,619,1.4),(43640,11788,623,91.7),(43641,11788,612,3.82),(43642,11789,620,1),(43643,11789,618,23.9),(43644,11789,619,0.9);
/*!40000 ALTER TABLE `coleta_parametro` ENABLE KEYS */;
UNLOCK TABLES;

--
-- Table structure for table `coleta_parametro_especie`
--

DROP TABLE IF EXISTS `coleta_parametro_especie`;
/*!40101 SET @saved_cs_client     = @@character_set_client */;
/*!40101 SET character_set_client = utf8 */;
CREATE TABLE `coleta_parametro_especie` (
  `id_coleta_parametro_especie` int(11) NOT NULL AUTO_INCREMENT,
  `id_coleta_parametro` int(11) NOT NULL,
  `id_especie` int(11) NOT NULL,
  `quantidade` int(11) NOT NULL DEFAULT '0',
  PRIMARY KEY (`id_coleta_parametro_especie`),
  UNIQUE KEY `id_coleta_parametro_2` (`id_coleta_parametro`,`id_especie`),
  KEY `id_coleta_parametro` (`id_coleta_parametro`),
  KEY `id_especie` (`id_especie`),
  CONSTRAINT `coleta_parametro_especie_ibfk_1` FOREIGN KEY (`id_coleta_parametro`) REFERENCES `coleta_parametro` (`id_coleta_parametro`) ON DELETE CASCADE ON UPDATE CASCADE,
  CONSTRAINT `coleta_parametro_especie_ibfk_2` FOREIGN KEY (`id_especie`) REFERENCES `especie` (`id_especie`) ON DELETE CASCADE ON UPDATE CASCADE
) ENGINE=InnoDB AUTO_INCREMENT=25 DEFAULT CHARSET=utf8;
/*!40101 SET character_set_client = @saved_cs_client */;

--
-- Dumping data for table `coleta_parametro_especie`
--

LOCK TABLES `coleta_parametro_especie` WRITE;
/*!40000 ALTER TABLE `coleta_parametro_especie` DISABLE KEYS */;
INSERT INTO `coleta_parametro_especie` VALUES (1,36934,1,10),(2,36934,2,2),(3,36934,3,5),(4,36935,1,10),(5,36935,2,4),(6,36935,3,2),(7,36936,3,1),(8,43603,1,10),(9,43603,2,2),(10,43603,3,5),(11,43604,4,4),(12,43604,5,5),(13,43605,3,1),(14,43606,4,4),(15,43606,5,2),(16,43607,5,4),(17,43608,2,5),(18,43609,2,2),(19,43609,3,5),(20,43610,2,6),(21,43610,3,1),(22,43611,4,4),(23,43611,5,4),(24,43642,1,10);
/*!40000 ALTER TABLE `coleta_parametro_especie` ENABLE KEYS */;
UNLOCK TABLES;

--
-- Table structure for table `especie`
--

DROP TABLE IF EXISTS `especie`;
/*!40101 SET @saved_cs_client     = @@character_set_client */;
/*!40101 SET character_set_client = utf8 */;
CREATE TABLE `especie` (
  `id_especie` int(11) NOT NULL AUTO_INCREMENT,
  `id_parametro` int(11) NOT NULL,
  `nome` varchar(200) NOT NULL,
  PRIMARY KEY (`id_especie`),
  KEY `id_parametro` (`id_parametro`),
  CONSTRAINT `especie_ibfk_1` FOREIGN KEY (`id_parametro`) REFERENCES `parametro` (`id_parametro`) ON DELETE CASCADE ON UPDATE CASCADE
) ENGINE=InnoDB AUTO_INCREMENT=6 DEFAULT CHARSET=utf8;
/*!40101 SET character_set_client = @saved_cs_client */;

--
-- Dumping data for table `especie`
--

LOCK TABLES `especie` WRITE;
/*!40000 ALTER TABLE `especie` DISABLE KEYS */;
INSERT INTO `especie` VALUES (1,620,'Moina minuta'),(2,620,'D. azureus'),(3,620,'D. birgei'),(4,637,'Erva'),(5,637,'Alga');
/*!40000 ALTER TABLE `especie` ENABLE KEYS */;
UNLOCK TABLES;

--
-- Table structure for table `lagoa`
--

DROP TABLE IF EXISTS `lagoa`;
/*!40101 SET @saved_cs_client     = @@character_set_client */;
/*!40101 SET character_set_client = utf8 */;
CREATE TABLE `lagoa` (
  `id_lagoa` int(11) NOT NULL AUTO_INCREMENT,
  `id_projeto` int(11) NOT NULL,
  `nome` varchar(100) NOT NULL,
  PRIMARY KEY (`id_lagoa`),
  KEY `id_projeto` (`id_projeto`),
  CONSTRAINT `lagoa_ibfk_1` FOREIGN KEY (`id_projeto`) REFERENCES `projeto` (`id_projeto`) ON DELETE CASCADE ON UPDATE CASCADE
) ENGINE=InnoDB AUTO_INCREMENT=327 DEFAULT CHARSET=utf8;
/*!40101 SET character_set_client = @saved_cs_client */;

--
-- Dumping data for table `lagoa`
--

LOCK TABLES `lagoa` WRITE;
/*!40000 ALTER TABLE `lagoa` DISABLE KEYS */;
INSERT INTO `lagoa` VALUES (285,37,'Imboassica'),(286,37,'Cabiúnas'),(287,37,''),(288,39,'Cabiúnas'),(289,39,'Comprida'),(290,39,'Carapebus'),(291,39,'Ubatuba'),(292,39,'Casa Velha'),(293,39,'Barrinha'),(294,39,'Preta'),(295,39,'Atoleiro'),(296,39,'Bezerra'),(297,39,'Amarra-boi'),(298,39,'Paulista'),(299,39,'iiiiiiii'),(300,40,'Carapebus'),(301,40,'Rio Macaé'),(302,40,'Imboassica'),(303,40,'Cabiúnas '),(304,40,'Comprida'),(305,40,'Periperi'),(306,41,'Imboassica'),(307,41,'Cabiúnas '),(308,41,'Comprida'),(309,41,'Periperi'),(310,41,'Carapebus'),(311,41,'Rio Macaé'),(312,42,'Comprida'),(313,42,'Carapebus'),(314,42,'Ubatuba'),(315,42,'Casa Velha'),(316,42,'Barrinha'),(317,42,'Preta'),(318,42,'Atoleiro'),(319,42,'Bezerra'),(320,42,'Amarra-boi'),(321,43,'Cabiúnas'),(322,43,'Carapebus'),(323,43,'Casa Velha'),(324,43,'Preta'),(325,43,'Bezerra'),(326,35,'Cabiúnas');
/*!40000 ALTER TABLE `lagoa` ENABLE KEYS */;
UNLOCK TABLES;

--
-- Table structure for table `parametro`
--

DROP TABLE IF EXISTS `parametro`;
/*!40101 SET @saved_cs_client     = @@character_set_client */;
/*!40101 SET character_set_client = utf8 */;
CREATE TABLE `parametro` (
  `id_parametro` int(11) NOT NULL AUTO_INCREMENT,
  `nome` varchar(100) NOT NULL,
  `composicao` tinyint(1) NOT NULL DEFAULT '0',
  PRIMARY KEY (`id_parametro`)
) ENGINE=InnoDB AUTO_INCREMENT=638 DEFAULT CHARSET=utf8;
/*!40101 SET character_set_client = @saved_cs_client */;

--
-- Dumping data for table `parametro`
--

LOCK TABLES `parametro` WRITE;
/*!40000 ALTER TABLE `parametro` DISABLE KEYS */;
INSERT INTO `parametro` VALUES (606,'Prof (m)',0),(607,'Secchi (m)',0),(608,'Vento (m/s)',0),(609,'Temperatura ar (',0),(610,'Oxigênio dissolvido (mg/L)',0),(611,'Alcalinidade (uEq/L)',0),(612,'pH',0),(613,'Coliformes totais (NMP/100ml) ',0),(614,'Coliformes fecais (NMP/100ml)',0),(615,'Salinidade',0),(616,'Temperatura ',0),(617,'Condutividade (uS/cm)',0),(618,'Temp.',0),(619,'Sal.',0),(620,'Composição zoo',1),(621,'PROF',0),(622,'Secchi',0),(623,'O2 %',0),(624,'O2 mg/l',0),(625,'Alcalinidade',0),(626,'P Total',0),(627,'P Dissolvido',0),(628,'P Orto',0),(629,'Íon amônio',0),(630,'Nitrato',0),(631,'Silicato',0),(632,'Clo - a',0),(633,'N Total',0),(634,'N Dissolvido',0),(635,'Vento',0),(636,'Temp. ar',0),(637,'Composição Flora',1);
/*!40000 ALTER TABLE `parametro` ENABLE KEYS */;
UNLOCK TABLES;

--
-- Table structure for table `perfil`
--

DROP TABLE IF EXISTS `perfil`;
/*!40101 SET @saved_cs_client     = @@character_set_client */;
/*!40101 SET character_set_client = utf8 */;
CREATE TABLE `perfil` (
  `id_perfil` int(11) NOT NULL AUTO_INCREMENT,
  `nome` varchar(100) NOT NULL,
  PRIMARY KEY (`id_perfil`)
) ENGINE=InnoDB AUTO_INCREMENT=2 DEFAULT CHARSET=latin1;
/*!40101 SET character_set_client = @saved_cs_client */;

--
-- Dumping data for table `perfil`
--

LOCK TABLES `perfil` WRITE;
/*!40000 ALTER TABLE `perfil` DISABLE KEYS */;
INSERT INTO `perfil` VALUES (1,'Administrador');
/*!40000 ALTER TABLE `perfil` ENABLE KEYS */;
UNLOCK TABLES;

--
-- Table structure for table `ponto_amostral`
--

DROP TABLE IF EXISTS `ponto_amostral`;
/*!40101 SET @saved_cs_client     = @@character_set_client */;
/*!40101 SET character_set_client = utf8 */;
CREATE TABLE `ponto_amostral` (
  `id_ponto_amostral` int(11) NOT NULL AUTO_INCREMENT,
  `id_lagoa` int(11) NOT NULL,
  `nome` varchar(100) NOT NULL,
  PRIMARY KEY (`id_ponto_amostral`),
  KEY `id_lagoa` (`id_lagoa`),
  CONSTRAINT `ponto_amostral_ibfk_1` FOREIGN KEY (`id_lagoa`) REFERENCES `lagoa` (`id_lagoa`) ON DELETE CASCADE ON UPDATE CASCADE
) ENGINE=InnoDB AUTO_INCREMENT=926 DEFAULT CHARSET=utf8;
/*!40101 SET character_set_client = @saved_cs_client */;

--
-- Dumping data for table `ponto_amostral`
--

LOCK TABLES `ponto_amostral` WRITE;
/*!40000 ALTER TABLE `ponto_amostral` DISABLE KEYS */;
INSERT INTO `ponto_amostral` VALUES (863,285,'Ponto 1'),(864,285,'Ponto 2'),(865,285,'Ponto 4'),(866,285,'Ponto 5'),(867,286,'Ponto 1'),(868,286,'Ponto 2'),(869,287,''),(870,288,'Ponto 1'),(871,289,'Ponto 2'),(872,290,'Ponto 3'),(873,291,'Ponto 4'),(874,292,'Ponto 5'),(875,293,'Ponto 6'),(876,294,'Ponto 7'),(877,295,'Ponto 8'),(878,296,'Ponto 9'),(879,297,'Ponto 10'),(880,298,'Ponto 11'),(881,299,'iii'),(882,300,'Ponto 1'),(883,300,'Ponto 2'),(884,300,'Ponto 3'),(885,301,'Ponto 1'),(886,301,'Ponto 2'),(887,302,'Ponto 1'),(888,302,'Ponto 2'),(889,302,'Ponto 4'),(890,302,'Ponto 5'),(891,302,'Ponto 6'),(892,303,'Ponto 1'),(893,303,'Ponto 2'),(894,304,'Ponto 1'),(895,305,'Ponto 1'),(896,306,'Ponto 1'),(897,306,'Ponto 2'),(898,306,'Ponto 4'),(899,306,'Ponto 5'),(900,306,'Ponto 6'),(901,307,'Ponto 1'),(902,307,'Ponto 2'),(903,308,'Ponto 1'),(904,309,'Ponto 1'),(905,310,'Ponto 1'),(906,310,'Ponto 2'),(907,310,'Ponto 3'),(908,311,'Ponto 1'),(909,311,'Ponto 2'),(910,312,'Ponto 2'),(911,313,'Ponto 3'),(912,314,'Ponto 4'),(913,315,'Ponto 5'),(914,316,'Ponto 6'),(915,317,'Ponto 7'),(916,318,'Ponto 8'),(917,319,'Ponto 9'),(918,320,'Ponto 10'),(919,321,'Ponto 1'),(920,321,'Ponto 2'),(921,322,'Ponto 3'),(922,323,'Ponto 5'),(923,324,'Ponto 7'),(924,325,'Ponto 9'),(925,326,'Ponto 1');
/*!40000 ALTER TABLE `ponto_amostral` ENABLE KEYS */;
UNLOCK TABLES;

--
-- Table structure for table `projeto`
--

DROP TABLE IF EXISTS `projeto`;
/*!40101 SET @saved_cs_client     = @@character_set_client */;
/*!40101 SET character_set_client = utf8 */;
CREATE TABLE `projeto` (
  `id_projeto` int(11) NOT NULL AUTO_INCREMENT,
  `nome` varchar(200) NOT NULL,
  PRIMARY KEY (`id_projeto`)
) ENGINE=InnoDB AUTO_INCREMENT=44 DEFAULT CHARSET=utf8;
/*!40101 SET character_set_client = @saved_cs_client */;

--
-- Dumping data for table `projeto`
--

LOCK TABLES `projeto` WRITE;
/*!40000 ALTER TABLE `projeto` DISABLE KEYS */;
INSERT INTO `projeto` VALUES (35,'Pro 8'),(36,'Pro 2001'),(37,'Pro 2000'),(38,'Pro 3'),(39,'Pro 2'),(40,'Pro 4'),(41,'Pro 5'),(42,'Pro 6'),(43,'Pro 7');
/*!40000 ALTER TABLE `projeto` ENABLE KEYS */;
UNLOCK TABLES;

--
-- Table structure for table `usuario`
--

DROP TABLE IF EXISTS `usuario`;
/*!40101 SET @saved_cs_client     = @@character_set_client */;
/*!40101 SET character_set_client = utf8 */;
CREATE TABLE `usuario` (
  `id_usuario` int(11) NOT NULL AUTO_INCREMENT,
  `id_perfil` int(11) NOT NULL,
  `login` varchar(8) NOT NULL,
  `senha` varchar(32) NOT NULL,
  `nome` varchar(150) NOT NULL,
  `email` varchar(150) DEFAULT NULL,
  `lastlogin` datetime DEFAULT NULL,
  `lastupdate` timestamp NOT NULL DEFAULT CURRENT_TIMESTAMP ON UPDATE CURRENT_TIMESTAMP,
  PRIMARY KEY (`id_usuario`),
  KEY `usuario_ibfk_1` (`id_perfil`),
  CONSTRAINT `usuario_ibfk_1` FOREIGN KEY (`id_perfil`) REFERENCES `perfil` (`id_perfil`) ON DELETE CASCADE ON UPDATE CASCADE
) ENGINE=InnoDB AUTO_INCREMENT=2 DEFAULT CHARSET=utf8;
/*!40101 SET character_set_client = @saved_cs_client */;

--
-- Dumping data for table `usuario`
--

LOCK TABLES `usuario` WRITE;
/*!40000 ALTER TABLE `usuario` DISABLE KEYS */;
INSERT INTO `usuario` VALUES (1,1,'admin','21232f297a57a5a743894a0e4a801fc3','admin',NULL,'2010-10-03 07:22:47','2010-10-03 10:22:47');
/*!40000 ALTER TABLE `usuario` ENABLE KEYS */;
UNLOCK TABLES;
/*!40103 SET TIME_ZONE=@OLD_TIME_ZONE */;

/*!40101 SET SQL_MODE=@OLD_SQL_MODE */;
/*!40014 SET FOREIGN_KEY_CHECKS=@OLD_FOREIGN_KEY_CHECKS */;
/*!40014 SET UNIQUE_CHECKS=@OLD_UNIQUE_CHECKS */;
/*!40101 SET CHARACTER_SET_CLIENT=@OLD_CHARACTER_SET_CLIENT */;
/*!40101 SET CHARACTER_SET_RESULTS=@OLD_CHARACTER_SET_RESULTS */;
/*!40101 SET COLLATION_CONNECTION=@OLD_COLLATION_CONNECTION */;
/*!40111 SET SQL_NOTES=@OLD_SQL_NOTES */;

-- Dump completed on 2010-10-03  8:02:13
